ImplementationVersion,FamilyKey,Family,ConfigurationOrder,ConfigurationID,Method,Backbone,InternalMethod,RatioKey,Ratio,Run,N_Folds,N_OOF,N_OOF_NonInteraction,N_OOF_Interaction,Accuracy,Precision,Recall,F1,ROC_AUC,PR_AUC,OOF_PairLabel_SHA256,DNN_Seed_Policy,Run_Fit_Seconds,Status,CompletedAt
dnn_oof_v1_fixed_5fold_10run_73configs,enzyme,Enzyme,0,MSCMF__NoDA__NO_DA,MSCMF (No DA),MSCMF,NoDA,NO_DA,No aug.,1,5,295480,292554,2926,0.996182483,0.893263342,0.697881066,0.783576362,0.948794672,0.744644788,9a4b308a3c11823c32e1c1c609304988a47f98b19b712da8cd0e246d5fbe6aa8,not fixed; not saved,244.0044405,PASS,2026-09-01T20:42:17
dnn_oof_v1_fixed_5fold_10run_73configs,enzyme,Enzyme,0,MSCMF__NoDA__NO_DA,MSCMF (No DA),MSCMF,NoDA,NO_DA,No aug.,2,5,295480,292554,2926,0.99617233,0.895200352,0.694805195,0.782374447,0.936206789,0.728702102,9a4b308a3c11823c32e1c1c609304988a47f98b19b712da8cd0e246d5fbe6aa8,not fixed; not saved,207.5615141,PASS,2026-09-01T20:48:07
dnn_oof_v1_fixed_5fold_10run_73configs,enzyme,Enzyme,0,MSCMF__NoDA__NO_DA,MSCMF (No DA),MSCMF,NoDA,NO_DA,No aug.,3,5,295480,292554,2926,0.996250169,0.899736148,0.69924812,0.786923077,0.943553211,0.738074399,9a4b308a3c11823c32e1c1c609304988a47f98b19b712da8cd0e246d5fbe6aa8,not fixed; not saved,219.6024797,PASS,2026-09-01T20:51:58
dnn_oof_v1_fixed_5fold_10run_73configs,enzyme,Enzyme,0,MSCMF__NoDA__NO_DA,MSCMF (No DA),MSCMF,NoDA,NO_DA,No aug.,4,5,295480,292554,2926,0.996087722,0.89159292,0.688653452,0.777092171,0.94456595,0.732261425,9a4b308a3c11823c32e1c1c609304988a47f98b19b712da8cd0e246d5fbe6aa8,not fixed; not saved,225.2204452,PASS,2026-09-01T20:55:54
dnn_oof_v1_fixed_5fold_10run_73configs,enzyme,Enzyme,0,MSCMF__NoDA__NO_DA,MSCMF (No DA),MSCMF,NoDA,NO_DA,No aug.,5,5,295480,292554,2926,0.995911737,0.863674852,0.697197539,0.771558245,0.940570159,0.71554369,9a4b308a3c11823c32e1c1c609304988a47f98b19b712da8cd0e246d5fbe6aa8,not fixed; not saved,218.72963,PASS,2026-09-01T20:59:45
dnn_oof_v1_fixed_5fold_10run_73configs,enzyme,Enzyme,0,MSCMF__NoDA__NO_DA,MSCMF (No DA),MSCMF,NoDA,NO_DA,No aug.,6,5,295480,292554,2926,0.996114796,0.886185925,0.697197539,0.78041316,0.940111535,0.736991677,9a4b308a3c11823c32e1c1c609304988a47f98b19b712da8cd0e246d5fbe6aa8,not fixed; not saved,216.5286789,PASS,2026-09-01T21:03:33
dnn_oof_v1_fixed_5fold_10run_73configs,enzyme,Enzyme,0,MSCMF__NoDA__NO_DA,MSCMF (No DA),MSCMF,NoDA,NO_DA,No aug.,7,5,295480,292554,2926,0.996131718,0.894993354,0.690362269,0.779471349,0.937221267,0.735447264,9a4b308a3c11823c32e1c1c609304988a47f98b19b712da8cd0e246d5fbe6aa8,not fixed; not saved,214.5109587,PASS,2026-09-01T21:07:20
dnn_oof_v1_fixed_5fold_10run_73configs,enzyme,Enzyme,0,MSCMF__NoDA__NO_DA,MSCMF (No DA),MSCMF,NoDA,NO_DA,No aug.,8,5,295480,292554,2926,0.995627454,0.836213992,0.694463431,0.758775205,0.944070944,0.734327498,9a4b308a3c11823c32e1c1c609304988a47f98b19b712da8cd0e246d5fbe6aa8,not fixed; not saved,223.0580671,PASS,2026-09-01T21:11:16
dnn_oof_v1_fixed_5fold_10run_73configs,enzyme,Enzyme,0,MSCMF__NoDA__NO_DA,MSCMF (No DA),MSCMF,NoDA,NO_DA,No aug.,9,5,295480,292554,2926,0.996030188,0.873137505,0.700956938,0.777630332,0.944748022,0.737418209,9a4b308a3c11823c32e1c1c609304988a47f98b19b712da8cd0e246d5fbe6aa8,not fixed; not saved,230.2843115,PASS,2026-09-01T21:15:20
dnn_oof_v1_fixed_5fold_10run_73configs,enzyme,Enzyme,0,MSCMF__NoDA__NO_DA,MSCMF (No DA),MSCMF,NoDA,NO_DA,No aug.,10,5,295480,292554,2926,0.996097875,0.884932696,0.696514012,0.779498948,0.942202335,0.739029962,9a4b308a3c11823c32e1c1c609304988a47f98b19b712da8cd0e246d5fbe6aa8,not fixed; not saved,227.0354311,PASS,2026-09-01T21:19:20
dnn_oof_v1_fixed_5fold_10run_73configs,enzyme,Enzyme,1,MSCMF__WGANGP__50_50,MSCMF (WGAN-GP),MSCMF,WGANGP,50_50,50/50,1,5,295480,292554,2926,0.996155408,0.898841355,0.689336979,0.780270793,0.945111029,0.742897513,9a4b308a3c11823c32e1c1c609304988a47f98b19b712da8cd0e246d5fbe6aa8,not fixed; not saved,423.7092581,PASS,2026-09-01T21:26:39
dnn_oof_v1_fixed_5fold_10run_73configs,enzyme,Enzyme,1,MSCMF__WGANGP__50_50,MSCMF (WGAN-GP),MSCMF,WGANGP,50_50,50/50,2,5,295480,292554,2926,0.996294165,0.90670813,0.697539303,0.788487541,0.942512422,0.741454366,9a4b308a3c11823c32e1c1c609304988a47f98b19b712da8cd0e246d5fbe6aa8,not fixed; not saved,414.4074941,PASS,2026-09-01T21:33:49
dnn_oof_v1_fixed_5fold_10run_73configs,enzyme,Enzyme,1,MSCMF__WGANGP__50_50,MSCMF (WGAN-GP),MSCMF,WGANGP,50_50,50/50,3,5,295480,292554,2926,0.996233248,0.901995565,0.695146958,0.785176607,0.94313878,0.733303146,9a4b308a3c11823c32e1c1c609304988a47f98b19b712da8cd0e246d5fbe6aa8,not fixed; not saved,420.8279994,PASS,2026-09-01T21:41:06
dnn_oof_v1_fixed_5fold_10run_73configs,enzyme,Enzyme,1,MSCMF__WGANGP__50_50,MSCMF (WGAN-GP),MSCMF,WGANGP,50_50,50/50,4,5,295480,292554,2926,0.996057263,0.882659713,0.694121668,0.777118806,0.93376064,0.735212513,9a4b308a3c11823c32e1c1c609304988a47f98b19b712da8cd0e246d5fbe6aa8,not fixed; not saved,412.1152163,PASS,2026-09-01T21:48:14
dnn_oof_v1_fixed_5fold_10run_73configs,enzyme,Enzyme,1,MSCMF__WGANGP__50_50,MSCMF (WGAN-GP),MSCMF,WGANGP,50_50,50/50,5,5,295480,292554,2926,0.99621971,0.900044228,0.695488722,0.784653943,0.940455219,0.73588572,9a4b308a3c11823c32e1c1c609304988a47f98b19b712da8cd0e246d5fbe6aa8,not fixed; not saved,427.9499385,PASS,2026-09-01T21:55:38
dnn_oof_v1_fixed_5fold_10run_73configs,enzyme,Enzyme,1,MSCMF__WGANGP__50_50,MSCMF (WGAN-GP),MSCMF,WGANGP,50_50,50/50,6,5,295480,292554,2926,0.99604711,0.883173496,0.69241285,0.776245211,0.943221131,0.734254984,9a4b308a3c11823c32e1c1c609304988a47f98b19b712da8cd0e246d5fbe6aa8,not fixed; not saved,406.8516216,PASS,2026-09-01T22:02:43
dnn_oof_v1_fixed_5fold_10run_73configs,enzyme,Enzyme,1,MSCMF__WGANGP__50_50,MSCMF (WGAN-GP),MSCMF,WGANGP,50_50,50/50,7,5,295480,292554,2926,0.996084337,0.883066262,0.696855776,0.778987584,0.942767187,0.735208094,9a4b308a3c11823c32e1c1c609304988a47f98b19b712da8cd0e246d5fbe6aa8,not fixed; not saved,364.9575627,PASS,2026-09-01T22:09:04
dnn_oof_v1_fixed_5fold_10run_73configs,enzyme,Enzyme,1,MSCMF__WGANGP__50_50,MSCMF (WGAN-GP),MSCMF,WGANGP,50_50,50/50,8,5,295480,292554,2926,0.996168945,0.903327338,0.686602871,0.780194175,0.943688669,0.743060945,9a4b308a3c11823c32e1c1c609304988a47f98b19b712da8cd0e246d5fbe6aa8,not fixed; not saved,389.9564817,PASS,2026-09-01T22:15:51
dnn_oof_v1_fixed_5fold_10run_73configs,enzyme,Enzyme,1,MSCMF__WGANGP__50_50,MSCMF (WGAN-GP),MSCMF,WGANGP,50_50,50/50,9,5,295480,292554,2926,0.996233248,0.902352419,0.694805195,0.785093647,0.94112875,0.738651105,9a4b308a3c11823c32e1c1c609304988a47f98b19b712da8cd0e246d5fbe6aa8,not fixed; not saved,419.4189959,PASS,2026-09-01T22:23:08
dnn_oof_v1_fixed_5fold_10run_73configs,enzyme,Enzyme,1,MSCMF__WGANGP__50_50,MSCMF (WGAN-GP),MSCMF,WGANGP,50_50,50/50,10,5,295480,292554,2926,0.996067416,0.881818182,0.696172249,0.778074866,0.941061748,0.73697017,9a4b308a3c11823c32e1c1c609304988a47f98b19b712da8cd0e246d5fbe6aa8,not fixed; not saved,407.6824319,PASS,2026-09-01T22:30:13
dnn_oof_v1_fixed_5fold_10run_73configs,enzyme,Enzyme,2,MSCMF__WGANGP__80_20,MSCMF (WGAN-GP),MSCMF,WGANGP,80_20,80/20,1,5,295480,292554,2926,0.996179098,0.902013423,0.688995215,0.781243945,0.943168414,0.73322685,9a4b308a3c11823c32e1c1c609304988a47f98b19b712da8cd0e246d5fbe6aa8,not fixed; not saved,252.5478497,PASS,2026-09-01T22:34:43
dnn_oof_v1_fixed_5fold_10run_73configs,enzyme,Enzyme,2,MSCMF__WGANGP__80_20,MSCMF (WGAN-GP),MSCMF,WGANGP,80_20,80/20,2,5,295480,292554,2926,0.9960708,0.887231242,0.691045796,0.776945245,0.941939882,0.723867638,9a4b308a3c11823c32e1c1c609304988a47f98b19b712da8cd0e246d5fbe6aa8,not fixed; not saved,250.8487923,PASS,2026-09-01T22:39:11
dnn_oof_v1_fixed_5fold_10run_73configs,enzyme,Enzyme,2,MSCMF__WGANGP__80_20,MSCMF (WGAN-GP),MSCMF,WGANGP,80_20,80/20,3,5,295480,292554,2926,0.996280628,0.912043302,0.691045796,0.786311491,0.941018137,0.734597933,9a4b308a3c11823c32e1c1c609304988a47f98b19b712da8cd0e246d5fbe6aa8,not fixed; not saved,239.4629226,PASS,2026-09-01T22:43:28
dnn_oof_v1_fixed_5fold_10run_73configs,enzyme,Enzyme,2,MSCMF__WGANGP__80_20,MSCMF (WGAN-GP),MSCMF,WGANGP,80_20,80/20,4,5,295480,292554,2926,0.995972655,0.878378378,0.688653452,0.772030651,0.946560582,0.733220794,9a4b308a3c11823c32e1c1c609304988a47f98b19b712da8cd0e246d5fbe6aa8,not fixed; not saved,240.2475002,PASS,2026-09-01T22:47:47
dnn_oof_v1_fixed_5fold_10run_73configs,enzyme,Enzyme,2,MSCMF__WGANGP__80_20,MSCMF (WGAN-GP),MSCMF,WGANGP,80_20,80/20,5,5,295480,292554,2926,0.996236632,0.909296029,0.688653452,0.783741735,0.94611896,0.740014641,9a4b308a3c11823c32e1c1c609304988a47f98b19b712da8cd0e246d5fbe6aa8,not fixed; not saved,240.6946464,PASS,2026-09-01T22:52:05
dnn_oof_v1_fixed_5fold_10run_73configs,enzyme,Enzyme,2,MSCMF__WGANGP__80_20,MSCMF (WGAN-GP),MSCMF,WGANGP,80_20,80/20,6,5,295480,292554,2926,0.996240016,0.900308778,0.697539303,0.786058155,0.93800406,0.742181575,9a4b308a3c11823c32e1c1c609304988a47f98b19b712da8cd0e246d5fbe6aa8,not fixed; not saved,239.2651339,PASS,2026-09-01T22:56:23
dnn_oof_v1_fixed_5fold_10run_73configs,enzyme,Enzyme,2,MSCMF__WGANGP__80_20,MSCMF (WGAN-GP),MSCMF,WGANGP,80_20,80/20,7,5,295480,292554,2926,0.996009882,0.887018166,0.684210526,0.772525564,0.945693546,0.732439756,9a4b308a3c11823c32e1c1c609304988a47f98b19b712da8cd0e246d5fbe6aa8,not fixed; not saved,241.5171499,PASS,2026-09-01T23:00:43
dnn_oof_v1_fixed_5fold_10run_73configs,enzyme,Enzyme,2,MSCMF__WGANGP__80_20,MSCMF (WGAN-GP),MSCMF,WGANGP,80_20,80/20,8,5,295480,292554,2926,0.995959117,0.86726039,0.698906357,0.774034822,0.93692236,0.735463311,9a4b308a3c11823c32e1c1c609304988a47f98b19b712da8cd0e246d5fbe6aa8,not fixed; not saved,237.0649476,PASS,2026-09-01T23:04:59
dnn_oof_v1_fixed_5fold_10run_73configs,enzyme,Enzyme,2,MSCMF__WGANGP__80_20,MSCMF (WGAN-GP),MSCMF,WGANGP,80_20,80/20,9,5,295480,292554,2926,0.996280628,0.908724832,0.694121668,0.787056772,0.938424897,0.740895046,9a4b308a3c11823c32e1c1c609304988a47f98b19b712da8cd0e246d5fbe6aa8,not fixed; not saved,239.1449904,PASS,2026-09-01T23:09:17
dnn_oof_v1_fixed_5fold_10run_73configs,enzyme,Enzyme,2,MSCMF__WGANGP__80_20,MSCMF (WGAN-GP),MSCMF,WGANGP,80_20,80/20,10,5,295480,292554,2926,0.996087722,0.88080895,0.699589884,0.779809524,0.945179257,0.741087997,9a4b308a3c11823c32e1c1c609304988a47f98b19b712da8cd0e246d5fbe6aa8,not fixed; not saved,240.6805115,PASS,2026-09-01T23:13:37
dnn_oof_v1_fixed_5fold_10run_73configs,enzyme,Enzyme,3,MSCMF__WGANGP__85_15,MSCMF (WGAN-GP),MSCMF,WGANGP,85_15,85/15,1,5,295480,292554,2926,0.996128334,0.890789474,0.694121668,0.780253554,0.944555878,0.739868213,9a4b308a3c11823c32e1c1c609304988a47f98b19b712da8cd0e246d5fbe6aa8,not fixed; not saved,225.5976212,PASS,2026-09-01T23:17:42
dnn_oof_v1_fixed_5fold_10run_73configs,enzyme,Enzyme,3,MSCMF__WGANGP__85_15,MSCMF (WGAN-GP),MSCMF,WGANGP,85_15,85/15,2,5,295480,292554,2926,0.996263707,0.902030009,0.698564593,0.787365177,0.945672046,0.742260975,9a4b308a3c11823c32e1c1c609304988a47f98b19b712da8cd0e246d5fbe6aa8,not fixed; not saved,228.8994961,PASS,2026-09-01T23:21:51
dnn_oof_v1_fixed_5fold_10run_73configs,enzyme,Enzyme,3,MSCMF__WGANGP__85_15,MSCMF (WGAN-GP),MSCMF,WGANGP,85_15,85/15,3,5,295480,292554,2926,0.996114796,0.892321271,0.691045796,0.778890601,0.943965496,0.736682502,9a4b308a3c11823c32e1c1c609304988a47f98b19b712da8cd0e246d5fbe6aa8,not fixed; not saved,228.3752229,PASS,2026-09-01T23:26:00
dnn_oof_v1_fixed_5fold_10run_73configs,enzyme,Enzyme,3,MSCMF__WGANGP__85_15,MSCMF (WGAN-GP),MSCMF,WGANGP,85_15,85/15,4,5,295480,292554,2926,0.996152024,0.895271763,0.69241285,0.780882636,0.945698831,0.739999222,9a4b308a3c11823c32e1c1c609304988a47f98b19b712da8cd0e246d5fbe6aa8,not fixed; not saved,249.5789368,PASS,2026-09-01T23:30:31
dnn_oof_v1_fixed_5fold_10run_73configs,enzyme,Enzyme,3,MSCMF__WGANGP__85_15,MSCMF (WGAN-GP),MSCMF,WGANGP,85_15,85/15,5,5,295480,292554,2926,0.996124949,0.889034513,0.695488722,0.780441035,0.941647556,0.729937307,9a4b308a3c11823c32e1c1c609304988a47f98b19b712da8cd0e246d5fbe6aa8,not fixed; not saved,266.2371311,PASS,2026-09-01T23:35:19
dnn_oof_v1_fixed_5fold_10run_73configs,enzyme,Enzyme,3,MSCMF__WGANGP__85_15,MSCMF (WGAN-GP),MSCMF,WGANGP,85_15,85/15,6,5,295480,292554,2926,0.996124949,0.887342323,0.697197539,0.780861244,0.945190925,0.735797365,9a4b308a3c11823c32e1c1c609304988a47f98b19b712da8cd0e246d5fbe6aa8,not fixed; not saved,266.9026995,PASS,2026-09-01T23:40:08
dnn_oof_v1_fixed_5fold_10run_73configs,enzyme,Enzyme,3,MSCMF__WGANGP__85_15,MSCMF (WGAN-GP),MSCMF,WGANGP,85_15,85/15,7,5,295480,292554,2926,0.996084337,0.901133787,0.679084074,0.774507893,0.935405816,0.72416964,9a4b308a3c11823c32e1c1c609304988a47f98b19b712da8cd0e246d5fbe6aa8,not fixed; not saved,258.2627056,PASS,2026-09-01T23:44:48
dnn_oof_v1_fixed_5fold_10run_73configs,enzyme,Enzyme,3,MSCMF__WGANGP__85_15,MSCMF (WGAN-GP),MSCMF,WGANGP,85_15,85/15,8,5,295480,292554,2926,0.996036957,0.884699693,0.689678742,0.775110428,0.943398445,0.736430529,9a4b308a3c11823c32e1c1c609304988a47f98b19b712da8cd0e246d5fbe6aa8,not fixed; not saved,239.3861783,PASS,2026-09-01T23:49:11
dnn_oof_v1_fixed_5fold_10run_73configs,enzyme,Enzyme,3,MSCMF__WGANGP__85_15,MSCMF (WGAN-GP),MSCMF,WGANGP,85_15,85/15,9,5,295480,292554,2926,0.996131718,0.894643648,0.690704033,0.779556413,0.943247115,0.735715914,9a4b308a3c11823c32e1c1c609304988a47f98b19b712da8cd0e246d5fbe6aa8,not fixed; not saved,237.7872412,PASS,2026-09-01T23:53:31
dnn_oof_v1_fixed_5fold_10run_73configs,enzyme,Enzyme,3,MSCMF__WGANGP__85_15,MSCMF (WGAN-GP),MSCMF,WGANGP,85_15,85/15,10,5,295480,292554,2926,0.996131718,0.889811981,0.695488722,0.780740457,0.94175089,0.736615022,9a4b308a3c11823c32e1c1c609304988a47f98b19b712da8cd0e246d5fbe6aa8,not fixed; not saved,235.260148,PASS,2026-09-01T23:57:49
dnn_oof_v1_fixed_5fold_10run_73configs,enzyme,Enzyme,4,MSCMF__WGANGP__90_10,MSCMF (WGAN-GP),MSCMF,WGANGP,90_10,Oct-90,1,5,295480,292554,2926,0.996216326,0.909791478,0.685919344,0.782151208,0.941368185,0.733192703,9a4b308a3c11823c32e1c1c609304988a47f98b19b712da8cd0e246d5fbe6aa8,not fixed; not saved,227.1236718,PASS,2026-09-02T00:01:59
dnn_oof_v1_fixed_5fold_10run_73configs,enzyme,Enzyme,4,MSCMF__WGANGP__90_10,MSCMF (WGAN-GP),MSCMF,WGANGP,90_10,Oct-90,2,5,295480,292554,2926,0.996097875,0.894175189,0.687286398,0.777198068,0.947180785,0.737516809,9a4b308a3c11823c32e1c1c609304988a47f98b19b712da8cd0e246d5fbe6aa8,not fixed; not saved,214.5795803,PASS,2026-09-02T00:05:57
dnn_oof_v1_fixed_5fold_10run_73configs,enzyme,Enzyme,4,MSCMF__WGANGP__90_10,MSCMF (WGAN-GP),MSCMF,WGANGP,90_10,Oct-90,3,5,295480,292554,2926,0.996101259,0.888353765,0.693438141,0.778886756,0.942792432,0.734328933,9a4b308a3c11823c32e1c1c609304988a47f98b19b712da8cd0e246d5fbe6aa8,not fixed; not saved,216.1252317,PASS,2026-09-02T00:09:56
dnn_oof_v1_fixed_5fold_10run_73configs,enzyme,Enzyme,4,MSCMF__WGANGP__90_10,MSCMF (WGAN-GP),MSCMF,WGANGP,90_10,Oct-90,4,5,295480,292554,2926,0.996287397,0.899519441,0.703691046,0.789645254,0.945413569,0.738838374,9a4b308a3c11823c32e1c1c609304988a47f98b19b712da8cd0e246d5fbe6aa8,not fixed; not saved,214.9454594,PASS,2026-09-02T00:13:55
dnn_oof_v1_fixed_5fold_10run_73configs,enzyme,Enzyme,4,MSCMF__WGANGP__90_10,MSCMF (WGAN-GP),MSCMF,WGANGP,90_10,Oct-90,5,5,295480,292554,2926,0.995918505,0.86440678,0.697197539,0.77185017,0.945842879,0.741610393,9a4b308a3c11823c32e1c1c609304988a47f98b19b712da8cd0e246d5fbe6aa8,not fixed; not saved,215.4154997,PASS,2026-09-02T00:17:54
dnn_oof_v1_fixed_5fold_10run_73configs,enzyme,Enzyme,4,MSCMF__WGANGP__90_10,MSCMF (WGAN-GP),MSCMF,WGANGP,90_10,Oct-90,6,5,295480,292554,2926,0.996206173,0.891880156,0.701982228,0.785618665,0.94634008,0.745572052,9a4b308a3c11823c32e1c1c609304988a47f98b19b712da8cd0e246d5fbe6aa8,not fixed; not saved,214.7243059,PASS,2026-09-02T00:21:53
dnn_oof_v1_fixed_5fold_10run_73configs,enzyme,Enzyme,4,MSCMF__WGANGP__90_10,MSCMF (WGAN-GP),MSCMF,WGANGP,90_10,Oct-90,7,5,295480,292554,2926,0.996114796,0.892667845,0.690704033,0.778805395,0.943273835,0.730945949,9a4b308a3c11823c32e1c1c609304988a47f98b19b712da8cd0e246d5fbe6aa8,not fixed; not saved,213.5148563,PASS,2026-09-02T00:25:51
dnn_oof_v1_fixed_5fold_10run_73configs,enzyme,Enzyme,4,MSCMF__WGANGP__90_10,MSCMF (WGAN-GP),MSCMF,WGANGP,90_10,Oct-90,8,5,295480,292554,2926,0.996155408,0.892199825,0.695830485,0.78187404,0.949307929,0.740777497,9a4b308a3c11823c32e1c1c609304988a47f98b19b712da8cd0e246d5fbe6aa8,not fixed; not saved,215.2012243,PASS,2026-09-02T00:29:51
dnn_oof_v1_fixed_5fold_10run_73configs,enzyme,Enzyme,4,MSCMF__WGANGP__90_10,MSCMF (WGAN-GP),MSCMF,WGANGP,90_10,Oct-90,9,5,295480,292554,2926,0.9960708,0.89031402,0.687969925,0.776171197,0.935164488,0.738620858,9a4b308a3c11823c32e1c1c609304988a47f98b19b712da8cd0e246d5fbe6aa8,not fixed; not saved,214.9967494,PASS,2026-09-02T00:33:51
dnn_oof_v1_fixed_5fold_10run_73configs,enzyme,Enzyme,4,MSCMF__WGANGP__90_10,MSCMF (WGAN-GP),MSCMF,WGANGP,90_10,Oct-90,10,5,295480,292554,2926,0.995982808,0.873015873,0.695488722,0.774205821,0.940590738,0.73190182,9a4b308a3c11823c32e1c1c609304988a47f98b19b712da8cd0e246d5fbe6aa8,not fixed; not saved,214.390182,PASS,2026-09-02T00:37:51
dnn_oof_v1_fixed_5fold_10run_73configs,enzyme,Enzyme,5,MSCMF__VAE__50_50,MSCMF (VAE),MSCMF,VAE,50_50,50/50,1,5,295480,292554,2926,0.996216326,0.898940865,0.696172249,0.784668721,0.947507672,0.740263102,9a4b308a3c11823c32e1c1c609304988a47f98b19b712da8cd0e246d5fbe6aa8,not fixed; not saved,363.8586452,PASS,2026-09-02T00:44:22
dnn_oof_v1_fixed_5fold_10run_73configs,enzyme,Enzyme,5,MSCMF__VAE__50_50,MSCMF (VAE),MSCMF,VAE,50_50,50/50,2,5,295480,292554,2926,0.996060647,0.891207815,0.685919344,0.775202781,0.938093354,0.727552649,9a4b308a3c11823c32e1c1c609304988a47f98b19b712da8cd0e246d5fbe6aa8,not fixed; not saved,366.2497501,PASS,2026-09-02T00:50:55
dnn_oof_v1_fixed_5fold_10run_73configs,enzyme,Enzyme,5,MSCMF__VAE__50_50,MSCMF (VAE),MSCMF,VAE,50_50,50/50,3,5,295480,292554,2926,0.996067416,0.879518072,0.698564593,0.778666667,0.948484742,0.741746603,9a4b308a3c11823c32e1c1c609304988a47f98b19b712da8cd0e246d5fbe6aa8,not fixed; not saved,374.0259886,PASS,2026-09-02T00:57:36
dnn_oof_v1_fixed_5fold_10run_73configs,enzyme,Enzyme,5,MSCMF__VAE__50_50,MSCMF (VAE),MSCMF,VAE,50_50,50/50,4,5,295480,292554,2926,0.99609449,0.881239243,0.699931647,0.780190476,0.935077735,0.73517947,9a4b308a3c11823c32e1c1c609304988a47f98b19b712da8cd0e246d5fbe6aa8,not fixed; not saved,369.2851758,PASS,2026-09-02T01:04:12
dnn_oof_v1_fixed_5fold_10run_73configs,enzyme,Enzyme,5,MSCMF__VAE__50_50,MSCMF (VAE),MSCMF,VAE,50_50,50/50,5,5,295480,292554,2926,0.996202789,0.903038427,0.690704033,0.782726569,0.935242518,0.733834296,9a4b308a3c11823c32e1c1c609304988a47f98b19b712da8cd0e246d5fbe6aa8,not fixed; not saved,364.6660888,PASS,2026-09-02T01:10:45
dnn_oof_v1_fixed_5fold_10run_73configs,enzyme,Enzyme,5,MSCMF__VAE__50_50,MSCMF (VAE),MSCMF,VAE,50_50,50/50,6,5,295480,292554,2926,0.99614864,0.888695652,0.698564593,0.782242633,0.943372696,0.745329016,9a4b308a3c11823c32e1c1c609304988a47f98b19b712da8cd0e246d5fbe6aa8,not fixed; not saved,370.1293263,PASS,2026-09-02T01:17:22
dnn_oof_v1_fixed_5fold_10run_73configs,enzyme,Enzyme,5,MSCMF__VAE__50_50,MSCMF (VAE),MSCMF,VAE,50_50,50/50,7,5,295480,292554,2926,0.996060647,0.876495726,0.700956938,0.778959362,0.944752277,0.74141441,9a4b308a3c11823c32e1c1c609304988a47f98b19b712da8cd0e246d5fbe6aa8,not fixed; not saved,363.5838377,PASS,2026-09-02T01:23:54
dnn_oof_v1_fixed_5fold_10run_73configs,enzyme,Enzyme,5,MSCMF__VAE__50_50,MSCMF (VAE),MSCMF,VAE,50_50,50/50,8,5,295480,292554,2926,0.996057263,0.886014906,0.690704033,0.776262723,0.942804723,0.735785614,9a4b308a3c11823c32e1c1c609304988a47f98b19b712da8cd0e246d5fbe6aa8,not fixed; not saved,362.5625067,PASS,2026-09-02T01:30:25
dnn_oof_v1_fixed_5fold_10run_73configs,enzyme,Enzyme,5,MSCMF__VAE__50_50,MSCMF (VAE),MSCMF,VAE,50_50,50/50,9,5,295480,292554,2926,0.996192636,0.903992822,0.688653452,0.781765276,0.933708269,0.728565119,9a4b308a3c11823c32e1c1c609304988a47f98b19b712da8cd0e246d5fbe6aa8,not fixed; not saved,361.6179578,PASS,2026-09-02T01:36:55
dnn_oof_v1_fixed_5fold_10run_73configs,enzyme,Enzyme,5,MSCMF__VAE__50_50,MSCMF (VAE),MSCMF,VAE,50_50,50/50,10,5,295480,292554,2926,0.99619602,0.902951699,0.690020506,0.78225494,0.941356088,0.736163179,9a4b308a3c11823c32e1c1c609304988a47f98b19b712da8cd0e246d5fbe6aa8,not fixed; not saved,371.5468066,PASS,2026-09-02T01:43:37
dnn_oof_v1_fixed_5fold_10run_73configs,enzyme,Enzyme,6,MSCMF__VAE__80_20,MSCMF (VAE),MSCMF,VAE,80_20,80/20,1,5,295480,292554,2926,0.996209557,0.902406417,0.692071087,0.783365571,0.940637788,0.739964497,9a4b308a3c11823c32e1c1c609304988a47f98b19b712da8cd0e246d5fbe6aa8,not fixed; not saved,237.2028136,PASS,2026-09-02T01:48:03
dnn_oof_v1_fixed_5fold_10run_73configs,enzyme,Enzyme,6,MSCMF__VAE__80_20,MSCMF (VAE),MSCMF,VAE,80_20,80/20,2,5,295480,292554,2926,0.996168945,0.888985256,0.700615174,0.783639144,0.944862799,0.746188784,9a4b308a3c11823c32e1c1c609304988a47f98b19b712da8cd0e246d5fbe6aa8,not fixed; not saved,253.9172864,PASS,2026-09-02T01:52:47
dnn_oof_v1_fixed_5fold_10run_73configs,enzyme,Enzyme,6,MSCMF__VAE__80_20,MSCMF (VAE),MSCMF,VAE,80_20,80/20,3,5,295480,292554,2926,0.996233248,0.900574459,0.696514012,0.785507805,0.942255093,0.740868525,9a4b308a3c11823c32e1c1c609304988a47f98b19b712da8cd0e246d5fbe6aa8,not fixed; not saved,237.3457446,PASS,2026-09-02T01:57:14
dnn_oof_v1_fixed_5fold_10run_73configs,enzyme,Enzyme,6,MSCMF__VAE__80_20,MSCMF (VAE),MSCMF,VAE,80_20,80/20,4,5,295480,292554,2926,0.99614864,0.900537634,0.686944634,0.77937185,0.938069541,0.736226287,9a4b308a3c11823c32e1c1c609304988a47f98b19b712da8cd0e246d5fbe6aa8,not fixed; not saved,241.4220891,PASS,2026-09-02T02:01:45
dnn_oof_v1_fixed_5fold_10run_73configs,enzyme,Enzyme,6,MSCMF__VAE__80_20,MSCMF (VAE),MSCMF,VAE,80_20,80/20,5,5,295480,292554,2926,0.996067416,0.880500431,0.697539303,0.778413425,0.937578331,0.740640029,9a4b308a3c11823c32e1c1c609304988a47f98b19b712da8cd0e246d5fbe6aa8,not fixed; not saved,238.5227923,PASS,2026-09-02T02:06:14
dnn_oof_v1_fixed_5fold_10run_73configs,enzyme,Enzyme,6,MSCMF__VAE__80_20,MSCMF (VAE),MSCMF,VAE,80_20,80/20,6,5,295480,292554,2926,0.996104643,0.886373531,0.695830485,0.779628566,0.947361811,0.74549356,9a4b308a3c11823c32e1c1c609304988a47f98b19b712da8cd0e246d5fbe6aa8,not fixed; not saved,235.0366454,PASS,2026-09-02T02:10:39
dnn_oof_v1_fixed_5fold_10run_73configs,enzyme,Enzyme,6,MSCMF__VAE__80_20,MSCMF (VAE),MSCMF,VAE,80_20,80/20,7,5,295480,292554,2926,0.996033572,0.872241087,0.702323992,0.778114351,0.945451052,0.747400189,9a4b308a3c11823c32e1c1c609304988a47f98b19b712da8cd0e246d5fbe6aa8,not fixed; not saved,236.8381269,PASS,2026-09-02T02:15:06
dnn_oof_v1_fixed_5fold_10run_73configs,enzyme,Enzyme,6,MSCMF__VAE__80_20,MSCMF (VAE),MSCMF,VAE,80_20,80/20,8,5,295480,292554,2926,0.996175714,0.895594714,0.694805195,0.782525019,0.942335972,0.734916634,9a4b308a3c11823c32e1c1c609304988a47f98b19b712da8cd0e246d5fbe6aa8,not fixed; not saved,238.7563734,PASS,2026-09-02T02:19:36
dnn_oof_v1_fixed_5fold_10run_73configs,enzyme,Enzyme,6,MSCMF__VAE__80_20,MSCMF (VAE),MSCMF,VAE,80_20,80/20,9,5,295480,292554,2926,0.996246785,0.90467706,0.694121668,0.785534713,0.943767796,0.749558715,9a4b308a3c11823c32e1c1c609304988a47f98b19b712da8cd0e246d5fbe6aa8,not fixed; not saved,236.619031,PASS,2026-09-02T02:24:03
dnn_oof_v1_fixed_5fold_10run_73configs,enzyme,Enzyme,6,MSCMF__VAE__80_20,MSCMF (VAE),MSCMF,VAE,80_20,80/20,10,5,295480,292554,2926,0.996080953,0.902550091,0.677375256,0.773916439,0.931729077,0.730707274,9a4b308a3c11823c32e1c1c609304988a47f98b19b712da8cd0e246d5fbe6aa8,not fixed; not saved,237.9585786,PASS,2026-09-02T02:28:33
dnn_oof_v1_fixed_5fold_10run_73configs,enzyme,Enzyme,7,MSCMF__VAE__85_15,MSCMF (VAE),MSCMF,VAE,85_15,85/15,1,5,295480,292554,2926,0.996311087,0.911290323,0.695146958,0.788677782,0.943085054,0.746748628,9a4b308a3c11823c32e1c1c609304988a47f98b19b712da8cd0e246d5fbe6aa8,not fixed; not saved,227.9707632,PASS,2026-09-02T02:32:53
dnn_oof_v1_fixed_5fold_10run_73configs,enzyme,Enzyme,7,MSCMF__VAE__85_15,MSCMF (VAE),MSCMF,VAE,85_15,85/15,2,5,295480,292554,2926,0.996033572,0.884986831,0.688995215,0.774788624,0.93965624,0.731432516,9a4b308a3c11823c32e1c1c609304988a47f98b19b712da8cd0e246d5fbe6aa8,not fixed; not saved,227.491358,PASS,2026-09-02T02:37:12
dnn_oof_v1_fixed_5fold_10run_73configs,enzyme,Enzyme,7,MSCMF__VAE__85_15,MSCMF (VAE),MSCMF,VAE,85_15,85/15,3,5,295480,292554,2926,0.996084337,0.890507726,0.689336979,0.777114236,0.936772762,0.743837934,9a4b308a3c11823c32e1c1c609304988a47f98b19b712da8cd0e246d5fbe6aa8,not fixed; not saved,223.8933263,PASS,2026-09-02T02:41:28
dnn_oof_v1_fixed_5fold_10run_73configs,enzyme,Enzyme,7,MSCMF__VAE__85_15,MSCMF (VAE),MSCMF,VAE,85_15,85/15,4,5,295480,292554,2926,0.996091106,0.89338072,0.687286398,0.776897817,0.946616078,0.742890604,9a4b308a3c11823c32e1c1c609304988a47f98b19b712da8cd0e246d5fbe6aa8,not fixed; not saved,225.7299447,PASS,2026-09-02T02:45:47
dnn_oof_v1_fixed_5fold_10run_73configs,enzyme,Enzyme,7,MSCMF__VAE__85_15,MSCMF (VAE),MSCMF,VAE,85_15,85/15,5,5,295480,292554,2926,0.996243401,0.901769912,0.696514012,0.785962206,0.944691465,0.74457689,9a4b308a3c11823c32e1c1c609304988a47f98b19b712da8cd0e246d5fbe6aa8,not fixed; not saved,228.2812865,PASS,2026-09-02T02:50:08
dnn_oof_v1_fixed_5fold_10run_73configs,enzyme,Enzyme,7,MSCMF__VAE__85_15,MSCMF (VAE),MSCMF,VAE,85_15,85/15,6,5,295480,292554,2926,0.995725599,0.843169624,0.69822283,0.763881099,0.942000355,0.737519844,9a4b308a3c11823c32e1c1c609304988a47f98b19b712da8cd0e246d5fbe6aa8,not fixed; not saved,224.1950932,PASS,2026-09-02T02:54:25
dnn_oof_v1_fixed_5fold_10run_73configs,enzyme,Enzyme,7,MSCMF__VAE__85_15,MSCMF (VAE),MSCMF,VAE,85_15,85/15,7,5,295480,292554,2926,0.996128334,0.898123324,0.686944634,0.778466305,0.938837143,0.739429969,9a4b308a3c11823c32e1c1c609304988a47f98b19b712da8cd0e246d5fbe6aa8,not fixed; not saved,225.3954589,PASS,2026-09-02T02:58:44
dnn_oof_v1_fixed_5fold_10run_73configs,enzyme,Enzyme,7,MSCMF__VAE__85_15,MSCMF (VAE),MSCMF,VAE,85_15,85/15,8,5,295480,292554,2926,0.996267091,0.907465355,0.693779904,0.786364517,0.943716178,0.740949443,9a4b308a3c11823c32e1c1c609304988a47f98b19b712da8cd0e246d5fbe6aa8,not fixed; not saved,227.0679359,PASS,2026-09-02T03:03:06
dnn_oof_v1_fixed_5fold_10run_73configs,enzyme,Enzyme,7,MSCMF__VAE__85_15,MSCMF (VAE),MSCMF,VAE,85_15,85/15,9,5,295480,292554,2926,0.996064031,0.890909091,0.686602871,0.77552596,0.938843729,0.736557836,9a4b308a3c11823c32e1c1c609304988a47f98b19b712da8cd0e246d5fbe6aa8,not fixed; not saved,224.4059713,PASS,2026-09-02T03:07:24
dnn_oof_v1_fixed_5fold_10run_73configs,enzyme,Enzyme,7,MSCMF__VAE__85_15,MSCMF (VAE),MSCMF,VAE,85_15,85/15,10,5,295480,292554,2926,0.995959117,0.865709459,0.700615174,0.774461655,0.949340458,0.737515263,9a4b308a3c11823c32e1c1c609304988a47f98b19b712da8cd0e246d5fbe6aa8,not fixed; not saved,224.2687268,PASS,2026-09-02T03:11:43
dnn_oof_v1_fixed_5fold_10run_73configs,enzyme,Enzyme,8,MSCMF__VAE__90_10,MSCMF (VAE),MSCMF,VAE,90_10,Oct-90,1,5,295480,292554,2926,0.99617233,0.892092617,0.697881066,0.783125599,0.944095306,0.74628387,9a4b308a3c11823c32e1c1c609304988a47f98b19b712da8cd0e246d5fbe6aa8,not fixed; not saved,214.2309718,PASS,2026-09-02T03:15:52
dnn_oof_v1_fixed_5fold_10run_73configs,enzyme,Enzyme,8,MSCMF__VAE__90_10,MSCMF (VAE),MSCMF,VAE,90_10,Oct-90,2,5,295480,292554,2926,0.996216326,0.898940865,0.696172249,0.784668721,0.944445111,0.742199076,9a4b308a3c11823c32e1c1c609304988a47f98b19b712da8cd0e246d5fbe6aa8,not fixed; not saved,214.5019724,PASS,2026-09-02T03:20:01
dnn_oof_v1_fixed_5fold_10run_73configs,enzyme,Enzyme,8,MSCMF__VAE__90_10,MSCMF (VAE),MSCMF,VAE,90_10,Oct-90,3,5,295480,292554,2926,0.996145255,0.894133216,0.692754614,0.780666282,0.943800714,0.736285034,9a4b308a3c11823c32e1c1c609304988a47f98b19b712da8cd0e246d5fbe6aa8,not fixed; not saved,217.8287802,PASS,2026-09-02T03:24:14
dnn_oof_v1_fixed_5fold_10run_73configs,enzyme,Enzyme,8,MSCMF__VAE__90_10,MSCMF (VAE),MSCMF,VAE,90_10,Oct-90,4,5,295480,292554,2926,0.996030188,0.888347364,0.685235817,0.773683195,0.944198314,0.737780388,9a4b308a3c11823c32e1c1c609304988a47f98b19b712da8cd0e246d5fbe6aa8,not fixed; not saved,218.4322059,PASS,2026-09-02T03:28:28
dnn_oof_v1_fixed_5fold_10run_73configs,enzyme,Enzyme,8,MSCMF__VAE__90_10,MSCMF (VAE),MSCMF,VAE,90_10,Oct-90,5,5,295480,292554,2926,0.996101259,0.886324042,0.695488722,0.779394868,0.938165917,0.741784697,9a4b308a3c11823c32e1c1c609304988a47f98b19b712da8cd0e246d5fbe6aa8,not fixed; not saved,214.4260821,PASS,2026-09-02T03:32:39
dnn_oof_v1_fixed_5fold_10run_73configs,enzyme,Enzyme,8,MSCMF__VAE__90_10,MSCMF (VAE),MSCMF,VAE,90_10,Oct-90,6,5,295480,292554,2926,0.996131718,0.886097878,0.69924812,0.781661891,0.947918244,0.750196197,9a4b308a3c11823c32e1c1c609304988a47f98b19b712da8cd0e246d5fbe6aa8,not fixed; not saved,211.7331233,PASS,2026-09-02T03:36:47
dnn_oof_v1_fixed_5fold_10run_73configs,enzyme,Enzyme,8,MSCMF__VAE__90_10,MSCMF (VAE),MSCMF,VAE,90_10,Oct-90,7,5,295480,292554,2926,0.996033572,0.87639485,0.697881066,0.777016743,0.941366155,0.737121746,9a4b308a3c11823c32e1c1c609304988a47f98b19b712da8cd0e246d5fbe6aa8,not fixed; not saved,211.4232805,PASS,2026-09-02T03:40:55
dnn_oof_v1_fixed_5fold_10run_73configs,enzyme,Enzyme,8,MSCMF__VAE__90_10,MSCMF (VAE),MSCMF,VAE,90_10,Oct-90,8,5,295480,292554,2926,0.996192636,0.892374728,0.699931647,0.784524038,0.946127678,0.742284245,9a4b308a3c11823c32e1c1c609304988a47f98b19b712da8cd0e246d5fbe6aa8,not fixed; not saved,214.672106,PASS,2026-09-02T03:45:06
dnn_oof_v1_fixed_5fold_10run_73configs,enzyme,Enzyme,8,MSCMF__VAE__90_10,MSCMF (VAE),MSCMF,VAE,90_10,Oct-90,9,5,295480,292554,2926,0.995959117,0.886607143,0.67874231,0.768873403,0.94743397,0.728671689,9a4b308a3c11823c32e1c1c609304988a47f98b19b712da8cd0e246d5fbe6aa8,not fixed; not saved,214.5320282,PASS,2026-09-02T03:49:18
dnn_oof_v1_fixed_5fold_10run_73configs,enzyme,Enzyme,8,MSCMF__VAE__90_10,MSCMF (VAE),MSCMF,VAE,90_10,Oct-90,10,5,295480,292554,2926,0.995989576,0.869012293,0.700615174,0.775780511,0.941089998,0.743654969,9a4b308a3c11823c32e1c1c609304988a47f98b19b712da8cd0e246d5fbe6aa8,not fixed; not saved,213.1752827,PASS,2026-09-02T03:53:28
dnn_oof_v1_fixed_5fold_10run_73configs,enzyme,Enzyme,25,MSCMF__LatentDiffusion__50_50,Diffusion Model,MSCMF,LatentDiffusion,50_50,50/50,1,5,295480,292554,2926,0.996152024,0.890782001,0.696855776,0.781975072,0.944560157,0.738200859,9a4b308a3c11823c32e1c1c609304988a47f98b19b712da8cd0e246d5fbe6aa8,not fixed; not saved,363.2748556,PASS,2026-09-02T04:00:10
dnn_oof_v1_fixed_5fold_10run_73configs,enzyme,Enzyme,25,MSCMF__LatentDiffusion__50_50,Diffusion Model,MSCMF,LatentDiffusion,50_50,50/50,2,5,295480,292554,2926,0.996087722,0.884782609,0.695488722,0.778798316,0.944651681,0.738600232,9a4b308a3c11823c32e1c1c609304988a47f98b19b712da8cd0e246d5fbe6aa8,not fixed; not saved,382.8484426,PASS,2026-09-02T04:07:12
dnn_oof_v1_fixed_5fold_10run_73configs,enzyme,Enzyme,25,MSCMF__LatentDiffusion__50_50,Diffusion Model,MSCMF,LatentDiffusion,50_50,50/50,3,5,295480,292554,2926,0.996226479,0.902623388,0.693779904,0.784541063,0.942749376,0.739090013,9a4b308a3c11823c32e1c1c609304988a47f98b19b712da8cd0e246d5fbe6aa8,not fixed; not saved,364.7394454,PASS,2026-09-02T04:13:56
dnn_oof_v1_fixed_5fold_10run_73configs,enzyme,Enzyme,25,MSCMF__LatentDiffusion__50_50,Diffusion Model,MSCMF,LatentDiffusion,50_50,50/50,4,5,295480,292554,2926,0.995955733,0.870346598,0.695146958,0.772943188,0.945061869,0.736938347,9a4b308a3c11823c32e1c1c609304988a47f98b19b712da8cd0e246d5fbe6aa8,not fixed; not saved,363.2521381,PASS,2026-09-02T04:20:38
dnn_oof_v1_fixed_5fold_10run_73configs,enzyme,Enzyme,25,MSCMF__LatentDiffusion__50_50,Diffusion Model,MSCMF,LatentDiffusion,50_50,50/50,5,5,295480,292554,2926,0.996128334,0.885047537,0.699931647,0.781679389,0.940653354,0.738830901,9a4b308a3c11823c32e1c1c609304988a47f98b19b712da8cd0e246d5fbe6aa8,not fixed; not saved,361.7427502,PASS,2026-09-02T04:27:20
dnn_oof_v1_fixed_5fold_10run_73configs,enzyme,Enzyme,25,MSCMF__LatentDiffusion__50_50,Diffusion Model,MSCMF,LatentDiffusion,50_50,50/50,6,5,295480,292554,2926,0.996030188,0.878290893,0.695488722,0.776273126,0.941754868,0.735569511,9a4b308a3c11823c32e1c1c609304988a47f98b19b712da8cd0e246d5fbe6aa8,not fixed; not saved,362.2997952,PASS,2026-09-02T04:34:02
dnn_oof_v1_fixed_5fold_10run_73configs,enzyme,Enzyme,25,MSCMF__LatentDiffusion__50_50,Diffusion Model,MSCMF,LatentDiffusion,50_50,50/50,7,5,295480,292554,2926,0.995955733,0.868768641,0.696855776,0.773373791,0.947818376,0.741173455,9a4b308a3c11823c32e1c1c609304988a47f98b19b712da8cd0e246d5fbe6aa8,not fixed; not saved,362.6769881,PASS,2026-09-02T04:40:45
dnn_oof_v1_fixed_5fold_10run_73configs,enzyme,Enzyme,25,MSCMF__LatentDiffusion__50_50,Diffusion Model,MSCMF,LatentDiffusion,50_50,50/50,8,5,295480,292554,2926,0.996182483,0.89533861,0.695830485,0.783076923,0.941194999,0.739028936,9a4b308a3c11823c32e1c1c609304988a47f98b19b712da8cd0e246d5fbe6aa8,not fixed; not saved,362.6675344,PASS,2026-09-02T04:47:28
dnn_oof_v1_fixed_5fold_10run_73configs,enzyme,Enzyme,25,MSCMF__LatentDiffusion__50_50,Diffusion Model,MSCMF,LatentDiffusion,50_50,50/50,9,5,295480,292554,2926,0.996158792,0.898531375,0.690020506,0.780591533,0.93964032,0.731749393,9a4b308a3c11823c32e1c1c609304988a47f98b19b712da8cd0e246d5fbe6aa8,not fixed; not saved,363.3990054,PASS,2026-09-02T04:54:12
dnn_oof_v1_fixed_5fold_10run_73configs,enzyme,Enzyme,25,MSCMF__LatentDiffusion__50_50,Diffusion Model,MSCMF,LatentDiffusion,50_50,50/50,10,5,295480,292554,2926,0.995986192,0.876623377,0.692071087,0.773491215,0.948735088,0.744486291,9a4b308a3c11823c32e1c1c609304988a47f98b19b712da8cd0e246d5fbe6aa8,not fixed; not saved,362.4624426,PASS,2026-09-02T05:00:55
dnn_oof_v1_fixed_5fold_10run_73configs,enzyme,Enzyme,26,MSCMF__LatentDiffusion__80_20,Diffusion Model,MSCMF,LatentDiffusion,80_20,80/20,1,5,295480,292554,2926,0.996158792,0.89747004,0.691045796,0.780845723,0.946359228,0.740020374,9a4b308a3c11823c32e1c1c609304988a47f98b19b712da8cd0e246d5fbe6aa8,not fixed; not saved,239.1024327,PASS,2026-09-02T05:05:35
dnn_oof_v1_fixed_5fold_10run_73configs,enzyme,Enzyme,26,MSCMF__LatentDiffusion__80_20,Diffusion Model,MSCMF,LatentDiffusion,80_20,80/20,2,5,295480,292554,2926,0.99614864,0.884350817,0.703007519,0.78332064,0.951369034,0.747469504,9a4b308a3c11823c32e1c1c609304988a47f98b19b712da8cd0e246d5fbe6aa8,not fixed; not saved,236.5219271,PASS,2026-09-02T05:10:13
dnn_oof_v1_fixed_5fold_10run_73configs,enzyme,Enzyme,26,MSCMF__LatentDiffusion__80_20,Diffusion Model,MSCMF,LatentDiffusion,80_20,80/20,3,5,295480,292554,2926,0.996165561,0.894760018,0.694463431,0.781989609,0.948558648,0.736966364,9a4b308a3c11823c32e1c1c609304988a47f98b19b712da8cd0e246d5fbe6aa8,not fixed; not saved,234.6224878,PASS,2026-09-02T05:14:49
dnn_oof_v1_fixed_5fold_10run_73configs,enzyme,Enzyme,26,MSCMF__LatentDiffusion__80_20,Diffusion Model,MSCMF,LatentDiffusion,80_20,80/20,4,5,295480,292554,2926,0.996168945,0.893076249,0.696514012,0.782642089,0.94766041,0.742316468,9a4b308a3c11823c32e1c1c609304988a47f98b19b712da8cd0e246d5fbe6aa8,not fixed; not saved,237.0539129,PASS,2026-09-02T05:19:28
dnn_oof_v1_fixed_5fold_10run_73configs,enzyme,Enzyme,26,MSCMF__LatentDiffusion__80_20,Diffusion Model,MSCMF,LatentDiffusion,80_20,80/20,5,5,295480,292554,2926,0.996118181,0.896213808,0.687628161,0.778186038,0.942108673,0.745907343,9a4b308a3c11823c32e1c1c609304988a47f98b19b712da8cd0e246d5fbe6aa8,not fixed; not saved,238.0055046,PASS,2026-09-02T05:24:08
dnn_oof_v1_fixed_5fold_10run_73configs,enzyme,Enzyme,26,MSCMF__LatentDiffusion__80_20,Diffusion Model,MSCMF,LatentDiffusion,80_20,80/20,6,5,295480,292554,2926,0.996199404,0.89009087,0.703007519,0.785564254,0.947764052,0.737542129,9a4b308a3c11823c32e1c1c609304988a47f98b19b712da8cd0e246d5fbe6aa8,not fixed; not saved,235.585005,PASS,2026-09-02T05:28:46
dnn_oof_v1_fixed_5fold_10run_73configs,enzyme,Enzyme,26,MSCMF__LatentDiffusion__80_20,Diffusion Model,MSCMF,LatentDiffusion,80_20,80/20,7,5,295480,292554,2926,0.996145255,0.907432741,0.680109364,0.777495605,0.943459698,0.728190138,9a4b308a3c11823c32e1c1c609304988a47f98b19b712da8cd0e246d5fbe6aa8,not fixed; not saved,241.0793698,PASS,2026-09-02T05:33:29
dnn_oof_v1_fixed_5fold_10run_73configs,enzyme,Enzyme,26,MSCMF__LatentDiffusion__80_20,Diffusion Model,MSCMF,LatentDiffusion,80_20,80/20,8,5,295480,292554,2926,0.996155408,0.902066487,0.686261107,0.779503106,0.944946828,0.73727306,9a4b308a3c11823c32e1c1c609304988a47f98b19b712da8cd0e246d5fbe6aa8,not fixed; not saved,238.4696422,PASS,2026-09-02T05:38:10
dnn_oof_v1_fixed_5fold_10run_73configs,enzyme,Enzyme,26,MSCMF__LatentDiffusion__80_20,Diffusion Model,MSCMF,LatentDiffusion,80_20,80/20,9,5,295480,292554,2926,0.996135102,0.892260334,0.693438141,0.780384615,0.949531093,0.750753635,9a4b308a3c11823c32e1c1c609304988a47f98b19b712da8cd0e246d5fbe6aa8,not fixed; not saved,236.0598922,PASS,2026-09-02T05:42:50
dnn_oof_v1_fixed_5fold_10run_73configs,enzyme,Enzyme,26,MSCMF__LatentDiffusion__80_20,Diffusion Model,MSCMF,LatentDiffusion,80_20,80/20,10,5,295480,292554,2926,0.995739136,0.855740504,0.685235817,0.761055229,0.938941796,0.725979204,9a4b308a3c11823c32e1c1c609304988a47f98b19b712da8cd0e246d5fbe6aa8,not fixed; not saved,238.00155,PASS,2026-09-02T05:47:31
dnn_oof_v1_fixed_5fold_10run_73configs,enzyme,Enzyme,27,MSCMF__LatentDiffusion__85_15,Diffusion Model,MSCMF,LatentDiffusion,85_15,85/15,1,5,295480,292554,2926,0.996209557,0.902765388,0.691729323,0.783281734,0.945590509,0.747332316,9a4b308a3c11823c32e1c1c609304988a47f98b19b712da8cd0e246d5fbe6aa8,not fixed; not saved,227.2913599,PASS,2026-09-02T05:52:02
dnn_oof_v1_fixed_5fold_10run_73configs,enzyme,Enzyme,27,MSCMF__LatentDiffusion__85_15,Diffusion Model,MSCMF,LatentDiffusion,85_15,85/15,2,5,295480,292554,2926,0.996077569,0.893892109,0.685235817,0.775778681,0.947158345,0.739055221,9a4b308a3c11823c32e1c1c609304988a47f98b19b712da8cd0e246d5fbe6aa8,not fixed; not saved,225.2521839,PASS,2026-09-02T05:56:32
dnn_oof_v1_fixed_5fold_10run_73configs,enzyme,Enzyme,27,MSCMF__LatentDiffusion__85_15,Diffusion Model,MSCMF,LatentDiffusion,85_15,85/15,3,5,295480,292554,2926,0.996006498,0.879565217,0.69138756,0.774205894,0.947627343,0.740105632,9a4b308a3c11823c32e1c1c609304988a47f98b19b712da8cd0e246d5fbe6aa8,not fixed; not saved,223.0568051,PASS,2026-09-02T06:00:59
dnn_oof_v1_fixed_5fold_10run_73configs,enzyme,Enzyme,27,MSCMF__LatentDiffusion__85_15,Diffusion Model,MSCMF,LatentDiffusion,85_15,85/15,4,5,295480,292554,2926,0.996206173,0.903803132,0.690362269,0.782794032,0.945784499,0.741329538,9a4b308a3c11823c32e1c1c609304988a47f98b19b712da8cd0e246d5fbe6aa8,not fixed; not saved,225.6982694,PASS,2026-09-02T06:05:29
dnn_oof_v1_fixed_5fold_10run_73configs,enzyme,Enzyme,27,MSCMF__LatentDiffusion__85_15,Diffusion Model,MSCMF,LatentDiffusion,85_15,85/15,5,5,295480,292554,2926,0.995728983,0.840425532,0.701982228,0.764990689,0.950184906,0.740563208,9a4b308a3c11823c32e1c1c609304988a47f98b19b712da8cd0e246d5fbe6aa8,not fixed; not saved,227.3720188,PASS,2026-09-02T06:10:01
dnn_oof_v1_fixed_5fold_10run_73configs,enzyme,Enzyme,27,MSCMF__LatentDiffusion__85_15,Diffusion Model,MSCMF,LatentDiffusion,85_15,85/15,6,5,295480,292554,2926,0.995840666,0.854279749,0.69924812,0.769028378,0.940788539,0.737214303,9a4b308a3c11823c32e1c1c609304988a47f98b19b712da8cd0e246d5fbe6aa8,not fixed; not saved,222.2835746,PASS,2026-09-02T06:14:29
dnn_oof_v1_fixed_5fold_10run_73configs,enzyme,Enzyme,27,MSCMF__LatentDiffusion__85_15,Diffusion Model,MSCMF,LatentDiffusion,85_15,85/15,7,5,295480,292554,2926,0.996006498,0.879565217,0.69138756,0.774205894,0.949293364,0.73688541,9a4b308a3c11823c32e1c1c609304988a47f98b19b712da8cd0e246d5fbe6aa8,not fixed; not saved,224.8331375,PASS,2026-09-02T06:18:59
dnn_oof_v1_fixed_5fold_10run_73configs,enzyme,Enzyme,27,MSCMF__LatentDiffusion__85_15,Diffusion Model,MSCMF,LatentDiffusion,85_15,85/15,8,5,295480,292554,2926,0.996185867,0.891597736,0.699931647,0.784223626,0.947834543,0.742554974,9a4b308a3c11823c32e1c1c609304988a47f98b19b712da8cd0e246d5fbe6aa8,not fixed; not saved,228.7177551,PASS,2026-09-02T06:23:34
dnn_oof_v1_fixed_5fold_10run_73configs,enzyme,Enzyme,27,MSCMF__LatentDiffusion__85_15,Diffusion Model,MSCMF,LatentDiffusion,85_15,85/15,9,5,295480,292554,2926,0.99617233,0.892778993,0.697197539,0.782959125,0.942336632,0.734004406,9a4b308a3c11823c32e1c1c609304988a47f98b19b712da8cd0e246d5fbe6aa8,not fixed; not saved,241.3810458,PASS,2026-09-02T06:28:22
dnn_oof_v1_fixed_5fold_10run_73configs,enzyme,Enzyme,27,MSCMF__LatentDiffusion__85_15,Diffusion Model,MSCMF,LatentDiffusion,85_15,85/15,10,5,295480,292554,2926,0.996101259,0.88298791,0.698906357,0.780236551,0.946051663,0.740891624,9a4b308a3c11823c32e1c1c609304988a47f98b19b712da8cd0e246d5fbe6aa8,not fixed; not saved,243.5620623,PASS,2026-09-02T06:33:12
dnn_oof_v1_fixed_5fold_10run_73configs,enzyme,Enzyme,28,MSCMF__LatentDiffusion__90_10,Diffusion Model,MSCMF,LatentDiffusion,90_10,Oct-90,1,5,295480,292554,2926,0.996158792,0.89782319,0.690704033,0.780761059,0.945833568,0.743155088,9a4b308a3c11823c32e1c1c609304988a47f98b19b712da8cd0e246d5fbe6aa8,not fixed; not saved,233.7487621,PASS,2026-09-02T06:37:54
dnn_oof_v1_fixed_5fold_10run_73configs,enzyme,Enzyme,28,MSCMF__LatentDiffusion__90_10,Diffusion Model,MSCMF,LatentDiffusion,90_10,Oct-90,2,5,295480,292554,2926,0.996013267,0.879340278,0.69241285,0.774760994,0.946694794,0.740210128,9a4b308a3c11823c32e1c1c609304988a47f98b19b712da8cd0e246d5fbe6aa8,not fixed; not saved,237.6874719,PASS,2026-09-02T06:42:39
dnn_oof_v1_fixed_5fold_10run_73configs,enzyme,Enzyme,28,MSCMF__LatentDiffusion__90_10,Diffusion Model,MSCMF,LatentDiffusion,90_10,Oct-90,3,5,295480,292554,2926,0.996155408,0.894620811,0.693438141,0.781286099,0.946040457,0.737551793,9a4b308a3c11823c32e1c1c609304988a47f98b19b712da8cd0e246d5fbe6aa8,not fixed; not saved,244.2103751,PASS,2026-09-02T06:47:32
dnn_oof_v1_fixed_5fold_10run_73configs,enzyme,Enzyme,28,MSCMF__LatentDiffusion__90_10,Diffusion Model,MSCMF,LatentDiffusion,90_10,Oct-90,4,5,295480,292554,2926,0.996131718,0.889131384,0.696172249,0.780908568,0.941391915,0.739854042,9a4b308a3c11823c32e1c1c609304988a47f98b19b712da8cd0e246d5fbe6aa8,not fixed; not saved,233.4320376,PASS,2026-09-02T06:52:13
dnn_oof_v1_fixed_5fold_10run_73configs,enzyme,Enzyme,28,MSCMF__LatentDiffusion__90_10,Diffusion Model,MSCMF,LatentDiffusion,90_10,Oct-90,5,5,295480,292554,2926,0.996277244,0.90613879,0.696172249,0.787398531,0.946254468,0.742956409,9a4b308a3c11823c32e1c1c609304988a47f98b19b712da8cd0e246d5fbe6aa8,not fixed; not saved,221.0982244,PASS,2026-09-02T06:56:43
dnn_oof_v1_fixed_5fold_10run_73configs,enzyme,Enzyme,28,MSCMF__LatentDiffusion__90_10,Diffusion Model,MSCMF,LatentDiffusion,90_10,Oct-90,6,5,295480,292554,2926,0.996233248,0.905230219,0.692071087,0.784427658,0.949132298,0.743158942,9a4b308a3c11823c32e1c1c609304988a47f98b19b712da8cd0e246d5fbe6aa8,not fixed; not saved,223.1263783,PASS,2026-09-02T07:01:14
dnn_oof_v1_fixed_5fold_10run_73configs,enzyme,Enzyme,28,MSCMF__LatentDiffusion__90_10,Diffusion Model,MSCMF,LatentDiffusion,90_10,Oct-90,7,5,295480,292554,2926,0.99617233,0.894852618,0.695146958,0.782458165,0.942825046,0.742918045,9a4b308a3c11823c32e1c1c609304988a47f98b19b712da8cd0e246d5fbe6aa8,not fixed; not saved,224.9414685,PASS,2026-09-02T07:05:48
dnn_oof_v1_fixed_5fold_10run_73configs,enzyme,Enzyme,28,MSCMF__LatentDiffusion__90_10,Diffusion Model,MSCMF,LatentDiffusion,90_10,Oct-90,8,5,295480,292554,2926,0.996097875,0.88030888,0.701298701,0.780673388,0.949732724,0.746726734,9a4b308a3c11823c32e1c1c609304988a47f98b19b712da8cd0e246d5fbe6aa8,not fixed; not saved,222.2625406,PASS,2026-09-02T07:10:19
dnn_oof_v1_fixed_5fold_10run_73configs,enzyme,Enzyme,28,MSCMF__LatentDiffusion__90_10,Diffusion Model,MSCMF,LatentDiffusion,90_10,Oct-90,9,5,295480,292554,2926,0.995884662,0.863211555,0.694463431,0.76969697,0.941321776,0.730546289,9a4b308a3c11823c32e1c1c609304988a47f98b19b712da8cd0e246d5fbe6aa8,not fixed; not saved,223.6405668,PASS,2026-09-02T07:14:53
dnn_oof_v1_fixed_5fold_10run_73configs,enzyme,Enzyme,28,MSCMF__LatentDiffusion__90_10,Diffusion Model,MSCMF,LatentDiffusion,90_10,Oct-90,10,5,295480,292554,2926,0.996040341,0.877472055,0.697539303,0.777227723,0.944893992,0.742849331,9a4b308a3c11823c32e1c1c609304988a47f98b19b712da8cd0e246d5fbe6aa8,not fixed; not saved,221.8585961,PASS,2026-09-02T07:19:25
dnn_oof_v1_fixed_5fold_10run_73configs,enzyme,Enzyme,29,MSCMF__ADASYN__50_50,ADASYN,MSCMF,ADASYN,50_50,50/50,1,5,295480,292554,2926,0.995133342,0.787037037,0.697197539,0.739398333,0.941229978,0.675076985,9a4b308a3c11823c32e1c1c609304988a47f98b19b712da8cd0e246d5fbe6aa8,not fixed; not saved,369.2569432,PASS,2026-09-02T07:26:25
dnn_oof_v1_fixed_5fold_10run_73configs,enzyme,Enzyme,29,MSCMF__ADASYN__50_50,ADASYN,MSCMF,ADASYN,50_50,50/50,2,5,295480,292554,2926,0.994564776,0.732230823,0.711209843,0.721567268,0.935670246,0.677525938,9a4b308a3c11823c32e1c1c609304988a47f98b19b712da8cd0e246d5fbe6aa8,not fixed; not saved,361.2804394,PASS,2026-09-02T07:33:16
dnn_oof_v1_fixed_5fold_10run_73configs,enzyme,Enzyme,29,MSCMF__ADASYN__50_50,ADASYN,MSCMF,ADASYN,50_50,50/50,3,5,295480,292554,2926,0.99539732,0.805144193,0.70608339,0.752367079,0.935202845,0.699398939,9a4b308a3c11823c32e1c1c609304988a47f98b19b712da8cd0e246d5fbe6aa8,not fixed; not saved,365.5816393,PASS,2026-09-02T07:40:13
dnn_oof_v1_fixed_5fold_10run_73configs,enzyme,Enzyme,29,MSCMF__ADASYN__50_50,ADASYN,MSCMF,ADASYN,50_50,50/50,4,5,295480,292554,2926,0.995596995,0.829882257,0.698564593,0.758582297,0.941396889,0.70638729,9a4b308a3c11823c32e1c1c609304988a47f98b19b712da8cd0e246d5fbe6aa8,not fixed; not saved,365.028456,PASS,2026-09-02T07:47:09
dnn_oof_v1_fixed_5fold_10run_73configs,enzyme,Enzyme,29,MSCMF__ADASYN__50_50,ADASYN,MSCMF,ADASYN,50_50,50/50,5,5,295480,292554,2926,0.995377014,0.8046875,0.704032809,0.751002552,0.938504051,0.680160448,9a4b308a3c11823c32e1c1c609304988a47f98b19b712da8cd0e246d5fbe6aa8,not fixed; not saved,369.2701275,PASS,2026-09-02T07:54:10
dnn_oof_v1_fixed_5fold_10run_73configs,enzyme,Enzyme,29,MSCMF__ADASYN__50_50,ADASYN,MSCMF,ADASYN,50_50,50/50,6,5,295480,292554,2926,0.995400704,0.806174287,0.7050581,0.752233364,0.942417901,0.704866592,9a4b308a3c11823c32e1c1c609304988a47f98b19b712da8cd0e246d5fbe6aa8,not fixed; not saved,377.091363,PASS,2026-09-02T08:01:19
dnn_oof_v1_fixed_5fold_10run_73configs,enzyme,Enzyme,29,MSCMF__ADASYN__50_50,ADASYN,MSCMF,ADASYN,50_50,50/50,7,5,295480,292554,2926,0.99552254,0.819704826,0.702323992,0.756488128,0.942351889,0.707078953,9a4b308a3c11823c32e1c1c609304988a47f98b19b712da8cd0e246d5fbe6aa8,not fixed; not saved,367.6098888,PASS,2026-09-02T08:08:18
dnn_oof_v1_fixed_5fold_10run_73configs,enzyme,Enzyme,29,MSCMF__ADASYN__50_50,ADASYN,MSCMF,ADASYN,50_50,50/50,8,5,295480,292554,2926,0.995556383,0.824286289,0.700615174,0.757435803,0.940158359,0.701901605,9a4b308a3c11823c32e1c1c609304988a47f98b19b712da8cd0e246d5fbe6aa8,not fixed; not saved,362.7361281,PASS,2026-09-02T08:15:13
dnn_oof_v1_fixed_5fold_10run_73configs,enzyme,Enzyme,29,MSCMF__ADASYN__50_50,ADASYN,MSCMF,ADASYN,50_50,50/50,9,5,295480,292554,2926,0.995607148,0.826645265,0.704032809,0.760428202,0.944026014,0.707518311,9a4b308a3c11823c32e1c1c609304988a47f98b19b712da8cd0e246d5fbe6aa8,not fixed; not saved,370.6205719,PASS,2026-09-02T08:22:16
dnn_oof_v1_fixed_5fold_10run_73configs,enzyme,Enzyme,29,MSCMF__ADASYN__50_50,ADASYN,MSCMF,ADASYN,50_50,50/50,10,5,295480,292554,2926,0.995451469,0.805405405,0.71291866,0.756345178,0.942243297,0.703788516,9a4b308a3c11823c32e1c1c609304988a47f98b19b712da8cd0e246d5fbe6aa8,not fixed; not saved,361.0509574,PASS,2026-09-02T08:29:11
dnn_oof_v1_fixed_5fold_10run_73configs,enzyme,Enzyme,30,MSCMF__ADASYN__80_20,ADASYN,MSCMF,ADASYN,80_20,80/20,1,5,295480,292554,2926,0.995691756,0.837209302,0.701298701,0.763250883,0.936843024,0.724539964,9a4b308a3c11823c32e1c1c609304988a47f98b19b712da8cd0e246d5fbe6aa8,not fixed; not saved,237.9838631,PASS,2026-09-02T08:34:02
dnn_oof_v1_fixed_5fold_10run_73configs,enzyme,Enzyme,30,MSCMF__ADASYN__80_20,ADASYN,MSCMF,ADASYN,80_20,80/20,2,5,295480,292554,2926,0.995123189,0.78924815,0.69241285,0.737666121,0.939199064,0.704703363,9a4b308a3c11823c32e1c1c609304988a47f98b19b712da8cd0e246d5fbe6aa8,not fixed; not saved,242.9961052,PASS,2026-09-02T08:38:58
dnn_oof_v1_fixed_5fold_10run_73configs,enzyme,Enzyme,30,MSCMF__ADASYN__80_20,ADASYN,MSCMF,ADASYN,80_20,80/20,3,5,295480,292554,2926,0.995688371,0.840197694,0.697197539,0.762047068,0.933681134,0.719950317,9a4b308a3c11823c32e1c1c609304988a47f98b19b712da8cd0e246d5fbe6aa8,not fixed; not saved,237.9381113,PASS,2026-09-02T08:43:49
dnn_oof_v1_fixed_5fold_10run_73configs,enzyme,Enzyme,30,MSCMF__ADASYN__80_20,ADASYN,MSCMF,ADASYN,80_20,80/20,4,5,295480,292554,2926,0.995827129,0.857928118,0.693438141,0.766962767,0.935558916,0.707950986,9a4b308a3c11823c32e1c1c609304988a47f98b19b712da8cd0e246d5fbe6aa8,not fixed; not saved,234.4324267,PASS,2026-09-02T08:48:36
dnn_oof_v1_fixed_5fold_10run_73configs,enzyme,Enzyme,30,MSCMF__ADASYN__80_20,ADASYN,MSCMF,ADASYN,80_20,80/20,5,5,295480,292554,2926,0.99564776,0.836065574,0.697197539,0.7603429,0.935132114,0.71423227,9a4b308a3c11823c32e1c1c609304988a47f98b19b712da8cd0e246d5fbe6aa8,not fixed; not saved,239.5730467,PASS,2026-09-02T08:53:30
dnn_oof_v1_fixed_5fold_10run_73configs,enzyme,Enzyme,30,MSCMF__ADASYN__80_20,ADASYN,MSCMF,ADASYN,80_20,80/20,6,5,295480,292554,2926,0.994226344,0.709334248,0.706425154,0.707876712,0.945422187,0.695560675,9a4b308a3c11823c32e1c1c609304988a47f98b19b712da8cd0e246d5fbe6aa8,not fixed; not saved,237.9382391,PASS,2026-09-02T08:58:21
dnn_oof_v1_fixed_5fold_10run_73configs,enzyme,Enzyme,30,MSCMF__ADASYN__80_20,ADASYN,MSCMF,ADASYN,80_20,80/20,7,5,295480,292554,2926,0.995762827,0.843596059,0.702323992,0.766505035,0.942840702,0.728845027,9a4b308a3c11823c32e1c1c609304988a47f98b19b712da8cd0e246d5fbe6aa8,not fixed; not saved,228.064676,PASS,2026-09-02T09:03:04
dnn_oof_v1_fixed_5fold_10run_73configs,enzyme,Enzyme,30,MSCMF__ADASYN__80_20,ADASYN,MSCMF,ADASYN,80_20,80/20,8,5,295480,292554,2926,0.995661297,0.834146341,0.701298701,0.761975492,0.939205097,0.713134583,9a4b308a3c11823c32e1c1c609304988a47f98b19b712da8cd0e246d5fbe6aa8,not fixed; not saved,193.4385645,PASS,2026-09-02T09:07:11
dnn_oof_v1_fixed_5fold_10run_73configs,enzyme,Enzyme,30,MSCMF__ADASYN__80_20,ADASYN,MSCMF,ADASYN,80_20,80/20,9,5,295480,292554,2926,0.995742521,0.842927632,0.700615174,0.7652109,0.941844543,0.714422142,9a4b308a3c11823c32e1c1c609304988a47f98b19b712da8cd0e246d5fbe6aa8,not fixed; not saved,193.5835218,PASS,2026-09-02T09:11:19
dnn_oof_v1_fixed_5fold_10run_73configs,enzyme,Enzyme,30,MSCMF__ADASYN__80_20,ADASYN,MSCMF,ADASYN,80_20,80/20,10,5,295480,292554,2926,0.995837282,0.862703165,0.689336979,0.766337386,0.941278658,0.700728957,9a4b308a3c11823c32e1c1c609304988a47f98b19b712da8cd0e246d5fbe6aa8,not fixed; not saved,193.0200377,PASS,2026-09-02T09:15:27
dnn_oof_v1_fixed_5fold_10run_73configs,enzyme,Enzyme,31,MSCMF__ADASYN__85_15,ADASYN,MSCMF,ADASYN,85_15,85/15,1,5,295480,292554,2926,0.995881278,0.865639709,0.69138756,0.768763063,0.934012345,0.70816029,9a4b308a3c11823c32e1c1c609304988a47f98b19b712da8cd0e246d5fbe6aa8,not fixed; not saved,185.7157438,PASS,2026-09-02T09:19:28
dnn_oof_v1_fixed_5fold_10run_73configs,enzyme,Enzyme,31,MSCMF__ADASYN__85_15,ADASYN,MSCMF,ADASYN,85_15,85/15,2,5,295480,292554,2926,0.995410857,0.813248204,0.696514012,0.750368189,0.938131026,0.719148668,9a4b308a3c11823c32e1c1c609304988a47f98b19b712da8cd0e246d5fbe6aa8,not fixed; not saved,183.770709,PASS,2026-09-02T09:23:27
dnn_oof_v1_fixed_5fold_10run_73configs,enzyme,Enzyme,31,MSCMF__ADASYN__85_15,ADASYN,MSCMF,ADASYN,85_15,85/15,3,5,295480,292554,2926,0.995979423,0.872641509,0.695488722,0.774058577,0.937088045,0.731539801,9a4b308a3c11823c32e1c1c609304988a47f98b19b712da8cd0e246d5fbe6aa8,not fixed; not saved,185.2371087,PASS,2026-09-02T09:27:27
dnn_oof_v1_fixed_5fold_10run_73configs,enzyme,Enzyme,31,MSCMF__ADASYN__85_15,ADASYN,MSCMF,ADASYN,85_15,85/15,4,5,295480,292554,2926,0.995857588,0.865864144,0.688311688,0.766945925,0.940601796,0.7208605,9a4b308a3c11823c32e1c1c609304988a47f98b19b712da8cd0e246d5fbe6aa8,not fixed; not saved,183.8847952,PASS,2026-09-02T09:31:27
dnn_oof_v1_fixed_5fold_10run_73configs,enzyme,Enzyme,31,MSCMF__ADASYN__85_15,ADASYN,MSCMF,ADASYN,85_15,85/15,5,5,295480,292554,2926,0.995911737,0.861836563,0.69924812,0.772075472,0.940599129,0.73422562,9a4b308a3c11823c32e1c1c609304988a47f98b19b712da8cd0e246d5fbe6aa8,not fixed; not saved,183.9004252,PASS,2026-09-02T09:35:27
dnn_oof_v1_fixed_5fold_10run_73configs,enzyme,Enzyme,31,MSCMF__ADASYN__85_15,ADASYN,MSCMF,ADASYN,85_15,85/15,6,5,295480,292554,2926,0.995789901,0.847520661,0.700956938,0.767302656,0.940491131,0.719678356,9a4b308a3c11823c32e1c1c609304988a47f98b19b712da8cd0e246d5fbe6aa8,not fixed; not saved,183.8180721,PASS,2026-09-02T09:39:27
dnn_oof_v1_fixed_5fold_10run_73configs,enzyme,Enzyme,31,MSCMF__ADASYN__85_15,ADASYN,MSCMF,ADASYN,85_15,85/15,7,5,295480,292554,2926,0.99584405,0.864690722,0.687969925,0.766273316,0.939116392,0.716184262,9a4b308a3c11823c32e1c1c609304988a47f98b19b712da8cd0e246d5fbe6aa8,not fixed; not saved,183.0955141,PASS,2026-09-02T09:43:27
dnn_oof_v1_fixed_5fold_10run_73configs,enzyme,Enzyme,31,MSCMF__ADASYN__85_15,ADASYN,MSCMF,ADASYN,85_15,85/15,8,5,295480,292554,2926,0.995925274,0.859949833,0.703007519,0.773599097,0.939310868,0.724916895,9a4b308a3c11823c32e1c1c609304988a47f98b19b712da8cd0e246d5fbe6aa8,not fixed; not saved,183.33178,PASS,2026-09-02T09:47:27
dnn_oof_v1_fixed_5fold_10run_73configs,enzyme,Enzyme,31,MSCMF__ADASYN__85_15,ADASYN,MSCMF,ADASYN,85_15,85/15,9,5,295480,292554,2926,0.995932043,0.862794613,0.700615174,0.773293097,0.945385251,0.733322032,9a4b308a3c11823c32e1c1c609304988a47f98b19b712da8cd0e246d5fbe6aa8,not fixed; not saved,183.4750924,PASS,2026-09-02T09:51:28
dnn_oof_v1_fixed_5fold_10run_73configs,enzyme,Enzyme,31,MSCMF__ADASYN__85_15,ADASYN,MSCMF,ADASYN,85_15,85/15,10,5,295480,292554,2926,0.995610532,0.833401555,0.695830485,0.758428013,0.940960202,0.730010309,9a4b308a3c11823c32e1c1c609304988a47f98b19b712da8cd0e246d5fbe6aa8,not fixed; not saved,183.3713918,PASS,2026-09-02T09:55:29
dnn_oof_v1_fixed_5fold_10run_73configs,enzyme,Enzyme,32,MSCMF__ADASYN__90_10,ADASYN,MSCMF,ADASYN,90_10,Oct-90,1,5,295480,292554,2926,0.996064031,0.875906183,0.701982228,0.779358755,0.934129973,0.731207321,9a4b308a3c11823c32e1c1c609304988a47f98b19b712da8cd0e246d5fbe6aa8,not fixed; not saved,174.1373394,PASS,2026-09-02T09:59:22
dnn_oof_v1_fixed_5fold_10run_73configs,enzyme,Enzyme,32,MSCMF__ADASYN__90_10,ADASYN,MSCMF,ADASYN,90_10,Oct-90,2,5,295480,292554,2926,0.995627454,0.831305758,0.700615174,0.760385757,0.93679053,0.726454496,9a4b308a3c11823c32e1c1c609304988a47f98b19b712da8cd0e246d5fbe6aa8,not fixed; not saved,174.6738718,PASS,2026-09-02T10:03:14
dnn_oof_v1_fixed_5fold_10run_73configs,enzyme,Enzyme,32,MSCMF__ADASYN__90_10,ADASYN,MSCMF,ADASYN,90_10,Oct-90,3,5,295480,292554,2926,0.995982808,0.87624405,0.692071087,0.773343517,0.939520498,0.72827239,9a4b308a3c11823c32e1c1c609304988a47f98b19b712da8cd0e246d5fbe6aa8,not fixed; not saved,177.3369431,PASS,2026-09-02T10:07:10
dnn_oof_v1_fixed_5fold_10run_73configs,enzyme,Enzyme,32,MSCMF__ADASYN__90_10,ADASYN,MSCMF,ADASYN,90_10,Oct-90,4,5,295480,292554,2926,0.995881278,0.862537123,0.694805195,0.769638463,0.940128806,0.718040588,9a4b308a3c11823c32e1c1c609304988a47f98b19b712da8cd0e246d5fbe6aa8,not fixed; not saved,175.4775984,PASS,2026-09-02T10:11:06
dnn_oof_v1_fixed_5fold_10run_73configs,enzyme,Enzyme,32,MSCMF__ADASYN__90_10,ADASYN,MSCMF,ADASYN,90_10,Oct-90,5,5,295480,292554,2926,0.995982808,0.868276154,0.700615174,0.775487044,0.930818701,0.726790243,9a4b308a3c11823c32e1c1c609304988a47f98b19b712da8cd0e246d5fbe6aa8,not fixed; not saved,178.8900924,PASS,2026-09-02T10:15:03
dnn_oof_v1_fixed_5fold_10run_73configs,enzyme,Enzyme,32,MSCMF__ADASYN__90_10,ADASYN,MSCMF,ADASYN,90_10,Oct-90,6,5,295480,292554,2926,0.996097875,0.88030888,0.701298701,0.780673388,0.938093152,0.729681285,9a4b308a3c11823c32e1c1c609304988a47f98b19b712da8cd0e246d5fbe6aa8,not fixed; not saved,174.2637439,PASS,2026-09-02T10:18:57
dnn_oof_v1_fixed_5fold_10run_73configs,enzyme,Enzyme,32,MSCMF__ADASYN__90_10,ADASYN,MSCMF,ADASYN,90_10,Oct-90,7,5,295480,292554,2926,0.995827129,0.869812145,0.680451128,0.763566635,0.94346786,0.723748436,9a4b308a3c11823c32e1c1c609304988a47f98b19b712da8cd0e246d5fbe6aa8,not fixed; not saved,175.3537054,PASS,2026-09-02T10:22:52
dnn_oof_v1_fixed_5fold_10run_73configs,enzyme,Enzyme,32,MSCMF__ADASYN__90_10,ADASYN,MSCMF,ADASYN,90_10,Oct-90,8,5,295480,292554,2926,0.996009882,0.882275711,0.688995215,0.773747841,0.939067722,0.718595276,9a4b308a3c11823c32e1c1c609304988a47f98b19b712da8cd0e246d5fbe6aa8,not fixed; not saved,174.1942589,PASS,2026-09-02T10:26:46
dnn_oof_v1_fixed_5fold_10run_73configs,enzyme,Enzyme,32,MSCMF__ADASYN__90_10,ADASYN,MSCMF,ADASYN,90_10,Oct-90,9,5,295480,292554,2926,0.995965886,0.876629018,0.689678742,0.77199694,0.938472963,0.726974573,9a4b308a3c11823c32e1c1c609304988a47f98b19b712da8cd0e246d5fbe6aa8,not fixed; not saved,176.6017666,PASS,2026-09-02T10:30:43
dnn_oof_v1_fixed_5fold_10run_73configs,enzyme,Enzyme,32,MSCMF__ADASYN__90_10,ADASYN,MSCMF,ADASYN,90_10,Oct-90,10,5,295480,292554,2926,0.995860972,0.854054054,0.701982228,0.770587132,0.943255241,0.729602859,9a4b308a3c11823c32e1c1c609304988a47f98b19b712da8cd0e246d5fbe6aa8,not fixed; not saved,175.1629906,PASS,2026-09-02T10:34:38
dnn_oof_v1_fixed_5fold_10run_73configs,enzyme,Enzyme,33,MSCMF__LatentSampling__50_50,Latent Sampling,MSCMF,LatentSampling,50_50,50/50,1,5,295480,292554,2926,0.996229863,0.900176678,0.696514012,0.785356455,0.930862764,0.74320028,9a4b308a3c11823c32e1c1c609304988a47f98b19b712da8cd0e246d5fbe6aa8,not fixed; not saved,296.078351,PASS,2026-09-02T10:40:37
dnn_oof_v1_fixed_5fold_10run_73configs,enzyme,Enzyme,33,MSCMF__LatentSampling__50_50,Latent Sampling,MSCMF,LatentSampling,50_50,50/50,2,5,295480,292554,2926,0.995962502,0.880210619,0.68557758,0.77079731,0.934970826,0.731275639,9a4b308a3c11823c32e1c1c609304988a47f98b19b712da8cd0e246d5fbe6aa8,not fixed; not saved,294.0632792,PASS,2026-09-02T10:46:32
dnn_oof_v1_fixed_5fold_10run_73configs,enzyme,Enzyme,33,MSCMF__LatentSampling__50_50,Latent Sampling,MSCMF,LatentSampling,50_50,50/50,3,5,295480,292554,2926,0.99609449,0.895889187,0.685235817,0.776529822,0.929995046,0.732978465,9a4b308a3c11823c32e1c1c609304988a47f98b19b712da8cd0e246d5fbe6aa8,not fixed; not saved,296.5074947,PASS,2026-09-02T10:52:31
dnn_oof_v1_fixed_5fold_10run_73configs,enzyme,Enzyme,33,MSCMF__LatentSampling__50_50,Latent Sampling,MSCMF,LatentSampling,50_50,50/50,4,5,295480,292554,2926,0.996243401,0.893073593,0.7050581,0.788006112,0.937458942,0.744190851,9a4b308a3c11823c32e1c1c609304988a47f98b19b712da8cd0e246d5fbe6aa8,not fixed; not saved,295.0037794,PASS,2026-09-02T10:58:28
dnn_oof_v1_fixed_5fold_10run_73configs,enzyme,Enzyme,33,MSCMF__LatentSampling__50_50,Latent Sampling,MSCMF,LatentSampling,50_50,50/50,5,5,295480,292554,2926,0.995867741,0.87604764,0.67874231,0.764875794,0.929721461,0.722982794,9a4b308a3c11823c32e1c1c609304988a47f98b19b712da8cd0e246d5fbe6aa8,not fixed; not saved,293.4632809,PASS,2026-09-02T11:04:24
dnn_oof_v1_fixed_5fold_10run_73configs,enzyme,Enzyme,33,MSCMF__LatentSampling__50_50,Latent Sampling,MSCMF,LatentSampling,50_50,50/50,6,5,295480,292554,2926,0.996199404,0.902635105,0.690704033,0.782575024,0.930489462,0.740095981,9a4b308a3c11823c32e1c1c609304988a47f98b19b712da8cd0e246d5fbe6aa8,not fixed; not saved,294.4998276,PASS,2026-09-02T11:10:22
dnn_oof_v1_fixed_5fold_10run_73configs,enzyme,Enzyme,33,MSCMF__LatentSampling__50_50,Latent Sampling,MSCMF,LatentSampling,50_50,50/50,7,5,295480,292554,2926,0.995603763,0.835187474,0.692754614,0.757332337,0.937332135,0.732972235,9a4b308a3c11823c32e1c1c609304988a47f98b19b712da8cd0e246d5fbe6aa8,not fixed; not saved,294.6631215,PASS,2026-09-02T11:16:19
dnn_oof_v1_fixed_5fold_10run_73configs,enzyme,Enzyme,33,MSCMF__LatentSampling__50_50,Latent Sampling,MSCMF,LatentSampling,50_50,50/50,8,5,295480,292554,2926,0.996030188,0.888691796,0.684894053,0.773595831,0.9280071,0.732297872,9a4b308a3c11823c32e1c1c609304988a47f98b19b712da8cd0e246d5fbe6aa8,not fixed; not saved,294.2671647,PASS,2026-09-02T11:22:17
dnn_oof_v1_fixed_5fold_10run_73configs,enzyme,Enzyme,33,MSCMF__LatentSampling__50_50,Latent Sampling,MSCMF,LatentSampling,50_50,50/50,9,5,295480,292554,2926,0.995600379,0.826243981,0.703691046,0.760059062,0.947005533,0.730820259,9a4b308a3c11823c32e1c1c609304988a47f98b19b712da8cd0e246d5fbe6aa8,not fixed; not saved,294.9835389,PASS,2026-09-02T11:28:16
dnn_oof_v1_fixed_5fold_10run_73configs,enzyme,Enzyme,33,MSCMF__LatentSampling__50_50,Latent Sampling,MSCMF,LatentSampling,50_50,50/50,10,5,295480,292554,2926,0.996246785,0.899692037,0.698906357,0.786689748,0.941769041,0.735317689,9a4b308a3c11823c32e1c1c609304988a47f98b19b712da8cd0e246d5fbe6aa8,not fixed; not saved,294.3536279,PASS,2026-09-02T11:34:14
dnn_oof_v1_fixed_5fold_10run_73configs,enzyme,Enzyme,34,MSCMF__LatentSampling__80_20,Latent Sampling,MSCMF,LatentSampling,80_20,80/20,1,5,295480,292554,2926,0.996158792,0.89747004,0.691045796,0.780845723,0.949082832,0.743611548,9a4b308a3c11823c32e1c1c609304988a47f98b19b712da8cd0e246d5fbe6aa8,not fixed; not saved,195.6829751,PASS,2026-09-02T11:38:34
dnn_oof_v1_fixed_5fold_10run_73configs,enzyme,Enzyme,34,MSCMF__LatentSampling__80_20,Latent Sampling,MSCMF,LatentSampling,80_20,80/20,2,5,295480,292554,2926,0.996175714,0.89664311,0.693779904,0.782273603,0.939004626,0.743956072,9a4b308a3c11823c32e1c1c609304988a47f98b19b712da8cd0e246d5fbe6aa8,not fixed; not saved,193.0924122,PASS,2026-09-02T11:42:52
dnn_oof_v1_fixed_5fold_10run_73configs,enzyme,Enzyme,34,MSCMF__LatentSampling__80_20,Latent Sampling,MSCMF,LatentSampling,80_20,80/20,3,5,295480,292554,2926,0.996111412,0.888500219,0.694463431,0.779589488,0.943273854,0.730282456,9a4b308a3c11823c32e1c1c609304988a47f98b19b712da8cd0e246d5fbe6aa8,not fixed; not saved,193.3371003,PASS,2026-09-02T11:47:09
dnn_oof_v1_fixed_5fold_10run_73configs,enzyme,Enzyme,34,MSCMF__LatentSampling__80_20,Latent Sampling,MSCMF,LatentSampling,80_20,80/20,4,5,295480,292554,2926,0.996009882,0.868720979,0.703349282,0.77733711,0.940669507,0.732908317,9a4b308a3c11823c32e1c1c609304988a47f98b19b712da8cd0e246d5fbe6aa8,not fixed; not saved,194.0797436,PASS,2026-09-02T11:51:28
dnn_oof_v1_fixed_5fold_10run_73configs,enzyme,Enzyme,34,MSCMF__LatentSampling__80_20,Latent Sampling,MSCMF,LatentSampling,80_20,80/20,5,5,295480,292554,2926,0.996003114,0.86829886,0.703007519,0.776959396,0.935972191,0.739903913,9a4b308a3c11823c32e1c1c609304988a47f98b19b712da8cd0e246d5fbe6aa8,not fixed; not saved,195.1912484,PASS,2026-09-02T11:55:49
dnn_oof_v1_fixed_5fold_10run_73configs,enzyme,Enzyme,34,MSCMF__LatentSampling__80_20,Latent Sampling,MSCMF,LatentSampling,80_20,80/20,6,5,295480,292554,2926,0.99596927,0.866188265,0.701298701,0.775070822,0.940027501,0.737950614,9a4b308a3c11823c32e1c1c609304988a47f98b19b712da8cd0e246d5fbe6aa8,not fixed; not saved,195.6191185,PASS,2026-09-02T12:00:10
dnn_oof_v1_fixed_5fold_10run_73configs,enzyme,Enzyme,34,MSCMF__LatentSampling__80_20,Latent Sampling,MSCMF,LatentSampling,80_20,80/20,7,5,295480,292554,2926,0.996185867,0.901383311,0.690362269,0.78188504,0.935924838,0.734157084,9a4b308a3c11823c32e1c1c609304988a47f98b19b712da8cd0e246d5fbe6aa8,not fixed; not saved,193.6416438,PASS,2026-09-02T12:04:29
dnn_oof_v1_fixed_5fold_10run_73configs,enzyme,Enzyme,34,MSCMF__LatentSampling__80_20,Latent Sampling,MSCMF,LatentSampling,80_20,80/20,8,5,295480,292554,2926,0.996223095,0.903657449,0.69241285,0.784055728,0.941243799,0.741158759,9a4b308a3c11823c32e1c1c609304988a47f98b19b712da8cd0e246d5fbe6aa8,not fixed; not saved,193.7837443,PASS,2026-09-02T12:08:49
dnn_oof_v1_fixed_5fold_10run_73configs,enzyme,Enzyme,34,MSCMF__LatentSampling__80_20,Latent Sampling,MSCMF,LatentSampling,80_20,80/20,9,5,295480,292554,2926,0.996111412,0.884465599,0.698564593,0.78059958,0.94230559,0.744574754,9a4b308a3c11823c32e1c1c609304988a47f98b19b712da8cd0e246d5fbe6aa8,not fixed; not saved,193.0352232,PASS,2026-09-02T12:13:08
dnn_oof_v1_fixed_5fold_10run_73configs,enzyme,Enzyme,34,MSCMF__LatentSampling__80_20,Latent Sampling,MSCMF,LatentSampling,80_20,80/20,10,5,295480,292554,2926,0.995982808,0.873657069,0.694805195,0.774033885,0.937810271,0.740595978,9a4b308a3c11823c32e1c1c609304988a47f98b19b712da8cd0e246d5fbe6aa8,not fixed; not saved,192.8024797,PASS,2026-09-02T12:17:28
dnn_oof_v1_fixed_5fold_10run_73configs,enzyme,Enzyme,35,MSCMF__LatentSampling__85_15,Latent Sampling,MSCMF,LatentSampling,85_15,85/15,1,5,295480,292554,2926,0.996240016,0.907498877,0.690704033,0.784397438,0.941408265,0.740168772,9a4b308a3c11823c32e1c1c609304988a47f98b19b712da8cd0e246d5fbe6aa8,not fixed; not saved,184.1456616,PASS,2026-09-02T12:21:39
dnn_oof_v1_fixed_5fold_10run_73configs,enzyme,Enzyme,35,MSCMF__LatentSampling__85_15,Latent Sampling,MSCMF,LatentSampling,85_15,85/15,2,5,295480,292554,2926,0.996057263,0.882992605,0.693779904,0.777033493,0.941760061,0.737153073,9a4b308a3c11823c32e1c1c609304988a47f98b19b712da8cd0e246d5fbe6aa8,not fixed; not saved,184.5363822,PASS,2026-09-02T12:25:51
dnn_oof_v1_fixed_5fold_10run_73configs,enzyme,Enzyme,35,MSCMF__LatentSampling__85_15,Latent Sampling,MSCMF,LatentSampling,85_15,85/15,3,5,295480,292554,2926,0.996030188,0.880921339,0.692754614,0.775588292,0.93898735,0.737311938,9a4b308a3c11823c32e1c1c609304988a47f98b19b712da8cd0e246d5fbe6aa8,not fixed; not saved,185.2709458,PASS,2026-09-02T12:30:04
dnn_oof_v1_fixed_5fold_10run_73configs,enzyme,Enzyme,35,MSCMF__LatentSampling__85_15,Latent Sampling,MSCMF,LatentSampling,85_15,85/15,4,5,295480,292554,2926,0.996087722,0.893333333,0.686944634,0.776661515,0.948071537,0.75297531,9a4b308a3c11823c32e1c1c609304988a47f98b19b712da8cd0e246d5fbe6aa8,not fixed; not saved,184.1289907,PASS,2026-09-02T12:34:15
dnn_oof_v1_fixed_5fold_10run_73configs,enzyme,Enzyme,35,MSCMF__LatentSampling__85_15,Latent Sampling,MSCMF,LatentSampling,85_15,85/15,5,5,295480,292554,2926,0.995850819,0.85475793,0.699931647,0.769635475,0.931783926,0.728094828,9a4b308a3c11823c32e1c1c609304988a47f98b19b712da8cd0e246d5fbe6aa8,not fixed; not saved,183.086422,PASS,2026-09-02T12:38:27
dnn_oof_v1_fixed_5fold_10run_73configs,enzyme,Enzyme,35,MSCMF__LatentSampling__85_15,Latent Sampling,MSCMF,LatentSampling,85_15,85/15,6,5,295480,292554,2926,0.996277244,0.907225691,0.695146958,0.787151703,0.940987966,0.743356228,9a4b308a3c11823c32e1c1c609304988a47f98b19b712da8cd0e246d5fbe6aa8,not fixed; not saved,247.3860176,PASS,2026-09-02T12:43:46
dnn_oof_v1_fixed_5fold_10run_73configs,enzyme,Enzyme,35,MSCMF__LatentSampling__85_15,Latent Sampling,MSCMF,LatentSampling,85_15,85/15,7,5,295480,292554,2926,0.995668066,0.843489149,0.690704033,0.759488914,0.941474851,0.736417528,9a4b308a3c11823c32e1c1c609304988a47f98b19b712da8cd0e246d5fbe6aa8,not fixed; not saved,228.120409,PASS,2026-09-02T12:48:43
dnn_oof_v1_fixed_5fold_10run_73configs,enzyme,Enzyme,35,MSCMF__LatentSampling__85_15,Latent Sampling,MSCMF,LatentSampling,85_15,85/15,8,5,295480,292554,2926,0.996165561,0.895107977,0.694121668,0.781905679,0.941191935,0.739770737,9a4b308a3c11823c32e1c1c609304988a47f98b19b712da8cd0e246d5fbe6aa8,not fixed; not saved,227.8215756,PASS,2026-09-02T12:53:41
dnn_oof_v1_fixed_5fold_10run_73configs,enzyme,Enzyme,35,MSCMF__LatentSampling__85_15,Latent Sampling,MSCMF,LatentSampling,85_15,85/15,9,5,295480,292554,2926,0.996270475,0.910441044,0.69138756,0.785936286,0.938544547,0.740726821,9a4b308a3c11823c32e1c1c609304988a47f98b19b712da8cd0e246d5fbe6aa8,not fixed; not saved,229.4654853,PASS,2026-09-02T12:58:41
dnn_oof_v1_fixed_5fold_10run_73configs,enzyme,Enzyme,35,MSCMF__LatentSampling__85_15,Latent Sampling,MSCMF,LatentSampling,85_15,85/15,10,5,295480,292554,2926,0.996091106,0.893730547,0.686944634,0.776811594,0.944265773,0.737868898,9a4b308a3c11823c32e1c1c609304988a47f98b19b712da8cd0e246d5fbe6aa8,not fixed; not saved,229.0049436,PASS,2026-09-02T13:03:40
dnn_oof_v1_fixed_5fold_10run_73configs,enzyme,Enzyme,36,MSCMF__LatentSampling__90_10,Latent Sampling,MSCMF,LatentSampling,90_10,Oct-90,1,5,295480,292554,2926,0.996057263,0.890119628,0.686602871,0.775226703,0.939163933,0.739268752,9a4b308a3c11823c32e1c1c609304988a47f98b19b712da8cd0e246d5fbe6aa8,not fixed; not saved,216.4394894,PASS,2026-09-02T13:08:27
dnn_oof_v1_fixed_5fold_10run_73configs,enzyme,Enzyme,36,MSCMF__LatentSampling__90_10,Latent Sampling,MSCMF,LatentSampling,90_10,Oct-90,2,5,295480,292554,2926,0.996064031,0.873358746,0.704716336,0.78002648,0.938254447,0.745150985,9a4b308a3c11823c32e1c1c609304988a47f98b19b712da8cd0e246d5fbe6aa8,not fixed; not saved,216.9180758,PASS,2026-09-02T13:13:15
dnn_oof_v1_fixed_5fold_10run_73configs,enzyme,Enzyme,36,MSCMF__LatentSampling__90_10,Latent Sampling,MSCMF,LatentSampling,90_10,Oct-90,3,5,295480,292554,2926,0.996229863,0.894599303,0.701982228,0.786671773,0.945869155,0.741468705,9a4b308a3c11823c32e1c1c609304988a47f98b19b712da8cd0e246d5fbe6aa8,not fixed; not saved,213.3138323,PASS,2026-09-02T13:18:00
dnn_oof_v1_fixed_5fold_10run_73configs,enzyme,Enzyme,36,MSCMF__LatentSampling__90_10,Latent Sampling,MSCMF,LatentSampling,90_10,Oct-90,4,5,295480,292554,2926,0.996175714,0.895594714,0.694805195,0.782525019,0.945742966,0.742488846,9a4b308a3c11823c32e1c1c609304988a47f98b19b712da8cd0e246d5fbe6aa8,not fixed; not saved,219.3099751,PASS,2026-09-02T13:22:51
dnn_oof_v1_fixed_5fold_10run_73configs,enzyme,Enzyme,36,MSCMF__LatentSampling__90_10,Latent Sampling,MSCMF,LatentSampling,90_10,Oct-90,5,5,295480,292554,2926,0.99592189,0.870426173,0.691045796,0.770432463,0.943498146,0.741823179,9a4b308a3c11823c32e1c1c609304988a47f98b19b712da8cd0e246d5fbe6aa8,not fixed; not saved,216.7431545,PASS,2026-09-02T13:27:39
dnn_oof_v1_fixed_5fold_10run_73configs,enzyme,Enzyme,36,MSCMF__LatentSampling__90_10,Latent Sampling,MSCMF,LatentSampling,90_10,Oct-90,6,5,295480,292554,2926,0.996080953,0.886363636,0.693096377,0.777905639,0.942879637,0.744829169,9a4b308a3c11823c32e1c1c609304988a47f98b19b712da8cd0e246d5fbe6aa8,not fixed; not saved,220.3739831,PASS,2026-09-02T13:32:32
dnn_oof_v1_fixed_5fold_10run_73configs,enzyme,Enzyme,36,MSCMF__LatentSampling__90_10,Latent Sampling,MSCMF,LatentSampling,90_10,Oct-90,7,5,295480,292554,2926,0.995810207,0.859761296,0.689336979,0.765174507,0.937563992,0.737982595,9a4b308a3c11823c32e1c1c609304988a47f98b19b712da8cd0e246d5fbe6aa8,not fixed; not saved,218.4659746,PASS,2026-09-02T13:37:23
dnn_oof_v1_fixed_5fold_10run_73configs,enzyme,Enzyme,36,MSCMF__LatentSampling__90_10,Latent Sampling,MSCMF,LatentSampling,90_10,Oct-90,8,5,295480,292554,2926,0.996209557,0.898148148,0.696172249,0.784366577,0.943174873,0.745630502,9a4b308a3c11823c32e1c1c609304988a47f98b19b712da8cd0e246d5fbe6aa8,not fixed; not saved,217.5516641,PASS,2026-09-02T13:42:13
dnn_oof_v1_fixed_5fold_10run_73configs,enzyme,Enzyme,36,MSCMF__LatentSampling__90_10,Latent Sampling,MSCMF,LatentSampling,90_10,Oct-90,9,5,295480,292554,2926,0.995739136,0.839511202,0.704374573,0.766028619,0.93947563,0.734626667,9a4b308a3c11823c32e1c1c609304988a47f98b19b712da8cd0e246d5fbe6aa8,not fixed; not saved,213.8036664,PASS,2026-09-02T13:47:00
dnn_oof_v1_fixed_5fold_10run_73configs,enzyme,Enzyme,36,MSCMF__LatentSampling__90_10,Latent Sampling,MSCMF,LatentSampling,90_10,Oct-90,10,5,295480,292554,2926,0.996192636,0.89169204,0.700615174,0.784688995,0.932512743,0.743148089,9a4b308a3c11823c32e1c1c609304988a47f98b19b712da8cd0e246d5fbe6aa8,not fixed; not saved,218.3101304,PASS,2026-09-02T13:51:52
dnn_oof_v1_fixed_5fold_10run_73configs,enzyme,Enzyme,37,MSCMF__NoiseInjection__50_50,Noise Injection,MSCMF,NoiseInjection,50_50,50/50,1,5,295480,292554,2926,0.99554623,0.811532508,0.716678059,0.761161525,0.937455465,0.736518689,9a4b308a3c11823c32e1c1c609304988a47f98b19b712da8cd0e246d5fbe6aa8,not fixed; not saved,374.6732695,PASS,2026-09-02T13:59:21
dnn_oof_v1_fixed_5fold_10run_73configs,enzyme,Enzyme,37,MSCMF__NoiseInjection__50_50,Noise Injection,MSCMF,NoiseInjection,50_50,50/50,2,5,295480,292554,2926,0.995231488,0.78482914,0.714285714,0.747897656,0.938243472,0.732673648,9a4b308a3c11823c32e1c1c609304988a47f98b19b712da8cd0e246d5fbe6aa8,not fixed; not saved,363.9817533,PASS,2026-09-02T14:06:39
dnn_oof_v1_fixed_5fold_10run_73configs,enzyme,Enzyme,37,MSCMF__NoiseInjection__50_50,Noise Injection,MSCMF,NoiseInjection,50_50,50/50,3,5,295480,292554,2926,0.995390551,0.799846626,0.71291866,0.753885074,0.94102846,0.736517779,9a4b308a3c11823c32e1c1c609304988a47f98b19b712da8cd0e246d5fbe6aa8,not fixed; not saved,373.0645437,PASS,2026-09-02T14:14:07
dnn_oof_v1_fixed_5fold_10run_73configs,enzyme,Enzyme,37,MSCMF__NoiseInjection__50_50,Noise Injection,MSCMF,NoiseInjection,50_50,50/50,4,5,295480,292554,2926,0.995163801,0.777324935,0.717019822,0.745955556,0.93901412,0.736428978,9a4b308a3c11823c32e1c1c609304988a47f98b19b712da8cd0e246d5fbe6aa8,not fixed; not saved,368.1340029,PASS,2026-09-02T14:21:30
dnn_oof_v1_fixed_5fold_10run_73configs,enzyme,Enzyme,37,MSCMF__NoiseInjection__50_50,Noise Injection,MSCMF,NoiseInjection,50_50,50/50,5,5,295480,292554,2926,0.995316096,0.793155894,0.71291866,0.750899928,0.943178739,0.744295365,9a4b308a3c11823c32e1c1c609304988a47f98b19b712da8cd0e246d5fbe6aa8,not fixed; not saved,367.7536108,PASS,2026-09-02T14:28:53
dnn_oof_v1_fixed_5fold_10run_73configs,enzyme,Enzyme,37,MSCMF__NoiseInjection__50_50,Noise Injection,MSCMF,NoiseInjection,50_50,50/50,6,5,295480,292554,2926,0.994950589,0.757913669,0.720095694,0.738520855,0.943153724,0.740273306,9a4b308a3c11823c32e1c1c609304988a47f98b19b712da8cd0e246d5fbe6aa8,not fixed; not saved,363.3404543,PASS,2026-09-02T14:36:12
dnn_oof_v1_fixed_5fold_10run_73configs,enzyme,Enzyme,37,MSCMF__NoiseInjection__50_50,Noise Injection,MSCMF,NoiseInjection,50_50,50/50,7,5,295480,292554,2926,0.995245025,0.786656615,0.713260424,0.748162753,0.9430392,0.742408299,9a4b308a3c11823c32e1c1c609304988a47f98b19b712da8cd0e246d5fbe6aa8,not fixed; not saved,372.8759823,PASS,2026-09-02T14:43:42
dnn_oof_v1_fixed_5fold_10run_73configs,enzyme,Enzyme,37,MSCMF__NoiseInjection__50_50,Noise Injection,MSCMF,NoiseInjection,50_50,50/50,8,5,295480,292554,2926,0.995289021,0.790750569,0.71291866,0.749820273,0.944481287,0.741492595,9a4b308a3c11823c32e1c1c609304988a47f98b19b712da8cd0e246d5fbe6aa8,not fixed; not saved,363.8320439,PASS,2026-09-02T14:51:02
dnn_oof_v1_fixed_5fold_10run_73configs,enzyme,Enzyme,37,MSCMF__NoiseInjection__50_50,Noise Injection,MSCMF,NoiseInjection,50_50,50/50,9,5,295480,292554,2926,0.995123189,0.773078338,0.718386876,0.744729849,0.946827131,0.733136416,9a4b308a3c11823c32e1c1c609304988a47f98b19b712da8cd0e246d5fbe6aa8,not fixed; not saved,369.0520775,PASS,2026-09-02T14:58:27
dnn_oof_v1_fixed_5fold_10run_73configs,enzyme,Enzyme,37,MSCMF__NoiseInjection__50_50,Noise Injection,MSCMF,NoiseInjection,50_50,50/50,10,5,295480,292554,2926,0.994974279,0.760390314,0.719070403,0.739153346,0.942138291,0.738916814,9a4b308a3c11823c32e1c1c609304988a47f98b19b712da8cd0e246d5fbe6aa8,not fixed; not saved,376.6113596,PASS,2026-09-02T15:06:02
dnn_oof_v1_fixed_5fold_10run_73configs,enzyme,Enzyme,38,MSCMF__NoiseInjection__80_20,Noise Injection,MSCMF,NoiseInjection,80_20,80/20,1,5,295480,292554,2926,0.99542101,0.80662768,0.707108681,0.753596795,0.944361501,0.738293333,9a4b308a3c11823c32e1c1c609304988a47f98b19b712da8cd0e246d5fbe6aa8,not fixed; not saved,240.1108756,PASS,2026-09-02T15:11:19
dnn_oof_v1_fixed_5fold_10run_73configs,enzyme,Enzyme,38,MSCMF__NoiseInjection__80_20,Noise Injection,MSCMF,NoiseInjection,80_20,80/20,2,5,295480,292554,2926,0.995495465,0.807321773,0.715994532,0.758920485,0.940316684,0.733714158,9a4b308a3c11823c32e1c1c609304988a47f98b19b712da8cd0e246d5fbe6aa8,not fixed; not saved,250.0910389,PASS,2026-09-02T15:16:47
dnn_oof_v1_fixed_5fold_10run_73configs,enzyme,Enzyme,38,MSCMF__NoiseInjection__80_20,Noise Injection,MSCMF,NoiseInjection,80_20,80/20,3,5,295480,292554,2926,0.995495465,0.812622501,0.708475735,0.75698375,0.941571966,0.740198921,9a4b308a3c11823c32e1c1c609304988a47f98b19b712da8cd0e246d5fbe6aa8,not fixed; not saved,241.746665,PASS,2026-09-02T15:22:06
dnn_oof_v1_fixed_5fold_10run_73configs,enzyme,Enzyme,38,MSCMF__NoiseInjection__80_20,Noise Injection,MSCMF,NoiseInjection,80_20,80/20,4,5,295480,292554,2926,0.994879518,0.758129339,0.709159262,0.732827123,0.940055298,0.720744159,9a4b308a3c11823c32e1c1c609304988a47f98b19b712da8cd0e246d5fbe6aa8,not fixed; not saved,239.6359797,PASS,2026-09-02T15:27:23
dnn_oof_v1_fixed_5fold_10run_73configs,enzyme,Enzyme,38,MSCMF__NoiseInjection__80_20,Noise Injection,MSCMF,NoiseInjection,80_20,80/20,5,5,295480,292554,2926,0.995627454,0.826017558,0.707450444,0.762150221,0.941773123,0.730117128,9a4b308a3c11823c32e1c1c609304988a47f98b19b712da8cd0e246d5fbe6aa8,not fixed; not saved,237.6959608,PASS,2026-09-02T15:32:39
dnn_oof_v1_fixed_5fold_10run_73configs,enzyme,Enzyme,38,MSCMF__NoiseInjection__80_20,Noise Injection,MSCMF,NoiseInjection,80_20,80/20,6,5,295480,292554,2926,0.995427779,0.807737397,0.706425154,0.753691887,0.9446876,0.737063162,9a4b308a3c11823c32e1c1c609304988a47f98b19b712da8cd0e246d5fbe6aa8,not fixed; not saved,240.1783483,PASS,2026-09-02T15:37:58
dnn_oof_v1_fixed_5fold_10run_73configs,enzyme,Enzyme,38,MSCMF__NoiseInjection__80_20,Noise Injection,MSCMF,NoiseInjection,80_20,80/20,7,5,295480,292554,2926,0.995465006,0.809765625,0.708475735,0.755741888,0.943687678,0.739086886,9a4b308a3c11823c32e1c1c609304988a47f98b19b712da8cd0e246d5fbe6aa8,not fixed; not saved,243.8868022,PASS,2026-09-02T15:43:22
dnn_oof_v1_fixed_5fold_10run_73configs,enzyme,Enzyme,38,MSCMF__NoiseInjection__80_20,Noise Injection,MSCMF,NoiseInjection,80_20,80/20,8,5,295480,292554,2926,0.995180723,0.780852655,0.713602187,0.745714286,0.945685907,0.744815343,9a4b308a3c11823c32e1c1c609304988a47f98b19b712da8cd0e246d5fbe6aa8,not fixed; not saved,237.1620233,PASS,2026-09-02T15:48:38
dnn_oof_v1_fixed_5fold_10run_73configs,enzyme,Enzyme,38,MSCMF__NoiseInjection__80_20,Noise Injection,MSCMF,NoiseInjection,80_20,80/20,9,5,295480,292554,2926,0.99554623,0.815934066,0.710526316,0.759590793,0.945256827,0.741163022,9a4b308a3c11823c32e1c1c609304988a47f98b19b712da8cd0e246d5fbe6aa8,not fixed; not saved,242.7783151,PASS,2026-09-02T15:54:01
dnn_oof_v1_fixed_5fold_10run_73configs,enzyme,Enzyme,38,MSCMF__NoiseInjection__80_20,Noise Injection,MSCMF,NoiseInjection,80_20,80/20,10,5,295480,292554,2926,0.995322864,0.79876161,0.705399863,0.749183303,0.943559401,0.730747043,9a4b308a3c11823c32e1c1c609304988a47f98b19b712da8cd0e246d5fbe6aa8,not fixed; not saved,242.3990951,PASS,2026-09-02T15:59:23
dnn_oof_v1_fixed_5fold_10run_73configs,enzyme,Enzyme,39,MSCMF__NoiseInjection__85_15,Noise Injection,MSCMF,NoiseInjection,85_15,85/15,1,5,295480,292554,2926,0.995576689,0.821357682,0.707108681,0.759963269,0.94800126,0.748007154,9a4b308a3c11823c32e1c1c609304988a47f98b19b712da8cd0e246d5fbe6aa8,not fixed; not saved,226.4278336,PASS,2026-09-02T16:04:29
dnn_oof_v1_fixed_5fold_10run_73configs,enzyme,Enzyme,39,MSCMF__NoiseInjection__85_15,Noise Injection,MSCMF,NoiseInjection,85_15,85/15,2,5,295480,292554,2926,0.995448084,0.808187135,0.708475735,0.755053724,0.941813422,0.737001034,9a4b308a3c11823c32e1c1c609304988a47f98b19b712da8cd0e246d5fbe6aa8,not fixed; not saved,226.2241428,PASS,2026-09-02T16:09:36
dnn_oof_v1_fixed_5fold_10run_73configs,enzyme,Enzyme,39,MSCMF__NoiseInjection__85_15,Noise Injection,MSCMF,NoiseInjection,85_15,85/15,3,5,295480,292554,2926,0.995580073,0.820158103,0.709159262,0.760630499,0.946831931,0.742000108,9a4b308a3c11823c32e1c1c609304988a47f98b19b712da8cd0e246d5fbe6aa8,not fixed; not saved,232.0215595,PASS,2026-09-02T16:14:48
dnn_oof_v1_fixed_5fold_10run_73configs,enzyme,Enzyme,39,MSCMF__NoiseInjection__85_15,Noise Injection,MSCMF,NoiseInjection,85_15,85/15,4,5,295480,292554,2926,0.995756058,0.839010543,0.707108681,0.767433234,0.941388666,0.738898568,9a4b308a3c11823c32e1c1c609304988a47f98b19b712da8cd0e246d5fbe6aa8,not fixed; not saved,225.0638504,PASS,2026-09-02T16:19:54
dnn_oof_v1_fixed_5fold_10run_73configs,enzyme,Enzyme,39,MSCMF__NoiseInjection__85_15,Noise Injection,MSCMF,NoiseInjection,85_15,85/15,5,5,295480,292554,2926,0.995512387,0.81201248,0.711551606,0.758469945,0.946612622,0.739844091,9a4b308a3c11823c32e1c1c609304988a47f98b19b712da8cd0e246d5fbe6aa8,not fixed; not saved,228.4013734,PASS,2026-09-02T16:25:04
dnn_oof_v1_fixed_5fold_10run_73configs,enzyme,Enzyme,39,MSCMF__NoiseInjection__85_15,Noise Injection,MSCMF,NoiseInjection,85_15,85/15,6,5,295480,292554,2926,0.995336402,0.794969512,0.71291866,0.751711712,0.943341871,0.742409283,9a4b308a3c11823c32e1c1c609304988a47f98b19b712da8cd0e246d5fbe6aa8,not fixed; not saved,229.989778,PASS,2026-09-02T16:30:15
dnn_oof_v1_fixed_5fold_10run_73configs,enzyme,Enzyme,39,MSCMF__NoiseInjection__85_15,Noise Injection,MSCMF,NoiseInjection,85_15,85/15,7,5,295480,292554,2926,0.995705293,0.830738523,0.711209843,0.766341374,0.945324958,0.746112357,9a4b308a3c11823c32e1c1c609304988a47f98b19b712da8cd0e246d5fbe6aa8,not fixed; not saved,232.5678151,PASS,2026-09-02T16:35:29
dnn_oof_v1_fixed_5fold_10run_73configs,enzyme,Enzyme,39,MSCMF__NoiseInjection__85_15,Noise Injection,MSCMF,NoiseInjection,85_15,85/15,8,5,295480,292554,2926,0.995085962,0.774385704,0.710868079,0.74126871,0.941947759,0.732706926,9a4b308a3c11823c32e1c1c609304988a47f98b19b712da8cd0e246d5fbe6aa8,not fixed; not saved,226.2525167,PASS,2026-09-02T16:40:38
dnn_oof_v1_fixed_5fold_10run_73configs,enzyme,Enzyme,39,MSCMF__NoiseInjection__85_15,Noise Injection,MSCMF,NoiseInjection,85_15,85/15,9,5,295480,292554,2926,0.995701909,0.831730769,0.709501025,0.765769089,0.942940054,0.743494235,9a4b308a3c11823c32e1c1c609304988a47f98b19b712da8cd0e246d5fbe6aa8,not fixed; not saved,239.4340441,PASS,2026-09-02T16:46:03
dnn_oof_v1_fixed_5fold_10run_73configs,enzyme,Enzyme,39,MSCMF__NoiseInjection__85_15,Noise Injection,MSCMF,NoiseInjection,85_15,85/15,10,5,295480,292554,2926,0.995495465,0.809468374,0.71291866,0.758131928,0.944771436,0.730399029,9a4b308a3c11823c32e1c1c609304988a47f98b19b712da8cd0e246d5fbe6aa8,not fixed; not saved,247.1403704,PASS,2026-09-02T16:51:33
dnn_oof_v1_fixed_5fold_10run_73configs,enzyme,Enzyme,40,MSCMF__NoiseInjection__90_10,Noise Injection,MSCMF,NoiseInjection,90_10,Oct-90,1,5,295480,292554,2926,0.995414241,0.804575417,0.709159262,0.753860127,0.941167873,0.726905987,9a4b308a3c11823c32e1c1c609304988a47f98b19b712da8cd0e246d5fbe6aa8,not fixed; not saved,228.455786,PASS,2026-09-02T16:56:46
dnn_oof_v1_fixed_5fold_10run_73configs,enzyme,Enzyme,40,MSCMF__NoiseInjection__90_10,Noise Injection,MSCMF,NoiseInjection,90_10,Oct-90,2,5,295480,292554,2926,0.995786517,0.83959596,0.710184552,0.769487132,0.945994334,0.749800275,9a4b308a3c11823c32e1c1c609304988a47f98b19b712da8cd0e246d5fbe6aa8,not fixed; not saved,229.0154378,PASS,2026-09-02T17:01:59
dnn_oof_v1_fixed_5fold_10run_73configs,enzyme,Enzyme,40,MSCMF__NoiseInjection__90_10,Noise Injection,MSCMF,NoiseInjection,90_10,Oct-90,3,5,295480,292554,2926,0.995762827,0.843596059,0.702323992,0.766505035,0.938145087,0.731504041,9a4b308a3c11823c32e1c1c609304988a47f98b19b712da8cd0e246d5fbe6aa8,not fixed; not saved,226.8800464,PASS,2026-09-02T17:07:10
dnn_oof_v1_fixed_5fold_10run_73configs,enzyme,Enzyme,40,MSCMF__NoiseInjection__90_10,Noise Injection,MSCMF,NoiseInjection,90_10,Oct-90,4,5,295480,292554,2926,0.995289021,0.793869732,0.708133971,0.748554913,0.948752589,0.739214753,9a4b308a3c11823c32e1c1c609304988a47f98b19b712da8cd0e246d5fbe6aa8,not fixed; not saved,229.880198,PASS,2026-09-02T17:12:24
dnn_oof_v1_fixed_5fold_10run_73configs,enzyme,Enzyme,40,MSCMF__NoiseInjection__90_10,Noise Injection,MSCMF,NoiseInjection,90_10,Oct-90,5,5,295480,292554,2926,0.995624069,0.82620855,0.706766917,0.761834592,0.941680378,0.729856986,9a4b308a3c11823c32e1c1c609304988a47f98b19b712da8cd0e246d5fbe6aa8,not fixed; not saved,217.2663488,PASS,2026-09-02T17:17:25
dnn_oof_v1_fixed_5fold_10run_73configs,enzyme,Enzyme,40,MSCMF__NoiseInjection__90_10,Noise Injection,MSCMF,NoiseInjection,90_10,Oct-90,6,5,295480,292554,2926,0.995867741,0.85212722,0.7050581,0.771647653,0.941633772,0.740081578,9a4b308a3c11823c32e1c1c609304988a47f98b19b712da8cd0e246d5fbe6aa8,not fixed; not saved,219.1889067,PASS,2026-09-02T17:22:29
dnn_oof_v1_fixed_5fold_10run_73configs,enzyme,Enzyme,40,MSCMF__NoiseInjection__90_10,Noise Injection,MSCMF,NoiseInjection,90_10,Oct-90,7,5,295480,292554,2926,0.995607148,0.823272438,0.708475735,0.761572373,0.94339356,0.73352296,9a4b308a3c11823c32e1c1c609304988a47f98b19b712da8cd0e246d5fbe6aa8,not fixed; not saved,219.9015081,PASS,2026-09-02T17:27:33
dnn_oof_v1_fixed_5fold_10run_73configs,enzyme,Enzyme,40,MSCMF__NoiseInjection__90_10,Noise Injection,MSCMF,NoiseInjection,90_10,Oct-90,8,5,295480,292554,2926,0.995488696,0.811254396,0.709501025,0.756973564,0.947823679,0.736750197,9a4b308a3c11823c32e1c1c609304988a47f98b19b712da8cd0e246d5fbe6aa8,not fixed; not saved,218.6917889,PASS,2026-09-02T17:32:37
dnn_oof_v1_fixed_5fold_10run_73configs,enzyme,Enzyme,40,MSCMF__NoiseInjection__90_10,Noise Injection,MSCMF,NoiseInjection,90_10,Oct-90,9,5,295480,292554,2926,0.99567145,0.830855765,0.706766917,0.763804247,0.942695583,0.739208798,9a4b308a3c11823c32e1c1c609304988a47f98b19b712da8cd0e246d5fbe6aa8,not fixed; not saved,221.3503563,PASS,2026-09-02T17:37:44
dnn_oof_v1_fixed_5fold_10run_73configs,enzyme,Enzyme,40,MSCMF__NoiseInjection__90_10,Noise Injection,MSCMF,NoiseInjection,90_10,Oct-90,10,5,295480,292554,2926,0.995576689,0.817824892,0.71189337,0.761191303,0.94009619,0.744263248,9a4b308a3c11823c32e1c1c609304988a47f98b19b712da8cd0e246d5fbe6aa8,not fixed; not saved,218.7207441,PASS,2026-09-02T17:42:48
dnn_oof_v1_fixed_5fold_10run_73configs,enzyme,Enzyme,41,MSCMF__RandomOver__50_50,Random Over-Sampling,MSCMF,RandomOver,50_50,50/50,1,5,295480,292554,2926,0.995620685,0.823809524,0.709501025,0.762394418,0.936678256,0.728905865,9a4b308a3c11823c32e1c1c609304988a47f98b19b712da8cd0e246d5fbe6aa8,not fixed; not saved,381.2761569,PASS,2026-09-02T17:50:36
dnn_oof_v1_fixed_5fold_10run_73configs,enzyme,Enzyme,41,MSCMF__RandomOver__50_50,Random Over-Sampling,MSCMF,RandomOver,50_50,50/50,2,5,295480,292554,2926,0.995434547,0.806451613,0.709159262,0.75468267,0.936628167,0.721748118,9a4b308a3c11823c32e1c1c609304988a47f98b19b712da8cd0e246d5fbe6aa8,not fixed; not saved,371.3854041,PASS,2026-09-02T17:58:15
dnn_oof_v1_fixed_5fold_10run_73configs,enzyme,Enzyme,41,MSCMF__RandomOver__50_50,Random Over-Sampling,MSCMF,RandomOver,50_50,50/50,3,5,295480,292554,2926,0.995664681,0.828605673,0.708817498,0.764044944,0.93984562,0.724004161,9a4b308a3c11823c32e1c1c609304988a47f98b19b712da8cd0e246d5fbe6aa8,not fixed; not saved,371.5014317,PASS,2026-09-02T18:05:54
dnn_oof_v1_fixed_5fold_10run_73configs,enzyme,Enzyme,41,MSCMF__RandomOver__50_50,Random Over-Sampling,MSCMF,RandomOver,50_50,50/50,4,5,295480,292554,2926,0.995519155,0.810705974,0.714285714,0.759447674,0.942866842,0.729409028,9a4b308a3c11823c32e1c1c609304988a47f98b19b712da8cd0e246d5fbe6aa8,not fixed; not saved,377.2693737,PASS,2026-09-02T18:13:38
dnn_oof_v1_fixed_5fold_10run_73configs,enzyme,Enzyme,41,MSCMF__RandomOver__50_50,Random Over-Sampling,MSCMF,RandomOver,50_50,50/50,5,5,295480,292554,2926,0.995634222,0.824088748,0.710868079,0.763302752,0.947838322,0.736470113,9a4b308a3c11823c32e1c1c609304988a47f98b19b712da8cd0e246d5fbe6aa8,not fixed; not saved,368.9218702,PASS,2026-09-02T18:21:15
dnn_oof_v1_fixed_5fold_10run_73configs,enzyme,Enzyme,41,MSCMF__RandomOver__50_50,Random Over-Sampling,MSCMF,RandomOver,50_50,50/50,6,5,295480,292554,2926,0.995143495,0.778067885,0.71291866,0.744069913,0.935448287,0.716780209,9a4b308a3c11823c32e1c1c609304988a47f98b19b712da8cd0e246d5fbe6aa8,not fixed; not saved,374.4248343,PASS,2026-09-02T18:28:58
dnn_oof_v1_fixed_5fold_10run_73configs,enzyme,Enzyme,41,MSCMF__RandomOver__50_50,Random Over-Sampling,MSCMF,RandomOver,50_50,50/50,7,5,295480,292554,2926,0.995586842,0.818789308,0.71189337,0.761608775,0.942853309,0.741290871,9a4b308a3c11823c32e1c1c609304988a47f98b19b712da8cd0e246d5fbe6aa8,not fixed; not saved,369.0692747,PASS,2026-09-02T18:36:35
dnn_oof_v1_fixed_5fold_10run_73configs,enzyme,Enzyme,41,MSCMF__RandomOver__50_50,Random Over-Sampling,MSCMF,RandomOver,50_50,50/50,8,5,295480,292554,2926,0.995136727,0.778734556,0.710868079,0.743255315,0.940771472,0.716749496,9a4b308a3c11823c32e1c1c609304988a47f98b19b712da8cd0e246d5fbe6aa8,not fixed; not saved,371.2782702,PASS,2026-09-02T18:44:15
dnn_oof_v1_fixed_5fold_10run_73configs,enzyme,Enzyme,41,MSCMF__RandomOver__50_50,Random Over-Sampling,MSCMF,RandomOver,50_50,50/50,9,5,295480,292554,2926,0.995370245,0.797555386,0.713602187,0.753246753,0.941386755,0.736022421,9a4b308a3c11823c32e1c1c609304988a47f98b19b712da8cd0e246d5fbe6aa8,not fixed; not saved,372.6053572,PASS,2026-09-02T18:51:57
dnn_oof_v1_fixed_5fold_10run_73configs,enzyme,Enzyme,41,MSCMF__RandomOver__50_50,Random Over-Sampling,MSCMF,RandomOver,50_50,50/50,10,5,295480,292554,2926,0.995305943,0.790486976,0.715652768,0.751210762,0.937085806,0.731576074,9a4b308a3c11823c32e1c1c609304988a47f98b19b712da8cd0e246d5fbe6aa8,not fixed; not saved,373.7238486,PASS,2026-09-02T18:59:42
dnn_oof_v1_fixed_5fold_10run_73configs,enzyme,Enzyme,42,MSCMF__RandomOver__80_20,Random Over-Sampling,MSCMF,RandomOver,80_20,80/20,1,5,295480,292554,2926,0.995681603,0.835638731,0.701982228,0.763001486,0.948099145,0.734015396,9a4b308a3c11823c32e1c1c609304988a47f98b19b712da8cd0e246d5fbe6aa8,not fixed; not saved,247.5056067,PASS,2026-09-02T19:05:19
dnn_oof_v1_fixed_5fold_10run_73configs,enzyme,Enzyme,42,MSCMF__RandomOver__80_20,Random Over-Sampling,MSCMF,RandomOver,80_20,80/20,2,5,295480,292554,2926,0.995353323,0.796713794,0.712576897,0.752300198,0.94439333,0.731974007,9a4b308a3c11823c32e1c1c609304988a47f98b19b712da8cd0e246d5fbe6aa8,not fixed; not saved,275.3523092,PASS,2026-09-02T19:11:28
dnn_oof_v1_fixed_5fold_10run_73configs,enzyme,Enzyme,42,MSCMF__RandomOver__80_20,Random Over-Sampling,MSCMF,RandomOver,80_20,80/20,3,5,295480,292554,2926,0.99577298,0.840715156,0.707108681,0.768145536,0.943454438,0.731939676,9a4b308a3c11823c32e1c1c609304988a47f98b19b712da8cd0e246d5fbe6aa8,not fixed; not saved,338.1633275,PASS,2026-09-02T19:18:44
dnn_oof_v1_fixed_5fold_10run_73configs,enzyme,Enzyme,42,MSCMF__RandomOver__80_20,Random Over-Sampling,MSCMF,RandomOver,80_20,80/20,4,5,295480,292554,2926,0.995373629,0.801547389,0.708133971,0.751950644,0.937752722,0.725799974,9a4b308a3c11823c32e1c1c609304988a47f98b19b712da8cd0e246d5fbe6aa8,not fixed; not saved,269.7020512,PASS,2026-09-02T19:24:47
dnn_oof_v1_fixed_5fold_10run_73configs,enzyme,Enzyme,42,MSCMF__RandomOver__80_20,Random Over-Sampling,MSCMF,RandomOver,80_20,80/20,5,5,295480,292554,2926,0.995356708,0.797473201,0.71189337,0.752257133,0.94524823,0.728425384,9a4b308a3c11823c32e1c1c609304988a47f98b19b712da8cd0e246d5fbe6aa8,not fixed; not saved,308.6917713,PASS,2026-09-02T19:31:33
dnn_oof_v1_fixed_5fold_10run_73configs,enzyme,Enzyme,42,MSCMF__RandomOver__80_20,Random Over-Sampling,MSCMF,RandomOver,80_20,80/20,6,5,295480,292554,2926,0.99577298,0.839061868,0.709159262,0.768660863,0.94505828,0.727801054,9a4b308a3c11823c32e1c1c609304988a47f98b19b712da8cd0e246d5fbe6aa8,not fixed; not saved,346.5873127,PASS,2026-09-02T19:38:58
dnn_oof_v1_fixed_5fold_10run_73configs,enzyme,Enzyme,42,MSCMF__RandomOver__80_20,Random Over-Sampling,MSCMF,RandomOver,80_20,80/20,7,5,295480,292554,2926,0.995722215,0.834003215,0.709159262,0.766531215,0.937485315,0.723725979,9a4b308a3c11823c32e1c1c609304988a47f98b19b712da8cd0e246d5fbe6aa8,not fixed; not saved,356.9206033,PASS,2026-09-02T19:46:34
dnn_oof_v1_fixed_5fold_10run_73configs,enzyme,Enzyme,42,MSCMF__RandomOver__80_20,Random Over-Sampling,MSCMF,RandomOver,80_20,80/20,8,5,295480,292554,2926,0.995410857,0.808326787,0.703349282,0.752192982,0.94409142,0.727191077,9a4b308a3c11823c32e1c1c609304988a47f98b19b712da8cd0e246d5fbe6aa8,not fixed; not saved,333.2818658,PASS,2026-09-02T19:53:44
dnn_oof_v1_fixed_5fold_10run_73configs,enzyme,Enzyme,42,MSCMF__RandomOver__80_20,Random Over-Sampling,MSCMF,RandomOver,80_20,80/20,9,5,295480,292554,2926,0.995400704,0.80356451,0.708817498,0.753223171,0.945153069,0.727566412,9a4b308a3c11823c32e1c1c609304988a47f98b19b712da8cd0e246d5fbe6aa8,not fixed; not saved,354.3900313,PASS,2026-09-02T20:01:18
dnn_oof_v1_fixed_5fold_10run_73configs,enzyme,Enzyme,42,MSCMF__RandomOver__80_20,Random Over-Sampling,MSCMF,RandomOver,80_20,80/20,10,5,295480,292554,2926,0.995549614,0.818253655,0.707792208,0.759025105,0.942551027,0.728697131,9a4b308a3c11823c32e1c1c609304988a47f98b19b712da8cd0e246d5fbe6aa8,not fixed; not saved,297.6070321,PASS,2026-09-02T20:07:51
dnn_oof_v1_fixed_5fold_10run_73configs,enzyme,Enzyme,43,MSCMF__RandomOver__85_15,Random Over-Sampling,MSCMF,RandomOver,85_15,85/15,1,5,295480,292554,2926,0.995214566,0.788770053,0.705741627,0.744949495,0.942661921,0.73716336,9a4b308a3c11823c32e1c1c609304988a47f98b19b712da8cd0e246d5fbe6aa8,not fixed; not saved,277.5408173,PASS,2026-09-02T20:14:05
dnn_oof_v1_fixed_5fold_10run_73configs,enzyme,Enzyme,43,MSCMF__RandomOver__85_15,Random Over-Sampling,MSCMF,RandomOver,85_15,85/15,2,5,295480,292554,2926,0.995505618,0.811379579,0.711551606,0.758193736,0.946203216,0.742339491,9a4b308a3c11823c32e1c1c609304988a47f98b19b712da8cd0e246d5fbe6aa8,not fixed; not saved,323.7424862,PASS,2026-09-02T20:21:08
dnn_oof_v1_fixed_5fold_10run_73configs,enzyme,Enzyme,43,MSCMF__RandomOver__85_15,Random Over-Sampling,MSCMF,RandomOver,85_15,85/15,3,5,295480,292554,2926,0.995454853,0.810513927,0.70608339,0.754703196,0.94331493,0.72329326,9a4b308a3c11823c32e1c1c609304988a47f98b19b712da8cd0e246d5fbe6aa8,not fixed; not saved,337.1599379,PASS,2026-09-02T20:28:25
dnn_oof_v1_fixed_5fold_10run_73configs,enzyme,Enzyme,43,MSCMF__RandomOver__85_15,Random Over-Sampling,MSCMF,RandomOver,85_15,85/15,4,5,295480,292554,2926,0.995766211,0.840585604,0.706425154,0.767688022,0.937016893,0.728386022,9a4b308a3c11823c32e1c1c609304988a47f98b19b712da8cd0e246d5fbe6aa8,not fixed; not saved,262.1163521,PASS,2026-09-02T20:34:23
dnn_oof_v1_fixed_5fold_10run_73configs,enzyme,Enzyme,43,MSCMF__RandomOver__85_15,Random Over-Sampling,MSCMF,RandomOver,85_15,85/15,5,5,295480,292554,2926,0.99554623,0.817178881,0.708817498,0.759150805,0.942874342,0.734060834,9a4b308a3c11823c32e1c1c609304988a47f98b19b712da8cd0e246d5fbe6aa8,not fixed; not saved,243.5966766,PASS,2026-09-02T20:40:00
dnn_oof_v1_fixed_5fold_10run_73configs,enzyme,Enzyme,43,MSCMF__RandomOver__85_15,Random Over-Sampling,MSCMF,RandomOver,85_15,85/15,6,5,295480,292554,2926,0.995651144,0.828331333,0.707450444,0.763133641,0.949889182,0.736215825,9a4b308a3c11823c32e1c1c609304988a47f98b19b712da8cd0e246d5fbe6aa8,not fixed; not saved,251.311516,PASS,2026-09-02T20:45:46
dnn_oof_v1_fixed_5fold_10run_73configs,enzyme,Enzyme,43,MSCMF__RandomOver__85_15,Random Over-Sampling,MSCMF,RandomOver,85_15,85/15,7,5,295480,292554,2926,0.995742521,0.835748792,0.709501025,0.767467652,0.945876908,0.736805318,9a4b308a3c11823c32e1c1c609304988a47f98b19b712da8cd0e246d5fbe6aa8,not fixed; not saved,306.9024732,PASS,2026-09-02T20:52:34
dnn_oof_v1_fixed_5fold_10run_73configs,enzyme,Enzyme,43,MSCMF__RandomOver__85_15,Random Over-Sampling,MSCMF,RandomOver,85_15,85/15,8,5,295480,292554,2926,0.995871125,0.849876948,0.708133971,0.772557793,0.945704442,0.727585867,9a4b308a3c11823c32e1c1c609304988a47f98b19b712da8cd0e246d5fbe6aa8,not fixed; not saved,283.7812674,PASS,2026-09-02T20:58:59
dnn_oof_v1_fixed_5fold_10run_73configs,enzyme,Enzyme,43,MSCMF__RandomOver__85_15,Random Over-Sampling,MSCMF,RandomOver,85_15,85/15,9,5,295480,292554,2926,0.995478543,0.813485804,0.7050581,0.755400952,0.947456748,0.729360148,9a4b308a3c11823c32e1c1c609304988a47f98b19b712da8cd0e246d5fbe6aa8,not fixed; not saved,255.2422142,PASS,2026-09-02T21:04:53
dnn_oof_v1_fixed_5fold_10run_73configs,enzyme,Enzyme,43,MSCMF__RandomOver__85_15,Random Over-Sampling,MSCMF,RandomOver,85_15,85/15,10,5,295480,292554,2926,0.995661297,0.826709062,0.710868079,0.764424844,0.948041255,0.737478027,9a4b308a3c11823c32e1c1c609304988a47f98b19b712da8cd0e246d5fbe6aa8,not fixed; not saved,253.8125594,PASS,2026-09-02T21:10:43
dnn_oof_v1_fixed_5fold_10run_73configs,enzyme,Enzyme,44,MSCMF__RandomOver__90_10,Random Over-Sampling,MSCMF,RandomOver,90_10,Oct-90,1,5,295480,292554,2926,0.995830513,0.844869707,0.709159262,0.771088815,0.939684271,0.736240925,9a4b308a3c11823c32e1c1c609304988a47f98b19b712da8cd0e246d5fbe6aa8,not fixed; not saved,242.0625534,PASS,2026-09-02T21:16:23
dnn_oof_v1_fixed_5fold_10run_73configs,enzyme,Enzyme,44,MSCMF__RandomOver__90_10,Random Over-Sampling,MSCMF,RandomOver,90_10,Oct-90,2,5,295480,292554,2926,0.995830513,0.847701149,0.705741627,0.770234987,0.947814421,0.737564285,9a4b308a3c11823c32e1c1c609304988a47f98b19b712da8cd0e246d5fbe6aa8,not fixed; not saved,236.4543736,PASS,2026-09-02T21:21:56
dnn_oof_v1_fixed_5fold_10run_73configs,enzyme,Enzyme,44,MSCMF__RandomOver__90_10,Random Over-Sampling,MSCMF,RandomOver,90_10,Oct-90,3,5,295480,292554,2926,0.995458237,0.809859155,0.707450444,0.755198833,0.945881864,0.727182761,9a4b308a3c11823c32e1c1c609304988a47f98b19b712da8cd0e246d5fbe6aa8,not fixed; not saved,234.6702914,PASS,2026-09-02T21:27:29
dnn_oof_v1_fixed_5fold_10run_73configs,enzyme,Enzyme,44,MSCMF__RandomOver__90_10,Random Over-Sampling,MSCMF,RandomOver,90_10,Oct-90,4,5,295480,292554,2926,0.995847435,0.850309278,0.704716336,0.770697066,0.93673931,0.740906097,9a4b308a3c11823c32e1c1c609304988a47f98b19b712da8cd0e246d5fbe6aa8,not fixed; not saved,228.2823908,PASS,2026-09-02T21:32:53
dnn_oof_v1_fixed_5fold_10run_73configs,enzyme,Enzyme,44,MSCMF__RandomOver__90_10,Random Over-Sampling,MSCMF,RandomOver,90_10,Oct-90,5,5,295480,292554,2926,0.995549614,0.819009901,0.706766917,0.758759861,0.947547165,0.733159267,9a4b308a3c11823c32e1c1c609304988a47f98b19b712da8cd0e246d5fbe6aa8,not fixed; not saved,227.056294,PASS,2026-09-02T21:38:17
dnn_oof_v1_fixed_5fold_10run_73configs,enzyme,Enzyme,44,MSCMF__RandomOver__90_10,Random Over-Sampling,MSCMF,RandomOver,90_10,Oct-90,6,5,295480,292554,2926,0.995708677,0.835899514,0.7050581,0.76492399,0.939991603,0.728145745,9a4b308a3c11823c32e1c1c609304988a47f98b19b712da8cd0e246d5fbe6aa8,not fixed; not saved,230.9525602,PASS,2026-09-02T21:43:46
dnn_oof_v1_fixed_5fold_10run_73configs,enzyme,Enzyme,44,MSCMF__RandomOver__90_10,Random Over-Sampling,MSCMF,RandomOver,90_10,Oct-90,7,5,295480,292554,2926,0.995461622,0.811394892,0.705741627,0.754889417,0.944187884,0.73092157,9a4b308a3c11823c32e1c1c609304988a47f98b19b712da8cd0e246d5fbe6aa8,not fixed; not saved,218.9810867,PASS,2026-09-02T21:49:03
dnn_oof_v1_fixed_5fold_10run_73configs,enzyme,Enzyme,44,MSCMF__RandomOver__90_10,Random Over-Sampling,MSCMF,RandomOver,90_10,Oct-90,8,5,295480,292554,2926,0.995458237,0.810588235,0.706425154,0.754930606,0.942283479,0.736384822,9a4b308a3c11823c32e1c1c609304988a47f98b19b712da8cd0e246d5fbe6aa8,not fixed; not saved,218.5890224,PASS,2026-09-02T21:54:20
dnn_oof_v1_fixed_5fold_10run_73configs,enzyme,Enzyme,44,MSCMF__RandomOver__90_10,Random Over-Sampling,MSCMF,RandomOver,90_10,Oct-90,9,5,295480,292554,2926,0.995563151,0.817788272,0.710184552,0.760197549,0.938173904,0.708403242,9a4b308a3c11823c32e1c1c609304988a47f98b19b712da8cd0e246d5fbe6aa8,not fixed; not saved,216.4116023,PASS,2026-09-02T21:59:35
dnn_oof_v1_fixed_5fold_10run_73configs,enzyme,Enzyme,44,MSCMF__RandomOver__90_10,Random Over-Sampling,MSCMF,RandomOver,90_10,Oct-90,10,5,295480,292554,2926,0.995965886,0.86125,0.706425154,0.776192264,0.945398841,0.733900672,9a4b308a3c11823c32e1c1c609304988a47f98b19b712da8cd0e246d5fbe6aa8,not fixed; not saved,219.0144033,PASS,2026-09-02T22:04:52
dnn_oof_v1_fixed_5fold_10run_73configs,enzyme,Enzyme,45,MSCMF__SMOTE__50_50,SMOTE,MSCMF,SMOTE,50_50,50/50,1,5,295480,292554,2926,0.995563151,0.820309401,0.706766917,0.759317055,0.944425337,0.727043275,9a4b308a3c11823c32e1c1c609304988a47f98b19b712da8cd0e246d5fbe6aa8,not fixed; not saved,367.8843629,PASS,2026-09-02T22:12:40
dnn_oof_v1_fixed_5fold_10run_73configs,enzyme,Enzyme,45,MSCMF__SMOTE__50_50,SMOTE,MSCMF,SMOTE,50_50,50/50,2,5,295480,292554,2926,0.995549614,0.818002369,0.708133971,0.759113391,0.942386301,0.732143299,9a4b308a3c11823c32e1c1c609304988a47f98b19b712da8cd0e246d5fbe6aa8,not fixed; not saved,373.6492987,PASS,2026-09-02T22:20:33
dnn_oof_v1_fixed_5fold_10run_73configs,enzyme,Enzyme,45,MSCMF__SMOTE__50_50,SMOTE,MSCMF,SMOTE,50_50,50/50,3,5,295480,292554,2926,0.995512387,0.810077519,0.714285714,0.759171813,0.943244988,0.735310272,9a4b308a3c11823c32e1c1c609304988a47f98b19b712da8cd0e246d5fbe6aa8,not fixed; not saved,374.8827124,PASS,2026-09-02T22:28:28
dnn_oof_v1_fixed_5fold_10run_73configs,enzyme,Enzyme,45,MSCMF__SMOTE__50_50,SMOTE,MSCMF,SMOTE,50_50,50/50,4,5,295480,292554,2926,0.99569514,0.828957836,0.712235133,0.766176471,0.942919665,0.733092515,9a4b308a3c11823c32e1c1c609304988a47f98b19b712da8cd0e246d5fbe6aa8,not fixed; not saved,382.0747907,PASS,2026-09-02T22:36:30
dnn_oof_v1_fixed_5fold_10run_73configs,enzyme,Enzyme,45,MSCMF__SMOTE__50_50,SMOTE,MSCMF,SMOTE,50_50,50/50,5,5,295480,292554,2926,0.996020035,0.865191987,0.708475735,0.77903044,0.933465035,0.72381328,9a4b308a3c11823c32e1c1c609304988a47f98b19b712da8cd0e246d5fbe6aa8,not fixed; not saved,368.0976589,PASS,2026-09-02T22:44:19
dnn_oof_v1_fixed_5fold_10run_73configs,enzyme,Enzyme,45,MSCMF__SMOTE__50_50,SMOTE,MSCMF,SMOTE,50_50,50/50,6,5,295480,292554,2926,0.995705293,0.832064128,0.709501025,0.765910349,0.939018715,0.729282044,9a4b308a3c11823c32e1c1c609304988a47f98b19b712da8cd0e246d5fbe6aa8,not fixed; not saved,376.2841263,PASS,2026-09-02T22:52:19
dnn_oof_v1_fixed_5fold_10run_73configs,enzyme,Enzyme,45,MSCMF__SMOTE__50_50,SMOTE,MSCMF,SMOTE,50_50,50/50,7,5,295480,292554,2926,0.995739136,0.835953245,0.708817498,0.76715369,0.936908744,0.726352292,9a4b308a3c11823c32e1c1c609304988a47f98b19b712da8cd0e246d5fbe6aa8,not fixed; not saved,372.7646239,PASS,2026-09-02T23:00:13
dnn_oof_v1_fixed_5fold_10run_73configs,enzyme,Enzyme,45,MSCMF__SMOTE__50_50,SMOTE,MSCMF,SMOTE,50_50,50/50,8,5,295480,292554,2926,0.995485312,0.809727626,0.711209843,0.75727802,0.937155516,0.718854639,9a4b308a3c11823c32e1c1c609304988a47f98b19b712da8cd0e246d5fbe6aa8,not fixed; not saved,367.2253079,PASS,2026-09-02T23:08:02
dnn_oof_v1_fixed_5fold_10run_73configs,enzyme,Enzyme,45,MSCMF__SMOTE__50_50,SMOTE,MSCMF,SMOTE,50_50,50/50,9,5,295480,292554,2926,0.995722215,0.830023828,0.714285714,0.767817781,0.946625758,0.731972973,9a4b308a3c11823c32e1c1c609304988a47f98b19b712da8cd0e246d5fbe6aa8,not fixed; not saved,368.9614561,PASS,2026-09-02T23:15:53
dnn_oof_v1_fixed_5fold_10run_73configs,enzyme,Enzyme,45,MSCMF__SMOTE__50_50,SMOTE,MSCMF,SMOTE,50_50,50/50,10,5,295480,292554,2926,0.995603763,0.823974512,0.707108681,0.761081479,0.941674001,0.730741677,9a4b308a3c11823c32e1c1c609304988a47f98b19b712da8cd0e246d5fbe6aa8,not fixed; not saved,371.2456148,PASS,2026-09-02T23:23:46
dnn_oof_v1_fixed_5fold_10run_73configs,enzyme,Enzyme,46,MSCMF__SMOTE__80_20,SMOTE,MSCMF,SMOTE,80_20,80/20,1,5,295480,292554,2926,0.995451469,0.806589147,0.711209843,0.755902652,0.941072992,0.734708864,9a4b308a3c11823c32e1c1c609304988a47f98b19b712da8cd0e246d5fbe6aa8,not fixed; not saved,243.7481756,PASS,2026-09-02T23:29:32
dnn_oof_v1_fixed_5fold_10run_73configs,enzyme,Enzyme,46,MSCMF__SMOTE__80_20,SMOTE,MSCMF,SMOTE,80_20,80/20,2,5,295480,292554,2926,0.995739136,0.835953245,0.708817498,0.76715369,0.940745704,0.737545668,9a4b308a3c11823c32e1c1c609304988a47f98b19b712da8cd0e246d5fbe6aa8,not fixed; not saved,242.8142784,PASS,2026-09-02T23:35:18
dnn_oof_v1_fixed_5fold_10run_73configs,enzyme,Enzyme,46,MSCMF__SMOTE__80_20,SMOTE,MSCMF,SMOTE,80_20,80/20,3,5,295480,292554,2926,0.995877894,0.85318445,0.7050581,0.772080838,0.940340921,0.726850188,9a4b308a3c11823c32e1c1c609304988a47f98b19b712da8cd0e246d5fbe6aa8,not fixed; not saved,241.6260397,PASS,2026-09-02T23:41:02
dnn_oof_v1_fixed_5fold_10run_73configs,enzyme,Enzyme,46,MSCMF__SMOTE__80_20,SMOTE,MSCMF,SMOTE,80_20,80/20,4,5,295480,292554,2926,0.995786517,0.842641663,0.706425154,0.768544339,0.945439403,0.73559541,9a4b308a3c11823c32e1c1c609304988a47f98b19b712da8cd0e246d5fbe6aa8,not fixed; not saved,238.5036285,PASS,2026-09-02T23:46:44
dnn_oof_v1_fixed_5fold_10run_73configs,enzyme,Enzyme,46,MSCMF__SMOTE__80_20,SMOTE,MSCMF,SMOTE,80_20,80/20,5,5,295480,292554,2926,0.995211182,0.78824876,0.70608339,0.744907157,0.945012967,0.725748527,9a4b308a3c11823c32e1c1c609304988a47f98b19b712da8cd0e246d5fbe6aa8,not fixed; not saved,243.0878119,PASS,2026-09-02T23:52:31
dnn_oof_v1_fixed_5fold_10run_73configs,enzyme,Enzyme,46,MSCMF__SMOTE__80_20,SMOTE,MSCMF,SMOTE,80_20,80/20,6,5,295480,292554,2926,0.995779748,0.841676842,0.706766917,0.768344789,0.944442281,0.738478291,9a4b308a3c11823c32e1c1c609304988a47f98b19b712da8cd0e246d5fbe6aa8,not fixed; not saved,237.8981047,PASS,2026-09-02T23:58:12
dnn_oof_v1_fixed_5fold_10run_73configs,enzyme,Enzyme,46,MSCMF__SMOTE__80_20,SMOTE,MSCMF,SMOTE,80_20,80/20,7,5,295480,292554,2926,0.995769595,0.840097403,0.707450444,0.768089054,0.947340413,0.732349207,9a4b308a3c11823c32e1c1c609304988a47f98b19b712da8cd0e246d5fbe6aa8,not fixed; not saved,244.4196577,PASS,2026-09-03T00:04:00
dnn_oof_v1_fixed_5fold_10run_73configs,enzyme,Enzyme,46,MSCMF__SMOTE__80_20,SMOTE,MSCMF,SMOTE,80_20,80/20,8,5,295480,292554,2926,0.995549614,0.817001181,0.709501025,0.759465886,0.947019644,0.732897765,9a4b308a3c11823c32e1c1c609304988a47f98b19b712da8cd0e246d5fbe6aa8,not fixed; not saved,240.6728437,PASS,2026-09-03T00:09:45
dnn_oof_v1_fixed_5fold_10run_73configs,enzyme,Enzyme,46,MSCMF__SMOTE__80_20,SMOTE,MSCMF,SMOTE,80_20,80/20,9,5,295480,292554,2926,0.995654528,0.829718876,0.70608339,0.762924668,0.939506281,0.728685937,9a4b308a3c11823c32e1c1c609304988a47f98b19b712da8cd0e246d5fbe6aa8,not fixed; not saved,241.4696324,PASS,2026-09-03T00:15:30
dnn_oof_v1_fixed_5fold_10run_73configs,enzyme,Enzyme,46,MSCMF__SMOTE__80_20,SMOTE,MSCMF,SMOTE,80_20,80/20,10,5,295480,292554,2926,0.995160417,0.78397874,0.705741627,0.742805755,0.946866988,0.723338012,9a4b308a3c11823c32e1c1c609304988a47f98b19b712da8cd0e246d5fbe6aa8,not fixed; not saved,240.1082435,PASS,2026-09-03T00:21:15
dnn_oof_v1_fixed_5fold_10run_73configs,enzyme,Enzyme,47,MSCMF__SMOTE__85_15,SMOTE,MSCMF,SMOTE,85_15,85/15,1,5,295480,292554,2926,0.995884662,0.852722772,0.706425154,0.77271028,0.943988843,0.732903809,9a4b308a3c11823c32e1c1c609304988a47f98b19b712da8cd0e246d5fbe6aa8,not fixed; not saved,232.2416563,PASS,2026-09-03T00:26:53
dnn_oof_v1_fixed_5fold_10run_73configs,enzyme,Enzyme,47,MSCMF__SMOTE__85_15,SMOTE,MSCMF,SMOTE,85_15,85/15,2,5,295480,292554,2926,0.99584405,0.84795082,0.707108681,0.771151696,0.946159455,0.738861475,9a4b308a3c11823c32e1c1c609304988a47f98b19b712da8cd0e246d5fbe6aa8,not fixed; not saved,226.6673694,PASS,2026-09-03T00:32:25
dnn_oof_v1_fixed_5fold_10run_73configs,enzyme,Enzyme,47,MSCMF__SMOTE__85_15,SMOTE,MSCMF,SMOTE,85_15,85/15,3,5,295480,292554,2926,0.995701909,0.831465172,0.709842789,0.765855457,0.945242079,0.733752789,9a4b308a3c11823c32e1c1c609304988a47f98b19b712da8cd0e246d5fbe6aa8,not fixed; not saved,231.5436642,PASS,2026-09-03T00:38:01
dnn_oof_v1_fixed_5fold_10run_73configs,enzyme,Enzyme,47,MSCMF__SMOTE__85_15,SMOTE,MSCMF,SMOTE,85_15,85/15,4,5,295480,292554,2926,0.995915121,0.856195607,0.70608339,0.773927702,0.940840035,0.727947149,9a4b308a3c11823c32e1c1c609304988a47f98b19b712da8cd0e246d5fbe6aa8,not fixed; not saved,226.7618222,PASS,2026-09-03T00:43:34
dnn_oof_v1_fixed_5fold_10run_73configs,enzyme,Enzyme,47,MSCMF__SMOTE__85_15,SMOTE,MSCMF,SMOTE,85_15,85/15,5,5,295480,292554,2926,0.995803438,0.844644317,0.70608339,0.769173492,0.943279258,0.73922329,9a4b308a3c11823c32e1c1c609304988a47f98b19b712da8cd0e246d5fbe6aa8,not fixed; not saved,226.6967685,PASS,2026-09-03T00:49:08
dnn_oof_v1_fixed_5fold_10run_73configs,enzyme,Enzyme,47,MSCMF__SMOTE__85_15,SMOTE,MSCMF,SMOTE,85_15,85/15,6,5,295480,292554,2926,0.99577298,0.841547862,0.70608339,0.76788701,0.944437551,0.731039709,9a4b308a3c11823c32e1c1c609304988a47f98b19b712da8cd0e246d5fbe6aa8,not fixed; not saved,230.8563335,PASS,2026-09-03T00:54:45
dnn_oof_v1_fixed_5fold_10run_73configs,enzyme,Enzyme,47,MSCMF__SMOTE__85_15,SMOTE,MSCMF,SMOTE,85_15,85/15,7,5,295480,292554,2926,0.995962502,0.863312369,0.703691046,0.77537187,0.946747439,0.733961552,9a4b308a3c11823c32e1c1c609304988a47f98b19b712da8cd0e246d5fbe6aa8,not fixed; not saved,228.5755258,PASS,2026-09-03T01:00:20
dnn_oof_v1_fixed_5fold_10run_73configs,enzyme,Enzyme,47,MSCMF__SMOTE__85_15,SMOTE,MSCMF,SMOTE,85_15,85/15,8,5,295480,292554,2926,0.995766211,0.838657501,0.708817498,0.768290424,0.942582382,0.735488316,9a4b308a3c11823c32e1c1c609304988a47f98b19b712da8cd0e246d5fbe6aa8,not fixed; not saved,230.6767237,PASS,2026-09-03T01:05:58
dnn_oof_v1_fixed_5fold_10run_73configs,enzyme,Enzyme,47,MSCMF__SMOTE__85_15,SMOTE,MSCMF,SMOTE,85_15,85/15,9,5,295480,292554,2926,0.995833897,0.845213849,0.709159262,0.771232113,0.942509002,0.731278307,9a4b308a3c11823c32e1c1c609304988a47f98b19b712da8cd0e246d5fbe6aa8,not fixed; not saved,227.2920587,PASS,2026-09-03T01:11:32
dnn_oof_v1_fixed_5fold_10run_73configs,enzyme,Enzyme,47,MSCMF__SMOTE__85_15,SMOTE,MSCMF,SMOTE,85_15,85/15,10,5,295480,292554,2926,0.995580073,0.819905213,0.709501025,0.760718212,0.939210186,0.730973997,9a4b308a3c11823c32e1c1c609304988a47f98b19b712da8cd0e246d5fbe6aa8,not fixed; not saved,226.0863137,PASS,2026-09-03T01:17:06
dnn_oof_v1_fixed_5fold_10run_73configs,enzyme,Enzyme,48,MSCMF__SMOTE__90_10,SMOTE,MSCMF,SMOTE,90_10,Oct-90,1,5,295480,292554,2926,0.995864356,0.849466776,0.707792208,0.772184937,0.939102038,0.741253426,9a4b308a3c11823c32e1c1c609304988a47f98b19b712da8cd0e246d5fbe6aa8,not fixed; not saved,217.2711771,PASS,2026-09-03T01:22:31
dnn_oof_v1_fixed_5fold_10run_73configs,enzyme,Enzyme,48,MSCMF__SMOTE__90_10,SMOTE,MSCMF,SMOTE,90_10,Oct-90,2,5,295480,292554,2926,0.995654528,0.830515298,0.7050581,0.762661738,0.940545977,0.724100449,9a4b308a3c11823c32e1c1c609304988a47f98b19b712da8cd0e246d5fbe6aa8,not fixed; not saved,217.0739083,PASS,2026-09-03T01:27:57
dnn_oof_v1_fixed_5fold_10run_73configs,enzyme,Enzyme,48,MSCMF__SMOTE__90_10,SMOTE,MSCMF,SMOTE,90_10,Oct-90,3,5,295480,292554,2926,0.995959117,0.858443709,0.708817498,0.776488207,0.949587609,0.748428995,9a4b308a3c11823c32e1c1c609304988a47f98b19b712da8cd0e246d5fbe6aa8,not fixed; not saved,215.6468925,PASS,2026-09-03T01:33:21
dnn_oof_v1_fixed_5fold_10run_73configs,enzyme,Enzyme,48,MSCMF__SMOTE__90_10,SMOTE,MSCMF,SMOTE,90_10,Oct-90,4,5,295480,292554,2926,0.99564776,0.826693227,0.709159262,0.763428992,0.946982878,0.736404585,9a4b308a3c11823c32e1c1c609304988a47f98b19b712da8cd0e246d5fbe6aa8,not fixed; not saved,216.2881596,PASS,2026-09-03T01:38:46
dnn_oof_v1_fixed_5fold_10run_73configs,enzyme,Enzyme,48,MSCMF__SMOTE__90_10,SMOTE,MSCMF,SMOTE,90_10,Oct-90,5,5,295480,292554,2926,0.995996345,0.869123253,0.701298701,0.776243616,0.941760025,0.730091366,9a4b308a3c11823c32e1c1c609304988a47f98b19b712da8cd0e246d5fbe6aa8,not fixed; not saved,217.5762117,PASS,2026-09-03T01:44:13
dnn_oof_v1_fixed_5fold_10run_73configs,enzyme,Enzyme,48,MSCMF__SMOTE__90_10,SMOTE,MSCMF,SMOTE,90_10,Oct-90,6,5,295480,292554,2926,0.995999729,0.864548495,0.706766917,0.777735991,0.947327496,0.739244919,9a4b308a3c11823c32e1c1c609304988a47f98b19b712da8cd0e246d5fbe6aa8,not fixed; not saved,220.0392144,PASS,2026-09-03T01:49:42
dnn_oof_v1_fixed_5fold_10run_73configs,enzyme,Enzyme,48,MSCMF__SMOTE__90_10,SMOTE,MSCMF,SMOTE,90_10,Oct-90,7,5,295480,292554,2926,0.995942196,0.859342489,0.705741627,0.775004691,0.940920963,0.736664932,9a4b308a3c11823c32e1c1c609304988a47f98b19b712da8cd0e246d5fbe6aa8,not fixed; not saved,218.0672681,PASS,2026-09-03T01:55:10
dnn_oof_v1_fixed_5fold_10run_73configs,enzyme,Enzyme,48,MSCMF__SMOTE__90_10,SMOTE,MSCMF,SMOTE,90_10,Oct-90,8,5,295480,292554,2926,0.995884662,0.852431987,0.706766917,0.772795217,0.947038601,0.729993922,9a4b308a3c11823c32e1c1c609304988a47f98b19b712da8cd0e246d5fbe6aa8,not fixed; not saved,227.8481452,PASS,2026-09-03T02:00:48
dnn_oof_v1_fixed_5fold_10run_73configs,enzyme,Enzyme,48,MSCMF__SMOTE__90_10,SMOTE,MSCMF,SMOTE,90_10,Oct-90,9,5,295480,292554,2926,0.995874509,0.852540273,0.705399863,0.772021694,0.948994662,0.73691879,9a4b308a3c11823c32e1c1c609304988a47f98b19b712da8cd0e246d5fbe6aa8,not fixed; not saved,216.8203909,PASS,2026-09-03T02:06:15
dnn_oof_v1_fixed_5fold_10run_73configs,enzyme,Enzyme,48,MSCMF__SMOTE__90_10,SMOTE,MSCMF,SMOTE,90_10,Oct-90,10,5,295480,292554,2926,0.995888047,0.85453792,0.704716336,0.772429294,0.940833705,0.734319313,9a4b308a3c11823c32e1c1c609304988a47f98b19b712da8cd0e246d5fbe6aa8,not fixed; not saved,218.7081687,PASS,2026-09-03T02:11:44
dnn_oof_v1_fixed_5fold_10run_73configs,enzyme,Enzyme,49,MSCMF__BasicSMOTE__50_50,Basic SMOTE,MSCMF,BasicSMOTE,50_50,50/50,1,5,295480,292554,2926,0.995515771,0.814291323,0.708817498,0.75790243,0.943393518,0.729189901,9a4b308a3c11823c32e1c1c609304988a47f98b19b712da8cd0e246d5fbe6aa8,not fixed; not saved,372.1272559,PASS,2026-09-03T02:19:48
dnn_oof_v1_fixed_5fold_10run_73configs,enzyme,Enzyme,49,MSCMF__BasicSMOTE__50_50,Basic SMOTE,MSCMF,BasicSMOTE,50_50,50/50,2,5,295480,292554,2926,0.99559361,0.820948617,0.709842789,0.761363636,0.937267504,0.728795349,9a4b308a3c11823c32e1c1c609304988a47f98b19b712da8cd0e246d5fbe6aa8,not fixed; not saved,369.95755,PASS,2026-09-03T02:27:49
dnn_oof_v1_fixed_5fold_10run_73configs,enzyme,Enzyme,49,MSCMF__BasicSMOTE__50_50,Basic SMOTE,MSCMF,BasicSMOTE,50_50,50/50,3,5,295480,292554,2926,0.995624069,0.825688073,0.707450444,0.762009939,0.943574271,0.729415181,9a4b308a3c11823c32e1c1c609304988a47f98b19b712da8cd0e246d5fbe6aa8,not fixed; not saved,378.7435925,PASS,2026-09-03T02:36:00
dnn_oof_v1_fixed_5fold_10run_73configs,enzyme,Enzyme,49,MSCMF__BasicSMOTE__50_50,Basic SMOTE,MSCMF,BasicSMOTE,50_50,50/50,4,5,295480,292554,2926,0.995630838,0.827655311,0.705741627,0.761852057,0.933601549,0.725048695,9a4b308a3c11823c32e1c1c609304988a47f98b19b712da8cd0e246d5fbe6aa8,not fixed; not saved,365.7208431,PASS,2026-09-03T02:43:59
dnn_oof_v1_fixed_5fold_10run_73configs,enzyme,Enzyme,49,MSCMF__BasicSMOTE__50_50,Basic SMOTE,MSCMF,BasicSMOTE,50_50,50/50,5,5,295480,292554,2926,0.995630838,0.823762376,0.710868079,0.763162722,0.943706778,0.74003484,9a4b308a3c11823c32e1c1c609304988a47f98b19b712da8cd0e246d5fbe6aa8,not fixed; not saved,369.3055136,PASS,2026-09-03T02:52:01
dnn_oof_v1_fixed_5fold_10run_73configs,enzyme,Enzyme,49,MSCMF__BasicSMOTE__50_50,Basic SMOTE,MSCMF,BasicSMOTE,50_50,50/50,6,5,295480,292554,2926,0.995492081,0.811815336,0.709159262,0.757022984,0.947568985,0.739414905,9a4b308a3c11823c32e1c1c609304988a47f98b19b712da8cd0e246d5fbe6aa8,not fixed; not saved,371.4793544,PASS,2026-09-03T03:00:06
dnn_oof_v1_fixed_5fold_10run_73configs,enzyme,Enzyme,49,MSCMF__BasicSMOTE__50_50,Basic SMOTE,MSCMF,BasicSMOTE,50_50,50/50,7,5,295480,292554,2926,0.995576689,0.820594059,0.708133971,0.760227481,0.944119827,0.727235383,9a4b308a3c11823c32e1c1c609304988a47f98b19b712da8cd0e246d5fbe6aa8,not fixed; not saved,368.4882555,PASS,2026-09-03T03:08:08
dnn_oof_v1_fixed_5fold_10run_73configs,enzyme,Enzyme,49,MSCMF__BasicSMOTE__50_50,Basic SMOTE,MSCMF,BasicSMOTE,50_50,50/50,8,5,295480,292554,2926,0.995302559,0.793735676,0.710184552,0.74963925,0.947879434,0.732306194,9a4b308a3c11823c32e1c1c609304988a47f98b19b712da8cd0e246d5fbe6aa8,not fixed; not saved,373.2533548,PASS,2026-09-03T03:16:15
dnn_oof_v1_fixed_5fold_10run_73configs,enzyme,Enzyme,49,MSCMF__BasicSMOTE__50_50,Basic SMOTE,MSCMF,BasicSMOTE,50_50,50/50,9,5,295480,292554,2926,0.995603763,0.820401733,0.71189337,0.762305581,0.931615076,0.73168456,9a4b308a3c11823c32e1c1c609304988a47f98b19b712da8cd0e246d5fbe6aa8,not fixed; not saved,370.2967806,PASS,2026-09-03T03:24:19
dnn_oof_v1_fixed_5fold_10run_73configs,enzyme,Enzyme,49,MSCMF__BasicSMOTE__50_50,Basic SMOTE,MSCMF,BasicSMOTE,50_50,50/50,10,5,295480,292554,2926,0.995461622,0.810176125,0.707450444,0.755336617,0.94250043,0.730073956,9a4b308a3c11823c32e1c1c609304988a47f98b19b712da8cd0e246d5fbe6aa8,not fixed; not saved,365.5375729,PASS,2026-09-03T03:32:19
dnn_oof_v1_fixed_5fold_10run_73configs,enzyme,Enzyme,50,MSCMF__BasicSMOTE__80_20,Basic SMOTE,MSCMF,BasicSMOTE,80_20,80/20,1,5,295480,292554,2926,0.995640991,0.827338129,0.707450444,0.762711864,0.946192528,0.729093166,9a4b308a3c11823c32e1c1c609304988a47f98b19b712da8cd0e246d5fbe6aa8,not fixed; not saved,241.2306814,PASS,2026-09-03T03:38:14
dnn_oof_v1_fixed_5fold_10run_73configs,enzyme,Enzyme,50,MSCMF__BasicSMOTE__80_20,Basic SMOTE,MSCMF,BasicSMOTE,80_20,80/20,2,5,295480,292554,2926,0.995573304,0.820777161,0.707450444,0.759911894,0.941618181,0.72082756,9a4b308a3c11823c32e1c1c609304988a47f98b19b712da8cd0e246d5fbe6aa8,not fixed; not saved,239.95105,PASS,2026-09-03T03:44:08
dnn_oof_v1_fixed_5fold_10run_73configs,enzyme,Enzyme,50,MSCMF__BasicSMOTE__80_20,Basic SMOTE,MSCMF,BasicSMOTE,80_20,80/20,3,5,295480,292554,2926,0.995529308,0.815324165,0.709159262,0.758545056,0.942214536,0.726418406,9a4b308a3c11823c32e1c1c609304988a47f98b19b712da8cd0e246d5fbe6aa8,not fixed; not saved,243.4209747,PASS,2026-09-03T03:50:06
dnn_oof_v1_fixed_5fold_10run_73configs,enzyme,Enzyme,50,MSCMF__BasicSMOTE__80_20,Basic SMOTE,MSCMF,BasicSMOTE,80_20,80/20,4,5,295480,292554,2926,0.995708677,0.834814216,0.706425154,0.765272121,0.939317671,0.729388446,9a4b308a3c11823c32e1c1c609304988a47f98b19b712da8cd0e246d5fbe6aa8,not fixed; not saved,241.5725696,PASS,2026-09-03T03:56:03
dnn_oof_v1_fixed_5fold_10run_73configs,enzyme,Enzyme,50,MSCMF__BasicSMOTE__80_20,Basic SMOTE,MSCMF,BasicSMOTE,80_20,80/20,5,5,295480,292554,2926,0.995285637,0.794921124,0.70608339,0.747873303,0.944508712,0.729452326,9a4b308a3c11823c32e1c1c609304988a47f98b19b712da8cd0e246d5fbe6aa8,not fixed; not saved,240.9588113,PASS,2026-09-03T04:02:01
dnn_oof_v1_fixed_5fold_10run_73configs,enzyme,Enzyme,50,MSCMF__BasicSMOTE__80_20,Basic SMOTE,MSCMF,BasicSMOTE,80_20,80/20,6,5,295480,292554,2926,0.995850819,0.850660066,0.704716336,0.770841121,0.944492475,0.731629318,9a4b308a3c11823c32e1c1c609304988a47f98b19b712da8cd0e246d5fbe6aa8,not fixed; not saved,240.8960276,PASS,2026-09-03T04:07:57
dnn_oof_v1_fixed_5fold_10run_73configs,enzyme,Enzyme,50,MSCMF__BasicSMOTE__80_20,Basic SMOTE,MSCMF,BasicSMOTE,80_20,80/20,7,5,295480,292554,2926,0.995651144,0.82754491,0.708475735,0.763395323,0.939404687,0.726224257,9a4b308a3c11823c32e1c1c609304988a47f98b19b712da8cd0e246d5fbe6aa8,not fixed; not saved,241.3451717,PASS,2026-09-03T04:13:55
dnn_oof_v1_fixed_5fold_10run_73configs,enzyme,Enzyme,50,MSCMF__BasicSMOTE__80_20,Basic SMOTE,MSCMF,BasicSMOTE,80_20,80/20,8,5,295480,292554,2926,0.995827129,0.845369237,0.708133971,0.770689976,0.942511747,0.73157,9a4b308a3c11823c32e1c1c609304988a47f98b19b712da8cd0e246d5fbe6aa8,not fixed; not saved,244.0080435,PASS,2026-09-03T04:19:55
dnn_oof_v1_fixed_5fold_10run_73configs,enzyme,Enzyme,50,MSCMF__BasicSMOTE__80_20,Basic SMOTE,MSCMF,BasicSMOTE,80_20,80/20,9,5,295480,292554,2926,0.995847435,0.8497324,0.705399863,0.770868347,0.942990443,0.734128441,9a4b308a3c11823c32e1c1c609304988a47f98b19b712da8cd0e246d5fbe6aa8,not fixed; not saved,245.5123115,PASS,2026-09-03T04:25:57
dnn_oof_v1_fixed_5fold_10run_73configs,enzyme,Enzyme,50,MSCMF__BasicSMOTE__80_20,Basic SMOTE,MSCMF,BasicSMOTE,80_20,80/20,10,5,295480,292554,2926,0.995810207,0.840597256,0.71189337,0.770910437,0.949682599,0.747046143,9a4b308a3c11823c32e1c1c609304988a47f98b19b712da8cd0e246d5fbe6aa8,not fixed; not saved,239.1389267,PASS,2026-09-03T04:31:53
dnn_oof_v1_fixed_5fold_10run_73configs,enzyme,Enzyme,51,MSCMF__BasicSMOTE__85_15,Basic SMOTE,MSCMF,BasicSMOTE,85_15,85/15,1,5,295480,292554,2926,0.99546839,0.810324599,0.708133971,0.755790626,0.934994687,0.729947931,9a4b308a3c11823c32e1c1c609304988a47f98b19b712da8cd0e246d5fbe6aa8,not fixed; not saved,228.5996051,PASS,2026-09-03T04:37:38
dnn_oof_v1_fixed_5fold_10run_73configs,enzyme,Enzyme,51,MSCMF__BasicSMOTE__85_15,Basic SMOTE,MSCMF,BasicSMOTE,85_15,85/15,2,5,295480,292554,2926,0.995766211,0.840862841,0.70608339,0.767601709,0.946462497,0.724229064,9a4b308a3c11823c32e1c1c609304988a47f98b19b712da8cd0e246d5fbe6aa8,not fixed; not saved,227.3656371,PASS,2026-09-03T04:43:23
dnn_oof_v1_fixed_5fold_10run_73configs,enzyme,Enzyme,51,MSCMF__BasicSMOTE__85_15,Basic SMOTE,MSCMF,BasicSMOTE,85_15,85/15,3,5,295480,292554,2926,0.99569514,0.834817814,0.704716336,0.76426983,0.937883242,0.721586581,9a4b308a3c11823c32e1c1c609304988a47f98b19b712da8cd0e246d5fbe6aa8,not fixed; not saved,227.4328568,PASS,2026-09-03T04:49:08
dnn_oof_v1_fixed_5fold_10run_73configs,enzyme,Enzyme,51,MSCMF__BasicSMOTE__85_15,Basic SMOTE,MSCMF,BasicSMOTE,85_15,85/15,4,5,295480,292554,2926,0.995942196,0.857261067,0.708133971,0.775594235,0.941289137,0.729979375,9a4b308a3c11823c32e1c1c609304988a47f98b19b712da8cd0e246d5fbe6aa8,not fixed; not saved,233.4413946,PASS,2026-09-03T04:54:59
dnn_oof_v1_fixed_5fold_10run_73configs,enzyme,Enzyme,51,MSCMF__BasicSMOTE__85_15,Basic SMOTE,MSCMF,BasicSMOTE,85_15,85/15,5,5,295480,292554,2926,0.995373629,0.801780875,0.707792208,0.751860592,0.940017673,0.72742156,9a4b308a3c11823c32e1c1c609304988a47f98b19b712da8cd0e246d5fbe6aa8,not fixed; not saved,230.7203169,PASS,2026-09-03T05:00:48
dnn_oof_v1_fixed_5fold_10run_73configs,enzyme,Enzyme,51,MSCMF__BasicSMOTE__85_15,Basic SMOTE,MSCMF,BasicSMOTE,85_15,85/15,6,5,295480,292554,2926,0.995908353,0.855781185,0.705741627,0.7735531,0.946729119,0.742557788,9a4b308a3c11823c32e1c1c609304988a47f98b19b712da8cd0e246d5fbe6aa8,not fixed; not saved,233.2138608,PASS,2026-09-03T05:06:40
dnn_oof_v1_fixed_5fold_10run_73configs,enzyme,Enzyme,51,MSCMF__BasicSMOTE__85_15,Basic SMOTE,MSCMF,BasicSMOTE,85_15,85/15,7,5,295480,292554,2926,0.995850819,0.846373268,0.709842789,0.772118959,0.944745676,0.736463448,9a4b308a3c11823c32e1c1c609304988a47f98b19b712da8cd0e246d5fbe6aa8,not fixed; not saved,225.947227,PASS,2026-09-03T05:12:25
dnn_oof_v1_fixed_5fold_10run_73configs,enzyme,Enzyme,51,MSCMF__BasicSMOTE__85_15,Basic SMOTE,MSCMF,BasicSMOTE,85_15,85/15,8,5,295480,292554,2926,0.99579667,0.844799345,0.7050581,0.768628912,0.935404202,0.737848187,9a4b308a3c11823c32e1c1c609304988a47f98b19b712da8cd0e246d5fbe6aa8,not fixed; not saved,232.1705866,PASS,2026-09-03T05:18:16
dnn_oof_v1_fixed_5fold_10run_73configs,enzyme,Enzyme,51,MSCMF__BasicSMOTE__85_15,Basic SMOTE,MSCMF,BasicSMOTE,85_15,85/15,9,5,295480,292554,2926,0.995607148,0.822503962,0.709501025,0.761834862,0.943869201,0.73740224,9a4b308a3c11823c32e1c1c609304988a47f98b19b712da8cd0e246d5fbe6aa8,not fixed; not saved,231.8564465,PASS,2026-09-03T05:24:07
dnn_oof_v1_fixed_5fold_10run_73configs,enzyme,Enzyme,51,MSCMF__BasicSMOTE__85_15,Basic SMOTE,MSCMF,BasicSMOTE,85_15,85/15,10,5,295480,292554,2926,0.995725599,0.835959596,0.707108681,0.766154416,0.950463123,0.736344242,9a4b308a3c11823c32e1c1c609304988a47f98b19b712da8cd0e246d5fbe6aa8,not fixed; not saved,228.3819518,PASS,2026-09-03T05:29:55
dnn_oof_v1_fixed_5fold_10run_73configs,enzyme,Enzyme,52,MSCMF__BasicSMOTE__90_10,Basic SMOTE,MSCMF,BasicSMOTE,90_10,Oct-90,1,5,295480,292554,2926,0.995928658,0.859407593,0.704032809,0.773999624,0.943163566,0.730395954,9a4b308a3c11823c32e1c1c609304988a47f98b19b712da8cd0e246d5fbe6aa8,not fixed; not saved,218.6458285,PASS,2026-09-03T05:35:34
dnn_oof_v1_fixed_5fold_10run_73configs,enzyme,Enzyme,52,MSCMF__BasicSMOTE__90_10,Basic SMOTE,MSCMF,BasicSMOTE,90_10,Oct-90,2,5,295480,292554,2926,0.995867741,0.852418355,0.704716336,0.771562208,0.943851191,0.730724982,9a4b308a3c11823c32e1c1c609304988a47f98b19b712da8cd0e246d5fbe6aa8,not fixed; not saved,219.6598158,PASS,2026-09-03T05:41:15
dnn_oof_v1_fixed_5fold_10run_73configs,enzyme,Enzyme,52,MSCMF__BasicSMOTE__90_10,Basic SMOTE,MSCMF,BasicSMOTE,90_10,Oct-90,3,5,295480,292554,2926,0.995708677,0.83699187,0.703691046,0.764574824,0.943965251,0.728203179,9a4b308a3c11823c32e1c1c609304988a47f98b19b712da8cd0e246d5fbe6aa8,not fixed; not saved,229.5527878,PASS,2026-09-03T05:47:08
dnn_oof_v1_fixed_5fold_10run_73configs,enzyme,Enzyme,52,MSCMF__BasicSMOTE__90_10,Basic SMOTE,MSCMF,BasicSMOTE,90_10,Oct-90,4,5,295480,292554,2926,0.995705293,0.835018197,0.705741627,0.764956473,0.944428443,0.731335333,9a4b308a3c11823c32e1c1c609304988a47f98b19b712da8cd0e246d5fbe6aa8,not fixed; not saved,209.523653,PASS,2026-09-03T05:52:41
dnn_oof_v1_fixed_5fold_10run_73configs,enzyme,Enzyme,52,MSCMF__BasicSMOTE__90_10,Basic SMOTE,MSCMF,BasicSMOTE,90_10,Oct-90,5,5,295480,292554,2926,0.995830513,0.844308943,0.709842789,0.771258819,0.943769128,0.728431504,9a4b308a3c11823c32e1c1c609304988a47f98b19b712da8cd0e246d5fbe6aa8,not fixed; not saved,211.5559769,PASS,2026-09-03T05:58:15
dnn_oof_v1_fixed_5fold_10run_73configs,enzyme,Enzyme,52,MSCMF__BasicSMOTE__90_10,Basic SMOTE,MSCMF,BasicSMOTE,90_10,Oct-90,6,5,295480,292554,2926,0.995590226,0.826034552,0.702665755,0.759372114,0.944237445,0.707985499,9a4b308a3c11823c32e1c1c609304988a47f98b19b712da8cd0e246d5fbe6aa8,not fixed; not saved,249.8529515,PASS,2026-09-03T06:04:27
dnn_oof_v1_fixed_5fold_10run_73configs,enzyme,Enzyme,52,MSCMF__BasicSMOTE__90_10,Basic SMOTE,MSCMF,BasicSMOTE,90_10,Oct-90,7,5,295480,292554,2926,0.99602342,0.86925348,0.704374573,0.778176326,0.941539449,0.730652478,9a4b308a3c11823c32e1c1c609304988a47f98b19b712da8cd0e246d5fbe6aa8,not fixed; not saved,223.1386092,PASS,2026-09-03T06:10:16
dnn_oof_v1_fixed_5fold_10run_73configs,enzyme,Enzyme,52,MSCMF__BasicSMOTE__90_10,Basic SMOTE,MSCMF,BasicSMOTE,90_10,Oct-90,8,5,295480,292554,2926,0.995867741,0.850967476,0.706425154,0.771988796,0.937486595,0.73371791,9a4b308a3c11823c32e1c1c609304988a47f98b19b712da8cd0e246d5fbe6aa8,not fixed; not saved,208.1451893,PASS,2026-09-03T06:15:50
dnn_oof_v1_fixed_5fold_10run_73configs,enzyme,Enzyme,52,MSCMF__BasicSMOTE__90_10,Basic SMOTE,MSCMF,BasicSMOTE,90_10,Oct-90,9,5,295480,292554,2926,0.995485312,0.809968847,0.710868079,0.757189661,0.943834866,0.727341733,9a4b308a3c11823c32e1c1c609304988a47f98b19b712da8cd0e246d5fbe6aa8,not fixed; not saved,269.5680671,PASS,2026-09-03T06:22:34
dnn_oof_v1_fixed_5fold_10run_73configs,enzyme,Enzyme,52,MSCMF__BasicSMOTE__90_10,Basic SMOTE,MSCMF,BasicSMOTE,90_10,Oct-90,10,5,295480,292554,2926,0.995932043,0.858270989,0.705741627,0.774568642,0.942959406,0.734170253,9a4b308a3c11823c32e1c1c609304988a47f98b19b712da8cd0e246d5fbe6aa8,not fixed; not saved,296.8003495,PASS,2026-09-03T06:29:49
dnn_oof_v1_fixed_5fold_10run_73configs,enzyme,Enzyme,53,MSCMF__KMeansSMOTE__50_50,k-Means SMOTE,MSCMF,KMeansSMOTE,50_50,50/50,1,5,295480,292554,2926,0.995908353,0.86798114,0.692071087,0.770108386,0.9468638,0.731891726,9a4b308a3c11823c32e1c1c609304988a47f98b19b712da8cd0e246d5fbe6aa8,not fixed; not saved,508.7665539,PASS,2026-09-03T06:40:40
dnn_oof_v1_fixed_5fold_10run_73configs,enzyme,Enzyme,53,MSCMF__KMeansSMOTE__50_50,k-Means SMOTE,MSCMF,KMeansSMOTE,50_50,50/50,2,5,295480,292554,2926,0.996104643,0.887385421,0.694805195,0.77937512,0.938565183,0.729768087,9a4b308a3c11823c32e1c1c609304988a47f98b19b712da8cd0e246d5fbe6aa8,not fixed; not saved,511.0142999,PASS,2026-09-03T06:51:30
dnn_oof_v1_fixed_5fold_10run_73configs,enzyme,Enzyme,53,MSCMF__KMeansSMOTE__50_50,k-Means SMOTE,MSCMF,KMeansSMOTE,50_50,50/50,3,5,295480,292554,2926,0.996165561,0.891313837,0.697881066,0.782825379,0.948724215,0.749633283,9a4b308a3c11823c32e1c1c609304988a47f98b19b712da8cd0e246d5fbe6aa8,not fixed; not saved,508.2122111,PASS,2026-09-03T07:02:18
dnn_oof_v1_fixed_5fold_10run_73configs,enzyme,Enzyme,53,MSCMF__KMeansSMOTE__50_50,k-Means SMOTE,MSCMF,KMeansSMOTE,50_50,50/50,4,5,295480,292554,2926,0.996138487,0.892998679,0.693096377,0.78045026,0.944847738,0.737021177,9a4b308a3c11823c32e1c1c609304988a47f98b19b712da8cd0e246d5fbe6aa8,not fixed; not saved,501.4068265,PASS,2026-09-03T07:12:56
dnn_oof_v1_fixed_5fold_10run_73configs,enzyme,Enzyme,53,MSCMF__KMeansSMOTE__50_50,k-Means SMOTE,MSCMF,KMeansSMOTE,50_50,50/50,5,5,295480,292554,2926,0.996067416,0.880829016,0.697197539,0.778328882,0.944291943,0.739273737,9a4b308a3c11823c32e1c1c609304988a47f98b19b712da8cd0e246d5fbe6aa8,not fixed; not saved,505.9660363,PASS,2026-09-03T07:23:40
dnn_oof_v1_fixed_5fold_10run_73configs,enzyme,Enzyme,53,MSCMF__KMeansSMOTE__50_50,k-Means SMOTE,MSCMF,KMeansSMOTE,50_50,50/50,6,5,295480,292554,2926,0.995823744,0.851620948,0.700273411,0.768567142,0.944221635,0.739676891,9a4b308a3c11823c32e1c1c609304988a47f98b19b712da8cd0e246d5fbe6aa8,not fixed; not saved,519.5607848,PASS,2026-09-03T07:34:43
dnn_oof_v1_fixed_5fold_10run_73configs,enzyme,Enzyme,53,MSCMF__KMeansSMOTE__50_50,k-Means SMOTE,MSCMF,KMeansSMOTE,50_50,50/50,7,5,295480,292554,2926,0.996050494,0.879258301,0.696855776,0.777502383,0.944331265,0.736896805,9a4b308a3c11823c32e1c1c609304988a47f98b19b712da8cd0e246d5fbe6aa8,not fixed; not saved,600.7074838,PASS,2026-09-03T07:47:11
dnn_oof_v1_fixed_5fold_10run_73configs,enzyme,Enzyme,53,MSCMF__KMeansSMOTE__50_50,k-Means SMOTE,MSCMF,KMeansSMOTE,50_50,50/50,8,5,295480,292554,2926,0.99604711,0.886883803,0.688653452,0.775298192,0.938016703,0.728313841,9a4b308a3c11823c32e1c1c609304988a47f98b19b712da8cd0e246d5fbe6aa8,not fixed; not saved,540.8666563,PASS,2026-09-03T07:58:36
dnn_oof_v1_fixed_5fold_10run_73configs,enzyme,Enzyme,53,MSCMF__KMeansSMOTE__50_50,k-Means SMOTE,MSCMF,KMeansSMOTE,50_50,50/50,9,5,295480,292554,2926,0.996179098,0.88812095,0.702665755,0.784583095,0.946004524,0.744513683,9a4b308a3c11823c32e1c1c609304988a47f98b19b712da8cd0e246d5fbe6aa8,not fixed; not saved,608.6663778,PASS,2026-09-03T08:11:07
dnn_oof_v1_fixed_5fold_10run_73configs,enzyme,Enzyme,53,MSCMF__KMeansSMOTE__50_50,k-Means SMOTE,MSCMF,KMeansSMOTE,50_50,50/50,10,5,295480,292554,2926,0.996121565,0.884615385,0.699589884,0.78129771,0.943905375,0.738949709,9a4b308a3c11823c32e1c1c609304988a47f98b19b712da8cd0e246d5fbe6aa8,not fixed; not saved,607.672102,PASS,2026-09-03T08:23:32
dnn_oof_v1_fixed_5fold_10run_73configs,enzyme,Enzyme,54,MSCMF__KMeansSMOTE__80_20,k-Means SMOTE,MSCMF,KMeansSMOTE,80_20,80/20,1,5,295480,292554,2926,0.996091106,0.874735506,0.706425154,0.781622235,0.941394787,0.746272591,9a4b308a3c11823c32e1c1c609304988a47f98b19b712da8cd0e246d5fbe6aa8,not fixed; not saved,390.1386209,PASS,2026-09-03T08:32:22
dnn_oof_v1_fixed_5fold_10run_73configs,enzyme,Enzyme,54,MSCMF__KMeansSMOTE__80_20,k-Means SMOTE,MSCMF,KMeansSMOTE,80_20,80/20,2,5,295480,292554,2926,0.996131718,0.891868132,0.693438141,0.78023457,0.946325251,0.738098128,9a4b308a3c11823c32e1c1c609304988a47f98b19b712da8cd0e246d5fbe6aa8,not fixed; not saved,386.4744751,PASS,2026-09-03T08:41:08
dnn_oof_v1_fixed_5fold_10run_73configs,enzyme,Enzyme,54,MSCMF__KMeansSMOTE__80_20,k-Means SMOTE,MSCMF,KMeansSMOTE,80_20,80/20,3,5,295480,292554,2926,0.99604711,0.882506527,0.693096377,0.776416539,0.948367595,0.742877585,9a4b308a3c11823c32e1c1c609304988a47f98b19b712da8cd0e246d5fbe6aa8,not fixed; not saved,385.6501498,PASS,2026-09-03T08:49:53
dnn_oof_v1_fixed_5fold_10run_73configs,enzyme,Enzyme,54,MSCMF__KMeansSMOTE__80_20,k-Means SMOTE,MSCMF,KMeansSMOTE,80_20,80/20,4,5,295480,292554,2926,0.996209557,0.907490975,0.687286398,0.78218592,0.940790547,0.726513433,9a4b308a3c11823c32e1c1c609304988a47f98b19b712da8cd0e246d5fbe6aa8,not fixed; not saved,392.1572585,PASS,2026-09-03T08:58:45
dnn_oof_v1_fixed_5fold_10run_73configs,enzyme,Enzyme,54,MSCMF__KMeansSMOTE__80_20,k-Means SMOTE,MSCMF,KMeansSMOTE,80_20,80/20,5,5,295480,292554,2926,0.996043725,0.874626866,0.700956938,0.778220452,0.944835112,0.737048616,9a4b308a3c11823c32e1c1c609304988a47f98b19b712da8cd0e246d5fbe6aa8,not fixed; not saved,391.9245167,PASS,2026-09-03T09:07:36
dnn_oof_v1_fixed_5fold_10run_73configs,enzyme,Enzyme,54,MSCMF__KMeansSMOTE__80_20,k-Means SMOTE,MSCMF,KMeansSMOTE,80_20,80/20,6,5,295480,292554,2926,0.996223095,0.902580071,0.693438141,0.784306146,0.94259321,0.738368193,9a4b308a3c11823c32e1c1c609304988a47f98b19b712da8cd0e246d5fbe6aa8,not fixed; not saved,398.0536683,PASS,2026-09-03T09:16:35
dnn_oof_v1_fixed_5fold_10run_73configs,enzyme,Enzyme,54,MSCMF__KMeansSMOTE__80_20,k-Means SMOTE,MSCMF,KMeansSMOTE,80_20,80/20,7,5,295480,292554,2926,0.996036957,0.89017341,0.684210526,0.773719807,0.941344208,0.734495957,9a4b308a3c11823c32e1c1c609304988a47f98b19b712da8cd0e246d5fbe6aa8,not fixed; not saved,386.4896955,PASS,2026-09-03T09:25:21
dnn_oof_v1_fixed_5fold_10run_73configs,enzyme,Enzyme,54,MSCMF__KMeansSMOTE__80_20,k-Means SMOTE,MSCMF,KMeansSMOTE,80_20,80/20,8,5,295480,292554,2926,0.996026804,0.887610619,0.68557758,0.773621288,0.938812725,0.725479354,9a4b308a3c11823c32e1c1c609304988a47f98b19b712da8cd0e246d5fbe6aa8,not fixed; not saved,388.8420827,PASS,2026-09-03T09:34:09
dnn_oof_v1_fixed_5fold_10run_73configs,enzyme,Enzyme,54,MSCMF__KMeansSMOTE__80_20,k-Means SMOTE,MSCMF,KMeansSMOTE,80_20,80/20,9,5,295480,292554,2926,0.996118181,0.883570505,0.700273411,0.781315539,0.94026524,0.738234459,9a4b308a3c11823c32e1c1c609304988a47f98b19b712da8cd0e246d5fbe6aa8,not fixed; not saved,387.3581879,PASS,2026-09-03T09:42:56
dnn_oof_v1_fixed_5fold_10run_73configs,enzyme,Enzyme,54,MSCMF__KMeansSMOTE__80_20,k-Means SMOTE,MSCMF,KMeansSMOTE,80_20,80/20,10,5,295480,292554,2926,0.996158792,0.888840643,0.699589884,0.782941289,0.945140631,0.743143086,9a4b308a3c11823c32e1c1c609304988a47f98b19b712da8cd0e246d5fbe6aa8,not fixed; not saved,390.2326741,PASS,2026-09-03T09:51:47
dnn_oof_v1_fixed_5fold_10run_73configs,enzyme,Enzyme,55,MSCMF__KMeansSMOTE__85_15,k-Means SMOTE,MSCMF,KMeansSMOTE,85_15,85/15,1,5,295480,292554,2926,0.996240016,0.897503285,0.700273411,0.7867153,0.946037578,0.737621355,9a4b308a3c11823c32e1c1c609304988a47f98b19b712da8cd0e246d5fbe6aa8,not fixed; not saved,365.2623875,PASS,2026-09-03T10:00:13
dnn_oof_v1_fixed_5fold_10run_73configs,enzyme,Enzyme,55,MSCMF__KMeansSMOTE__85_15,k-Means SMOTE,MSCMF,KMeansSMOTE,85_15,85/15,2,5,295480,292554,2926,0.996131718,0.888791976,0.696514012,0.780992527,0.941440326,0.739363733,9a4b308a3c11823c32e1c1c609304988a47f98b19b712da8cd0e246d5fbe6aa8,not fixed; not saved,369.0371308,PASS,2026-09-03T10:08:42
dnn_oof_v1_fixed_5fold_10run_73configs,enzyme,Enzyme,55,MSCMF__KMeansSMOTE__85_15,k-Means SMOTE,MSCMF,KMeansSMOTE,85_15,85/15,3,5,295480,292554,2926,0.995989576,0.867454622,0.702323992,0.776203966,0.946391017,0.746103958,9a4b308a3c11823c32e1c1c609304988a47f98b19b712da8cd0e246d5fbe6aa8,not fixed; not saved,364.7224243,PASS,2026-09-03T10:17:09
dnn_oof_v1_fixed_5fold_10run_73configs,enzyme,Enzyme,55,MSCMF__KMeansSMOTE__85_15,k-Means SMOTE,MSCMF,KMeansSMOTE,85_15,85/15,4,5,295480,292554,2926,0.996009882,0.876346402,0.695146958,0.775300172,0.938368843,0.733580044,9a4b308a3c11823c32e1c1c609304988a47f98b19b712da8cd0e246d5fbe6aa8,not fixed; not saved,369.3338201,PASS,2026-09-03T10:25:40
dnn_oof_v1_fixed_5fold_10run_73configs,enzyme,Enzyme,55,MSCMF__KMeansSMOTE__85_15,k-Means SMOTE,MSCMF,KMeansSMOTE,85_15,85/15,5,5,295480,292554,2926,0.995881278,0.859486748,0.69822283,0.77050726,0.946482269,0.731772594,9a4b308a3c11823c32e1c1c609304988a47f98b19b712da8cd0e246d5fbe6aa8,not fixed; not saved,371.0318429,PASS,2026-09-03T10:34:11
dnn_oof_v1_fixed_5fold_10run_73configs,enzyme,Enzyme,55,MSCMF__KMeansSMOTE__85_15,k-Means SMOTE,MSCMF,KMeansSMOTE,85_15,85/15,6,5,295480,292554,2926,0.995901584,0.870090634,0.688995215,0.769025367,0.941553209,0.735076779,9a4b308a3c11823c32e1c1c609304988a47f98b19b712da8cd0e246d5fbe6aa8,not fixed; not saved,370.0778949,PASS,2026-09-03T10:42:43
dnn_oof_v1_fixed_5fold_10run_73configs,enzyme,Enzyme,55,MSCMF__KMeansSMOTE__85_15,k-Means SMOTE,MSCMF,KMeansSMOTE,85_15,85/15,7,5,295480,292554,2926,0.996091106,0.879229122,0.701640465,0.780459989,0.945149224,0.732768614,9a4b308a3c11823c32e1c1c609304988a47f98b19b712da8cd0e246d5fbe6aa8,not fixed; not saved,373.7609344,PASS,2026-09-03T10:51:17
dnn_oof_v1_fixed_5fold_10run_73configs,enzyme,Enzyme,55,MSCMF__KMeansSMOTE__85_15,k-Means SMOTE,MSCMF,KMeansSMOTE,85_15,85/15,8,5,295480,292554,2926,0.99609449,0.890652557,0.690362269,0.777820562,0.940020865,0.732978449,9a4b308a3c11823c32e1c1c609304988a47f98b19b712da8cd0e246d5fbe6aa8,not fixed; not saved,365.709583,PASS,2026-09-03T10:59:47
dnn_oof_v1_fixed_5fold_10run_73configs,enzyme,Enzyme,55,MSCMF__KMeansSMOTE__85_15,k-Means SMOTE,MSCMF,KMeansSMOTE,85_15,85/15,9,5,295480,292554,2926,0.996212942,0.887934736,0.706766917,0.787059943,0.945425655,0.743927677,9a4b308a3c11823c32e1c1c609304988a47f98b19b712da8cd0e246d5fbe6aa8,not fixed; not saved,360.6708055,PASS,2026-09-03T11:08:10
dnn_oof_v1_fixed_5fold_10run_73configs,enzyme,Enzyme,55,MSCMF__KMeansSMOTE__85_15,k-Means SMOTE,MSCMF,KMeansSMOTE,85_15,85/15,10,5,295480,292554,2926,0.995955733,0.870029927,0.695488722,0.77302944,0.934945544,0.735178821,9a4b308a3c11823c32e1c1c609304988a47f98b19b712da8cd0e246d5fbe6aa8,not fixed; not saved,367.5429809,PASS,2026-09-03T11:16:42
dnn_oof_v1_fixed_5fold_10run_73configs,enzyme,Enzyme,56,MSCMF__KMeansSMOTE__90_10,k-Means SMOTE,MSCMF,KMeansSMOTE,90_10,Oct-90,1,5,295480,292554,2926,0.99619602,0.889705882,0.703007519,0.78541428,0.943676364,0.734134577,9a4b308a3c11823c32e1c1c609304988a47f98b19b712da8cd0e246d5fbe6aa8,not fixed; not saved,341.0933697,PASS,2026-09-03T11:24:46
dnn_oof_v1_fixed_5fold_10run_73configs,enzyme,Enzyme,56,MSCMF__KMeansSMOTE__90_10,k-Means SMOTE,MSCMF,KMeansSMOTE,90_10,Oct-90,2,5,295480,292554,2926,0.99592189,0.856610029,0.706425154,0.774302304,0.948891297,0.736039808,9a4b308a3c11823c32e1c1c609304988a47f98b19b712da8cd0e246d5fbe6aa8,not fixed; not saved,339.5584207,PASS,2026-09-03T11:32:49
dnn_oof_v1_fixed_5fold_10run_73configs,enzyme,Enzyme,56,MSCMF__KMeansSMOTE__90_10,k-Means SMOTE,MSCMF,KMeansSMOTE,90_10,Oct-90,3,5,295480,292554,2926,0.996256938,0.899824253,0.699931647,0.787389466,0.939517576,0.737234907,9a4b308a3c11823c32e1c1c609304988a47f98b19b712da8cd0e246d5fbe6aa8,not fixed; not saved,352.5915549,PASS,2026-09-03T11:41:04
dnn_oof_v1_fixed_5fold_10run_73configs,enzyme,Enzyme,56,MSCMF__KMeansSMOTE__90_10,k-Means SMOTE,MSCMF,KMeansSMOTE,90_10,Oct-90,4,5,295480,292554,2926,0.996104643,0.88336933,0.698906357,0.780385423,0.946701682,0.733266617,9a4b308a3c11823c32e1c1c609304988a47f98b19b712da8cd0e246d5fbe6aa8,not fixed; not saved,342.7643778,PASS,2026-09-03T11:49:10
dnn_oof_v1_fixed_5fold_10run_73configs,enzyme,Enzyme,56,MSCMF__KMeansSMOTE__90_10,k-Means SMOTE,MSCMF,KMeansSMOTE,90_10,Oct-90,5,5,295480,292554,2926,0.996118181,0.882580645,0.701298701,0.781565416,0.945302048,0.747832977,9a4b308a3c11823c32e1c1c609304988a47f98b19b712da8cd0e246d5fbe6aa8,not fixed; not saved,346.4230897,PASS,2026-09-03T11:57:23
dnn_oof_v1_fixed_5fold_10run_73configs,enzyme,Enzyme,56,MSCMF__KMeansSMOTE__90_10,k-Means SMOTE,MSCMF,KMeansSMOTE,90_10,Oct-90,6,5,295480,292554,2926,0.996135102,0.885479689,0.700273411,0.782061069,0.945332654,0.737816512,9a4b308a3c11823c32e1c1c609304988a47f98b19b712da8cd0e246d5fbe6aa8,not fixed; not saved,346.2566009,PASS,2026-09-03T12:05:34
dnn_oof_v1_fixed_5fold_10run_73configs,enzyme,Enzyme,56,MSCMF__KMeansSMOTE__90_10,k-Means SMOTE,MSCMF,KMeansSMOTE,90_10,Oct-90,7,5,295480,292554,2926,0.996209557,0.893979058,0.700273411,0.785358375,0.946446628,0.736355958,9a4b308a3c11823c32e1c1c609304988a47f98b19b712da8cd0e246d5fbe6aa8,not fixed; not saved,346.3871267,PASS,2026-09-03T12:13:46
dnn_oof_v1_fixed_5fold_10run_73configs,enzyme,Enzyme,56,MSCMF__KMeansSMOTE__90_10,k-Means SMOTE,MSCMF,KMeansSMOTE,90_10,Oct-90,8,5,295480,292554,2926,0.9960708,0.878917991,0.699589884,0.779067555,0.939402518,0.733167905,9a4b308a3c11823c32e1c1c609304988a47f98b19b712da8cd0e246d5fbe6aa8,not fixed; not saved,341.3885655,PASS,2026-09-03T12:21:53
dnn_oof_v1_fixed_5fold_10run_73configs,enzyme,Enzyme,56,MSCMF__KMeansSMOTE__90_10,k-Means SMOTE,MSCMF,KMeansSMOTE,90_10,Oct-90,9,5,295480,292554,2926,0.996246785,0.898989899,0.699589884,0.786853738,0.942479768,0.739393945,9a4b308a3c11823c32e1c1c609304988a47f98b19b712da8cd0e246d5fbe6aa8,not fixed; not saved,341.7325926,PASS,2026-09-03T12:29:59
dnn_oof_v1_fixed_5fold_10run_73configs,enzyme,Enzyme,56,MSCMF__KMeansSMOTE__90_10,k-Means SMOTE,MSCMF,KMeansSMOTE,90_10,Oct-90,10,5,295480,292554,2926,0.996124949,0.883340508,0.701298701,0.781863212,0.946733174,0.736647577,9a4b308a3c11823c32e1c1c609304988a47f98b19b712da8cd0e246d5fbe6aa8,not fixed; not saved,340.8766644,PASS,2026-09-03T12:38:04
dnn_oof_v1_fixed_5fold_10run_73configs,enzyme,Enzyme,57,MSCMF__SMOTETomekLinks__50_50,SMOTE + Tomek Links,MSCMF,SMOTETomekLinks,50_50,50/50,1,5,295480,292554,2926,0.99567145,0.826397146,0.712576897,0.765278033,0.942271865,0.73476551,9a4b308a3c11823c32e1c1c609304988a47f98b19b712da8cd0e246d5fbe6aa8,not fixed; not saved,585.0897467,PASS,2026-09-03T12:50:14
dnn_oof_v1_fixed_5fold_10run_73configs,enzyme,Enzyme,57,MSCMF__SMOTETomekLinks__50_50,SMOTE + Tomek Links,MSCMF,SMOTETomekLinks,50_50,50/50,2,5,295480,292554,2926,0.995563151,0.818289318,0.709501025,0.760021966,0.934834193,0.737771016,9a4b308a3c11823c32e1c1c609304988a47f98b19b712da8cd0e246d5fbe6aa8,not fixed; not saved,582.1399541,PASS,2026-09-03T13:02:20
dnn_oof_v1_fixed_5fold_10run_73configs,enzyme,Enzyme,57,MSCMF__SMOTETomekLinks__50_50,SMOTE + Tomek Links,MSCMF,SMOTETomekLinks,50_50,50/50,3,5,295480,292554,2926,0.99554623,0.81667978,0.709501025,0.759326993,0.942688085,0.730517043,9a4b308a3c11823c32e1c1c609304988a47f98b19b712da8cd0e246d5fbe6aa8,not fixed; not saved,582.8050349,PASS,2026-09-03T13:14:29
dnn_oof_v1_fixed_5fold_10run_73configs,enzyme,Enzyme,57,MSCMF__SMOTETomekLinks__50_50,SMOTE + Tomek Links,MSCMF,SMOTETomekLinks,50_50,50/50,4,5,295480,292554,2926,0.995356708,0.798616449,0.710184552,0.751808973,0.940545275,0.732080563,9a4b308a3c11823c32e1c1c609304988a47f98b19b712da8cd0e246d5fbe6aa8,not fixed; not saved,582.267148,PASS,2026-09-03T13:26:38
dnn_oof_v1_fixed_5fold_10run_73configs,enzyme,Enzyme,57,MSCMF__SMOTETomekLinks__50_50,SMOTE + Tomek Links,MSCMF,SMOTETomekLinks,50_50,50/50,5,5,295480,292554,2926,0.995383782,0.801777434,0.709159262,0.75262967,0.938410468,0.730251058,9a4b308a3c11823c32e1c1c609304988a47f98b19b712da8cd0e246d5fbe6aa8,not fixed; not saved,590.570262,PASS,2026-09-03T13:38:57
dnn_oof_v1_fixed_5fold_10run_73configs,enzyme,Enzyme,57,MSCMF__SMOTETomekLinks__50_50,SMOTE + Tomek Links,MSCMF,SMOTETomekLinks,50_50,50/50,6,5,295480,292554,2926,0.995576689,0.821102737,0.707450444,0.760051404,0.934903428,0.726373441,9a4b308a3c11823c32e1c1c609304988a47f98b19b712da8cd0e246d5fbe6aa8,not fixed; not saved,591.6019018,PASS,2026-09-03T13:51:17
dnn_oof_v1_fixed_5fold_10run_73configs,enzyme,Enzyme,57,MSCMF__SMOTETomekLinks__50_50,SMOTE + Tomek Links,MSCMF,SMOTETomekLinks,50_50,50/50,7,5,295480,292554,2926,0.995674834,0.830128205,0.708133971,0.764293619,0.943116642,0.730897697,9a4b308a3c11823c32e1c1c609304988a47f98b19b712da8cd0e246d5fbe6aa8,not fixed; not saved,587.6685948,PASS,2026-09-03T14:03:34
dnn_oof_v1_fixed_5fold_10run_73configs,enzyme,Enzyme,57,MSCMF__SMOTETomekLinks__50_50,SMOTE + Tomek Links,MSCMF,SMOTETomekLinks,50_50,50/50,8,5,295480,292554,2926,0.995451469,0.807065217,0.710526316,0.755725191,0.942422843,0.732789667,9a4b308a3c11823c32e1c1c609304988a47f98b19b712da8cd0e246d5fbe6aa8,not fixed; not saved,578.0387933,PASS,2026-09-03T14:15:39
dnn_oof_v1_fixed_5fold_10run_73configs,enzyme,Enzyme,57,MSCMF__SMOTETomekLinks__50_50,SMOTE + Tomek Links,MSCMF,SMOTETomekLinks,50_50,50/50,9,5,295480,292554,2926,0.995410857,0.806162246,0.706425154,0.753005464,0.937393831,0.7225862,9a4b308a3c11823c32e1c1c609304988a47f98b19b712da8cd0e246d5fbe6aa8,not fixed; not saved,583.6802158,PASS,2026-09-03T14:27:52
dnn_oof_v1_fixed_5fold_10run_73configs,enzyme,Enzyme,57,MSCMF__SMOTETomekLinks__50_50,SMOTE + Tomek Links,MSCMF,SMOTETomekLinks,50_50,50/50,10,5,295480,292554,2926,0.995827129,0.846784105,0.706425154,0.770262717,0.939343185,0.732252556,9a4b308a3c11823c32e1c1c609304988a47f98b19b712da8cd0e246d5fbe6aa8,not fixed; not saved,581.3236842,PASS,2026-09-03T14:40:03
dnn_oof_v1_fixed_5fold_10run_73configs,enzyme,Enzyme,58,MSCMF__SMOTETomekLinks__80_20,SMOTE + Tomek Links,MSCMF,SMOTETomekLinks,80_20,80/20,1,5,295480,292554,2926,0.995173954,0.78174305,0.711209843,0.744810308,0.939435161,0.730076882,9a4b308a3c11823c32e1c1c609304988a47f98b19b712da8cd0e246d5fbe6aa8,not fixed; not saved,383.9569318,PASS,2026-09-03T14:48:56
dnn_oof_v1_fixed_5fold_10run_73configs,enzyme,Enzyme,58,MSCMF__SMOTETomekLinks__80_20,SMOTE + Tomek Links,MSCMF,SMOTETomekLinks,80_20,80/20,2,5,295480,292554,2926,0.995948964,0.861564199,0.704032809,0.774873049,0.941598053,0.727822669,9a4b308a3c11823c32e1c1c609304988a47f98b19b712da8cd0e246d5fbe6aa8,not fixed; not saved,373.8135769,PASS,2026-09-03T14:57:39
dnn_oof_v1_fixed_5fold_10run_73configs,enzyme,Enzyme,58,MSCMF__SMOTETomekLinks__80_20,SMOTE + Tomek Links,MSCMF,SMOTETomekLinks,80_20,80/20,3,5,295480,292554,2926,0.993904833,0.687063518,0.70608339,0.69644362,0.945415504,0.726749065,9a4b308a3c11823c32e1c1c609304988a47f98b19b712da8cd0e246d5fbe6aa8,not fixed; not saved,374.4148257,PASS,2026-09-03T15:06:22
dnn_oof_v1_fixed_5fold_10run_73configs,enzyme,Enzyme,58,MSCMF__SMOTETomekLinks__80_20,SMOTE + Tomek Links,MSCMF,SMOTETomekLinks,80_20,80/20,4,5,295480,292554,2926,0.99577298,0.839611179,0.708475735,0.768489342,0.944773951,0.73156356,9a4b308a3c11823c32e1c1c609304988a47f98b19b712da8cd0e246d5fbe6aa8,not fixed; not saved,371.348139,PASS,2026-09-03T15:15:03
dnn_oof_v1_fixed_5fold_10run_73configs,enzyme,Enzyme,58,MSCMF__SMOTETomekLinks__80_20,SMOTE + Tomek Links,MSCMF,SMOTETomekLinks,80_20,80/20,5,5,295480,292554,2926,0.995816976,0.847736626,0.704032809,0.769230769,0.947372493,0.736938878,9a4b308a3c11823c32e1c1c609304988a47f98b19b712da8cd0e246d5fbe6aa8,not fixed; not saved,380.3445454,PASS,2026-09-03T15:23:54
dnn_oof_v1_fixed_5fold_10run_73configs,enzyme,Enzyme,58,MSCMF__SMOTETomekLinks__80_20,SMOTE + Tomek Links,MSCMF,SMOTETomekLinks,80_20,80/20,6,5,295480,292554,2926,0.99577298,0.843788438,0.703349282,0.767194781,0.942743141,0.732638755,9a4b308a3c11823c32e1c1c609304988a47f98b19b712da8cd0e246d5fbe6aa8,not fixed; not saved,365.7146034,PASS,2026-09-03T15:32:33
dnn_oof_v1_fixed_5fold_10run_73configs,enzyme,Enzyme,58,MSCMF__SMOTETomekLinks__80_20,SMOTE + Tomek Links,MSCMF,SMOTETomekLinks,80_20,80/20,7,5,295480,292554,2926,0.995749289,0.841653028,0.703007519,0.766108007,0.945706054,0.734361533,9a4b308a3c11823c32e1c1c609304988a47f98b19b712da8cd0e246d5fbe6aa8,not fixed; not saved,340.7940214,PASS,2026-09-03T15:40:51
dnn_oof_v1_fixed_5fold_10run_73configs,enzyme,Enzyme,58,MSCMF__SMOTETomekLinks__80_20,SMOTE + Tomek Links,MSCMF,SMOTETomekLinks,80_20,80/20,8,5,295480,292554,2926,0.995833897,0.847763644,0.70608339,0.770464292,0.946407724,0.732755492,9a4b308a3c11823c32e1c1c609304988a47f98b19b712da8cd0e246d5fbe6aa8,not fixed; not saved,332.0156491,PASS,2026-09-03T15:48:56
dnn_oof_v1_fixed_5fold_10run_73configs,enzyme,Enzyme,58,MSCMF__SMOTETomekLinks__80_20,SMOTE + Tomek Links,MSCMF,SMOTETomekLinks,80_20,80/20,9,5,295480,292554,2926,0.995837282,0.847826087,0.706425154,0.770693512,0.943952578,0.737889738,9a4b308a3c11823c32e1c1c609304988a47f98b19b712da8cd0e246d5fbe6aa8,not fixed; not saved,326.323489,PASS,2026-09-03T15:56:54
dnn_oof_v1_fixed_5fold_10run_73configs,enzyme,Enzyme,58,MSCMF__SMOTETomekLinks__80_20,SMOTE + Tomek Links,MSCMF,SMOTETomekLinks,80_20,80/20,10,5,295480,292554,2926,0.995989576,0.864378401,0.705741627,0.777046096,0.943890561,0.735396007,9a4b308a3c11823c32e1c1c609304988a47f98b19b712da8cd0e246d5fbe6aa8,not fixed; not saved,332.5572941,PASS,2026-09-03T16:04:59
dnn_oof_v1_fixed_5fold_10run_73configs,enzyme,Enzyme,59,MSCMF__SMOTETomekLinks__85_15,SMOTE + Tomek Links,MSCMF,SMOTETomekLinks,85_15,85/15,1,5,295480,292554,2926,0.995732368,0.83501006,0.709159262,0.7669562,0.949064161,0.7326383,9a4b308a3c11823c32e1c1c609304988a47f98b19b712da8cd0e246d5fbe6aa8,not fixed; not saved,308.355623,PASS,2026-09-03T16:12:40
dnn_oof_v1_fixed_5fold_10run_73configs,enzyme,Enzyme,59,MSCMF__SMOTETomekLinks__85_15,SMOTE + Tomek Links,MSCMF,SMOTETomekLinks,85_15,85/15,2,5,295480,292554,2926,0.995630838,0.825049702,0.709159262,0.76272744,0.949570667,0.732621286,9a4b308a3c11823c32e1c1c609304988a47f98b19b712da8cd0e246d5fbe6aa8,not fixed; not saved,351.5085857,PASS,2026-09-03T16:21:04
dnn_oof_v1_fixed_5fold_10run_73configs,enzyme,Enzyme,59,MSCMF__SMOTETomekLinks__85_15,SMOTE + Tomek Links,MSCMF,SMOTETomekLinks,85_15,85/15,3,5,295480,292554,2926,0.995465006,0.811468971,0.70608339,0.755116959,0.94848844,0.72830223,9a4b308a3c11823c32e1c1c609304988a47f98b19b712da8cd0e246d5fbe6aa8,not fixed; not saved,360.5572009,PASS,2026-09-03T16:29:38
dnn_oof_v1_fixed_5fold_10run_73configs,enzyme,Enzyme,59,MSCMF__SMOTETomekLinks__85_15,SMOTE + Tomek Links,MSCMF,SMOTETomekLinks,85_15,85/15,4,5,295480,292554,2926,0.995651144,0.829385789,0.70608339,0.762783829,0.946915435,0.737531609,9a4b308a3c11823c32e1c1c609304988a47f98b19b712da8cd0e246d5fbe6aa8,not fixed; not saved,353.5186982,PASS,2026-09-03T16:38:09
dnn_oof_v1_fixed_5fold_10run_73configs,enzyme,Enzyme,59,MSCMF__SMOTETomekLinks__85_15,SMOTE + Tomek Links,MSCMF,SMOTETomekLinks,85_15,85/15,5,5,295480,292554,2926,0.995366861,0.799077987,0.710868079,0.752396455,0.94282747,0.730742246,9a4b308a3c11823c32e1c1c609304988a47f98b19b712da8cd0e246d5fbe6aa8,not fixed; not saved,315.4742472,PASS,2026-09-03T16:46:00
dnn_oof_v1_fixed_5fold_10run_73configs,enzyme,Enzyme,59,MSCMF__SMOTETomekLinks__85_15,SMOTE + Tomek Links,MSCMF,SMOTETomekLinks,85_15,85/15,6,5,295480,292554,2926,0.995640991,0.828388132,0.70608339,0.762361624,0.943772362,0.735920752,9a4b308a3c11823c32e1c1c609304988a47f98b19b712da8cd0e246d5fbe6aa8,not fixed; not saved,310.1714072,PASS,2026-09-03T16:53:45
dnn_oof_v1_fixed_5fold_10run_73configs,enzyme,Enzyme,59,MSCMF__SMOTETomekLinks__85_15,SMOTE + Tomek Links,MSCMF,SMOTETomekLinks,85_15,85/15,7,5,295480,292554,2926,0.995881278,0.853830228,0.704716336,0.772140049,0.943138252,0.743432967,9a4b308a3c11823c32e1c1c609304988a47f98b19b712da8cd0e246d5fbe6aa8,not fixed; not saved,310.5072601,PASS,2026-09-03T17:01:30
dnn_oof_v1_fixed_5fold_10run_73configs,enzyme,Enzyme,59,MSCMF__SMOTETomekLinks__85_15,SMOTE + Tomek Links,MSCMF,SMOTETomekLinks,85_15,85/15,8,5,295480,292554,2926,0.995789901,0.84048583,0.709501025,0.769458858,0.946893427,0.738224132,9a4b308a3c11823c32e1c1c609304988a47f98b19b712da8cd0e246d5fbe6aa8,not fixed; not saved,310.0067222,PASS,2026-09-03T17:09:15
dnn_oof_v1_fixed_5fold_10run_73configs,enzyme,Enzyme,59,MSCMF__SMOTETomekLinks__85_15,SMOTE + Tomek Links,MSCMF,SMOTETomekLinks,85_15,85/15,9,5,295480,292554,2926,0.995779748,0.843634875,0.704374573,0.767740734,0.946143718,0.730506836,9a4b308a3c11823c32e1c1c609304988a47f98b19b712da8cd0e246d5fbe6aa8,not fixed; not saved,308.7841258,PASS,2026-09-03T17:16:58
dnn_oof_v1_fixed_5fold_10run_73configs,enzyme,Enzyme,59,MSCMF__SMOTETomekLinks__85_15,SMOTE + Tomek Links,MSCMF,SMOTETomekLinks,85_15,85/15,10,5,295480,292554,2926,0.995674834,0.829863891,0.708475735,0.764380531,0.946690663,0.737943478,9a4b308a3c11823c32e1c1c609304988a47f98b19b712da8cd0e246d5fbe6aa8,not fixed; not saved,312.1239109,PASS,2026-09-03T17:24:45
dnn_oof_v1_fixed_5fold_10run_73configs,enzyme,Enzyme,60,MSCMF__SMOTETomekLinks__90_10,SMOTE + Tomek Links,MSCMF,SMOTETomekLinks,90_10,Oct-90,1,5,295480,292554,2926,0.995847435,0.851759834,0.703007519,0.77026774,0.944054029,0.733139757,9a4b308a3c11823c32e1c1c609304988a47f98b19b712da8cd0e246d5fbe6aa8,not fixed; not saved,294.0592632,PASS,2026-09-03T17:32:14
dnn_oof_v1_fixed_5fold_10run_73configs,enzyme,Enzyme,60,MSCMF__SMOTETomekLinks__90_10,SMOTE + Tomek Links,MSCMF,SMOTETomekLinks,90_10,Oct-90,2,5,295480,292554,2926,0.995549614,0.818505338,0.707450444,0.758936755,0.948071729,0.725350272,9a4b308a3c11823c32e1c1c609304988a47f98b19b712da8cd0e246d5fbe6aa8,not fixed; not saved,287.056211,PASS,2026-09-03T17:39:36
dnn_oof_v1_fixed_5fold_10run_73configs,enzyme,Enzyme,60,MSCMF__SMOTETomekLinks__90_10,SMOTE + Tomek Links,MSCMF,SMOTETomekLinks,90_10,Oct-90,3,5,295480,292554,2926,0.995925274,0.856965174,0.706425154,0.774447359,0.943718773,0.73391295,9a4b308a3c11823c32e1c1c609304988a47f98b19b712da8cd0e246d5fbe6aa8,not fixed; not saved,287.0877192,PASS,2026-09-03T17:46:57
dnn_oof_v1_fixed_5fold_10run_73configs,enzyme,Enzyme,60,MSCMF__SMOTETomekLinks__90_10,SMOTE + Tomek Links,MSCMF,SMOTETomekLinks,90_10,Oct-90,4,5,295480,292554,2926,0.995884662,0.853598015,0.705399863,0.77245509,0.945842532,0.736463522,9a4b308a3c11823c32e1c1c609304988a47f98b19b712da8cd0e246d5fbe6aa8,not fixed; not saved,287.4427457,PASS,2026-09-03T17:54:18
dnn_oof_v1_fixed_5fold_10run_73configs,enzyme,Enzyme,60,MSCMF__SMOTETomekLinks__90_10,SMOTE + Tomek Links,MSCMF,SMOTETomekLinks,90_10,Oct-90,5,5,295480,292554,2926,0.995800054,0.845145432,0.7050581,0.768772126,0.938878694,0.728134881,9a4b308a3c11823c32e1c1c609304988a47f98b19b712da8cd0e246d5fbe6aa8,not fixed; not saved,284.6556599,PASS,2026-09-03T18:01:34
dnn_oof_v1_fixed_5fold_10run_73configs,enzyme,Enzyme,60,MSCMF__SMOTETomekLinks__90_10,SMOTE + Tomek Links,MSCMF,SMOTETomekLinks,90_10,Oct-90,6,5,295480,292554,2926,0.995823744,0.846721311,0.70608339,0.770033545,0.940906409,0.733193214,9a4b308a3c11823c32e1c1c609304988a47f98b19b712da8cd0e246d5fbe6aa8,not fixed; not saved,290.7005725,PASS,2026-09-03T18:09:04
dnn_oof_v1_fixed_5fold_10run_73configs,enzyme,Enzyme,60,MSCMF__SMOTETomekLinks__90_10,SMOTE + Tomek Links,MSCMF,SMOTETomekLinks,90_10,Oct-90,7,5,295480,292554,2926,0.995979423,0.86512605,0.703691046,0.776102525,0.946353458,0.729594256,9a4b308a3c11823c32e1c1c609304988a47f98b19b712da8cd0e246d5fbe6aa8,not fixed; not saved,337.5076315,PASS,2026-09-03T18:17:27
dnn_oof_v1_fixed_5fold_10run_73configs,enzyme,Enzyme,60,MSCMF__SMOTETomekLinks__90_10,SMOTE + Tomek Links,MSCMF,SMOTETomekLinks,90_10,Oct-90,8,5,295480,292554,2926,0.996064031,0.873358746,0.704716336,0.78002648,0.942519754,0.735831647,9a4b308a3c11823c32e1c1c609304988a47f98b19b712da8cd0e246d5fbe6aa8,not fixed; not saved,348.3010082,PASS,2026-09-03T18:25:55
dnn_oof_v1_fixed_5fold_10run_73configs,enzyme,Enzyme,60,MSCMF__SMOTETomekLinks__90_10,SMOTE + Tomek Links,MSCMF,SMOTETomekLinks,90_10,Oct-90,9,5,295480,292554,2926,0.995789901,0.846661171,0.701982228,0.767563528,0.943214033,0.733688884,9a4b308a3c11823c32e1c1c609304988a47f98b19b712da8cd0e246d5fbe6aa8,not fixed; not saved,356.390048,PASS,2026-09-03T18:34:34
dnn_oof_v1_fixed_5fold_10run_73configs,enzyme,Enzyme,60,MSCMF__SMOTETomekLinks__90_10,SMOTE + Tomek Links,MSCMF,SMOTETomekLinks,90_10,Oct-90,10,5,295480,292554,2926,0.995735752,0.838617886,0.7050581,0.766060156,0.943732556,0.736376174,9a4b308a3c11823c32e1c1c609304988a47f98b19b712da8cd0e246d5fbe6aa8,not fixed; not saved,338.8211608,PASS,2026-09-03T18:42:55
dnn_oof_v1_fixed_5fold_10run_73configs,enzyme,Enzyme,61,MSCMF__CNNTomekLinks__50_50,CNN + Tomek Links,MSCMF,CNNTomekLinks,50_50,50/50,1,5,295480,292554,2926,0.908592798,0.076525409,0.743677375,0.138771085,0.877582616,0.576473879,9a4b308a3c11823c32e1c1c609304988a47f98b19b712da8cd0e246d5fbe6aa8,not fixed; not saved,32.71811199,PASS,2026-09-03T18:46:09
dnn_oof_v1_fixed_5fold_10run_73configs,enzyme,Enzyme,61,MSCMF__CNNTomekLinks__50_50,CNN + Tomek Links,MSCMF,CNNTomekLinks,50_50,50/50,2,5,295480,292554,2926,0.922350074,0.088208673,0.732740943,0.15746181,0.876621157,0.567874916,9a4b308a3c11823c32e1c1c609304988a47f98b19b712da8cd0e246d5fbe6aa8,not fixed; not saved,40.69845748,PASS,2026-09-03T18:49:32
dnn_oof_v1_fixed_5fold_10run_73configs,enzyme,Enzyme,61,MSCMF__CNNTomekLinks__50_50,CNN + Tomek Links,MSCMF,CNNTomekLinks,50_50,50/50,3,5,295480,292554,2926,0.926384188,0.091768584,0.723171565,0.162869458,0.874242328,0.582394161,9a4b308a3c11823c32e1c1c609304988a47f98b19b712da8cd0e246d5fbe6aa8,not fixed; not saved,35.17226315,PASS,2026-09-03T18:52:48
dnn_oof_v1_fixed_5fold_10run_73configs,enzyme,Enzyme,61,MSCMF__CNNTomekLinks__50_50,CNN + Tomek Links,MSCMF,CNNTomekLinks,50_50,50/50,4,5,295480,292554,2926,0.903083119,0.074588835,0.770334928,0.136008448,0.885077236,0.54676466,9a4b308a3c11823c32e1c1c609304988a47f98b19b712da8cd0e246d5fbe6aa8,not fixed; not saved,38.96780276,PASS,2026-09-03T18:56:09
dnn_oof_v1_fixed_5fold_10run_73configs,enzyme,Enzyme,61,MSCMF__CNNTomekLinks__50_50,CNN + Tomek Links,MSCMF,CNNTomekLinks,50_50,50/50,5,5,295480,292554,2926,0.935372952,0.104297181,0.728298018,0.182464252,0.87552421,0.60309658,9a4b308a3c11823c32e1c1c609304988a47f98b19b712da8cd0e246d5fbe6aa8,not fixed; not saved,33.6640985,PASS,2026-09-03T18:59:24
dnn_oof_v1_fixed_5fold_10run_73configs,enzyme,Enzyme,61,MSCMF__CNNTomekLinks__50_50,CNN + Tomek Links,MSCMF,CNNTomekLinks,50_50,50/50,6,5,295480,292554,2926,0.931670502,0.097538232,0.714969241,0.171658324,0.868670701,0.465906912,9a4b308a3c11823c32e1c1c609304988a47f98b19b712da8cd0e246d5fbe6aa8,not fixed; not saved,37.43624043,PASS,2026-09-03T19:02:44
dnn_oof_v1_fixed_5fold_10run_73configs,enzyme,Enzyme,61,MSCMF__CNNTomekLinks__50_50,CNN + Tomek Links,MSCMF,CNNTomekLinks,50_50,50/50,7,5,295480,292554,2926,0.933162989,0.10163391,0.73342447,0.178528347,0.872791052,0.535888364,9a4b308a3c11823c32e1c1c609304988a47f98b19b712da8cd0e246d5fbe6aa8,not fixed; not saved,34.49457979,PASS,2026-09-03T19:05:59
dnn_oof_v1_fixed_5fold_10run_73configs,enzyme,Enzyme,61,MSCMF__CNNTomekLinks__50_50,CNN + Tomek Links,MSCMF,CNNTomekLinks,50_50,50/50,8,5,295480,292554,2926,0.917669555,0.085300159,0.752221463,0.153224964,0.880721799,0.565560804,9a4b308a3c11823c32e1c1c609304988a47f98b19b712da8cd0e246d5fbe6aa8,not fixed; not saved,38.22407269,PASS,2026-09-03T19:09:18
dnn_oof_v1_fixed_5fold_10run_73configs,enzyme,Enzyme,61,MSCMF__CNNTomekLinks__50_50,CNN + Tomek Links,MSCMF,CNNTomekLinks,50_50,50/50,9,5,295480,292554,2926,0.912176797,0.079547115,0.744360902,0.143733914,0.876428441,0.489147829,9a4b308a3c11823c32e1c1c609304988a47f98b19b712da8cd0e246d5fbe6aa8,not fixed; not saved,32.14592028,PASS,2026-09-03T19:12:32
dnn_oof_v1_fixed_5fold_10run_73configs,enzyme,Enzyme,61,MSCMF__CNNTomekLinks__50_50,CNN + Tomek Links,MSCMF,CNNTomekLinks,50_50,50/50,10,5,295480,292554,2926,0.917855692,0.083638917,0.732740943,0.150140056,0.875185684,0.49859585,9a4b308a3c11823c32e1c1c609304988a47f98b19b712da8cd0e246d5fbe6aa8,not fixed; not saved,37.00539088,PASS,2026-09-03T19:15:51
dnn_oof_v1_fixed_5fold_10run_73configs,enzyme,Enzyme,62,MSCMF__CNNTomekLinks__80_20,CNN + Tomek Links,MSCMF,CNNTomekLinks,80_20,80/20,1,5,295480,292554,2926,0.956805875,0.141952391,0.666438824,0.234051491,0.840360953,0.561664087,9a4b308a3c11823c32e1c1c609304988a47f98b19b712da8cd0e246d5fbe6aa8,not fixed; not saved,30.74285269,PASS,2026-09-03T19:19:05
dnn_oof_v1_fixed_5fold_10run_73configs,enzyme,Enzyme,62,MSCMF__CNNTomekLinks__80_20,CNN + Tomek Links,MSCMF,CNNTomekLinks,80_20,80/20,2,5,295480,292554,2926,0.960356031,0.152758021,0.660628845,0.248138639,0.837467196,0.530039023,9a4b308a3c11823c32e1c1c609304988a47f98b19b712da8cd0e246d5fbe6aa8,not fixed; not saved,37.13026404,PASS,2026-09-03T19:22:28
dnn_oof_v1_fixed_5fold_10run_73configs,enzyme,Enzyme,62,MSCMF__CNNTomekLinks__80_20,CNN + Tomek Links,MSCMF,CNNTomekLinks,80_20,80/20,3,5,295480,292554,2926,0.953688913,0.134479478,0.676349966,0.224350981,0.835419827,0.545147864,9a4b308a3c11823c32e1c1c609304988a47f98b19b712da8cd0e246d5fbe6aa8,not fixed; not saved,43.14640665,PASS,2026-09-03T19:25:57
dnn_oof_v1_fixed_5fold_10run_73configs,enzyme,Enzyme,62,MSCMF__CNNTomekLinks__80_20,CNN + Tomek Links,MSCMF,CNNTomekLinks,80_20,80/20,4,5,295480,292554,2926,0.955485989,0.137982301,0.666097061,0.228608293,0.836388146,0.526755976,9a4b308a3c11823c32e1c1c609304988a47f98b19b712da8cd0e246d5fbe6aa8,not fixed; not saved,36.44403672,PASS,2026-09-03T19:29:20
dnn_oof_v1_fixed_5fold_10run_73configs,enzyme,Enzyme,62,MSCMF__CNNTomekLinks__80_20,CNN + Tomek Links,MSCMF,CNNTomekLinks,80_20,80/20,5,5,295480,292554,2926,0.952710843,0.130806764,0.668831169,0.218818136,0.836759365,0.544561476,9a4b308a3c11823c32e1c1c609304988a47f98b19b712da8cd0e246d5fbe6aa8,not fixed; not saved,41.87822366,PASS,2026-09-03T19:32:46
dnn_oof_v1_fixed_5fold_10run_73configs,enzyme,Enzyme,62,MSCMF__CNNTomekLinks__80_20,CNN + Tomek Links,MSCMF,CNNTomekLinks,80_20,80/20,6,5,295480,292554,2926,0.955316773,0.138617343,0.673615858,0.22992126,0.838075523,0.53987242,9a4b308a3c11823c32e1c1c609304988a47f98b19b712da8cd0e246d5fbe6aa8,not fixed; not saved,35.74194574,PASS,2026-09-03T19:36:07
dnn_oof_v1_fixed_5fold_10run_73configs,enzyme,Enzyme,62,MSCMF__CNNTomekLinks__80_20,CNN + Tomek Links,MSCMF,CNNTomekLinks,80_20,80/20,7,5,295480,292554,2926,0.948419521,0.120773542,0.670198223,0.20466524,0.837655838,0.530340448,9a4b308a3c11823c32e1c1c609304988a47f98b19b712da8cd0e246d5fbe6aa8,not fixed; not saved,42.43321347,PASS,2026-09-03T19:39:35
dnn_oof_v1_fixed_5fold_10run_73configs,enzyme,Enzyme,62,MSCMF__CNNTomekLinks__80_20,CNN + Tomek Links,MSCMF,CNNTomekLinks,80_20,80/20,8,5,295480,292554,2926,0.962146338,0.15914156,0.658920027,0.256365933,0.839469381,0.557866198,9a4b308a3c11823c32e1c1c609304988a47f98b19b712da8cd0e246d5fbe6aa8,not fixed; not saved,36.10563397,PASS,2026-09-03T19:42:58
dnn_oof_v1_fixed_5fold_10run_73configs,enzyme,Enzyme,62,MSCMF__CNNTomekLinks__80_20,CNN + Tomek Links,MSCMF,CNNTomekLinks,80_20,80/20,9,5,295480,292554,2926,0.95680926,0.140654684,0.657894737,0.231760173,0.83487494,0.476159144,9a4b308a3c11823c32e1c1c609304988a47f98b19b712da8cd0e246d5fbe6aa8,not fixed; not saved,43.56569791,PASS,2026-09-03T19:46:28
dnn_oof_v1_fixed_5fold_10run_73configs,enzyme,Enzyme,62,MSCMF__CNNTomekLinks__80_20,CNN + Tomek Links,MSCMF,CNNTomekLinks,80_20,80/20,10,5,295480,292554,2926,0.959584405,0.150380022,0.662679426,0.245132743,0.833337932,0.509989161,9a4b308a3c11823c32e1c1c609304988a47f98b19b712da8cd0e246d5fbe6aa8,not fixed; not saved,38.98480153,PASS,2026-09-03T19:49:56
dnn_oof_v1_fixed_5fold_10run_73configs,enzyme,Enzyme,63,MSCMF__CNNTomekLinks__85_15,CNN + Tomek Links,MSCMF,CNNTomekLinks,85_15,85/15,1,5,295480,292554,2926,0.9671416,0.179108714,0.646958305,0.280548351,0.81055951,0.469366742,9a4b308a3c11823c32e1c1c609304988a47f98b19b712da8cd0e246d5fbe6aa8,not fixed; not saved,40.47998095,PASS,2026-09-03T19:53:27
dnn_oof_v1_fixed_5fold_10run_73configs,enzyme,Enzyme,63,MSCMF__CNNTomekLinks__85_15,CNN + Tomek Links,MSCMF,CNNTomekLinks,85_15,85/15,2,5,295480,292554,2926,0.964769189,0.166250446,0.637047163,0.263686519,0.810641684,0.478162842,9a4b308a3c11823c32e1c1c609304988a47f98b19b712da8cd0e246d5fbe6aa8,not fixed; not saved,39.14728189,PASS,2026-09-03T19:56:58
dnn_oof_v1_fixed_5fold_10run_73configs,enzyme,Enzyme,63,MSCMF__CNNTomekLinks__85_15,CNN + Tomek Links,MSCMF,CNNTomekLinks,85_15,85/15,3,5,295480,292554,2926,0.9584845,0.14328267,0.641148325,0.234221862,0.80988436,0.458664632,9a4b308a3c11823c32e1c1c609304988a47f98b19b712da8cd0e246d5fbe6aa8,not fixed; not saved,38.62368011,PASS,2026-09-03T20:00:24
dnn_oof_v1_fixed_5fold_10run_73configs,enzyme,Enzyme,63,MSCMF__CNNTomekLinks__85_15,CNN + Tomek Links,MSCMF,CNNTomekLinks,85_15,85/15,4,5,295480,292554,2926,0.964234466,0.159021953,0.609022556,0.252193603,0.807516405,0.454998208,9a4b308a3c11823c32e1c1c609304988a47f98b19b712da8cd0e246d5fbe6aa8,not fixed; not saved,44.05903149,PASS,2026-09-03T20:03:57
dnn_oof_v1_fixed_5fold_10run_73configs,enzyme,Enzyme,63,MSCMF__CNNTomekLinks__85_15,CNN + Tomek Links,MSCMF,CNNTomekLinks,85_15,85/15,5,5,295480,292554,2926,0.96201435,0.15840606,0.657552973,0.255307856,0.809719069,0.488228628,9a4b308a3c11823c32e1c1c609304988a47f98b19b712da8cd0e246d5fbe6aa8,not fixed; not saved,34.79526663,PASS,2026-09-03T20:07:23
dnn_oof_v1_fixed_5fold_10run_73configs,enzyme,Enzyme,63,MSCMF__CNNTomekLinks__85_15,CNN + Tomek Links,MSCMF,CNNTomekLinks,85_15,85/15,6,5,295480,292554,2926,0.963009341,0.158881691,0.637047163,0.254332105,0.811855167,0.465843991,9a4b308a3c11823c32e1c1c609304988a47f98b19b712da8cd0e246d5fbe6aa8,not fixed; not saved,34.15019917,PASS,2026-09-03T20:10:48
dnn_oof_v1_fixed_5fold_10run_73configs,enzyme,Enzyme,63,MSCMF__CNNTomekLinks__85_15,CNN + Tomek Links,MSCMF,CNNTomekLinks,85_15,85/15,7,5,295480,292554,2926,0.946866116,0.115287315,0.654135338,0.196026219,0.808488801,0.42980488,9a4b308a3c11823c32e1c1c609304988a47f98b19b712da8cd0e246d5fbe6aa8,not fixed; not saved,44.04721355,PASS,2026-09-03T20:14:22
dnn_oof_v1_fixed_5fold_10run_73configs,enzyme,Enzyme,63,MSCMF__CNNTomekLinks__85_15,CNN + Tomek Links,MSCMF,CNNTomekLinks,85_15,85/15,8,5,295480,292554,2926,0.958948152,0.146489476,0.651742994,0.239212243,0.814750255,0.463112014,9a4b308a3c11823c32e1c1c609304988a47f98b19b712da8cd0e246d5fbe6aa8,not fixed; not saved,34.53590178,PASS,2026-09-03T20:17:44
dnn_oof_v1_fixed_5fold_10run_73configs,enzyme,Enzyme,63,MSCMF__CNNTomekLinks__85_15,CNN + Tomek Links,MSCMF,CNNTomekLinks,85_15,85/15,9,5,295480,292554,2926,0.958457425,0.145253093,0.654135338,0.23771968,0.809745313,0.469493643,9a4b308a3c11823c32e1c1c609304988a47f98b19b712da8cd0e246d5fbe6aa8,not fixed; not saved,32.03528333,PASS,2026-09-03T20:21:07
dnn_oof_v1_fixed_5fold_10run_73configs,enzyme,Enzyme,63,MSCMF__CNNTomekLinks__85_15,CNN + Tomek Links,MSCMF,CNNTomekLinks,85_15,85/15,10,5,295480,292554,2926,0.957641803,0.138003926,0.624743677,0.22606975,0.808060293,0.451377132,9a4b308a3c11823c32e1c1c609304988a47f98b19b712da8cd0e246d5fbe6aa8,not fixed; not saved,35.80220604,PASS,2026-09-03T20:24:34
dnn_oof_v1_fixed_5fold_10run_73configs,enzyme,Enzyme,64,MSCMF__CNNTomekLinks__90_10,CNN + Tomek Links,MSCMF,CNNTomekLinks,90_10,Oct-90,1,5,295480,292554,2926,0.980062948,0.264420785,0.568694463,0.3609936,0.77166451,0.453294649,9a4b308a3c11823c32e1c1c609304988a47f98b19b712da8cd0e246d5fbe6aa8,not fixed; not saved,39.20335722,PASS,2026-09-03T20:28:04
dnn_oof_v1_fixed_5fold_10run_73configs,enzyme,Enzyme,64,MSCMF__CNNTomekLinks__90_10,CNN + Tomek Links,MSCMF,CNNTomekLinks,90_10,Oct-90,2,5,295480,292554,2926,0.9716969,0.195542614,0.59671907,0.294559258,0.777619401,0.447684544,9a4b308a3c11823c32e1c1c609304988a47f98b19b712da8cd0e246d5fbe6aa8,not fixed; not saved,33.17626476,PASS,2026-09-03T20:31:27
dnn_oof_v1_fixed_5fold_10run_73configs,enzyme,Enzyme,64,MSCMF__CNNTomekLinks__90_10,CNN + Tomek Links,MSCMF,CNNTomekLinks,90_10,Oct-90,3,5,295480,292554,2926,0.970532693,0.188825493,0.599453178,0.287187884,0.777849494,0.358923841,9a4b308a3c11823c32e1c1c609304988a47f98b19b712da8cd0e246d5fbe6aa8,not fixed; not saved,33.31586599,PASS,2026-09-03T20:34:51
dnn_oof_v1_fixed_5fold_10run_73configs,enzyme,Enzyme,64,MSCMF__CNNTomekLinks__90_10,CNN + Tomek Links,MSCMF,CNNTomekLinks,90_10,Oct-90,4,5,295480,292554,2926,0.973213077,0.19708561,0.55468216,0.290834155,0.767543962,0.385875521,9a4b308a3c11823c32e1c1c609304988a47f98b19b712da8cd0e246d5fbe6aa8,not fixed; not saved,40.30410647,PASS,2026-09-03T20:38:22
dnn_oof_v1_fixed_5fold_10run_73configs,enzyme,Enzyme,64,MSCMF__CNNTomekLinks__90_10,CNN + Tomek Links,MSCMF,CNNTomekLinks,90_10,Oct-90,5,5,295480,292554,2926,0.967398809,0.175896395,0.622009569,0.27424094,0.778827311,0.414618366,9a4b308a3c11823c32e1c1c609304988a47f98b19b712da8cd0e246d5fbe6aa8,not fixed; not saved,33.76648808,PASS,2026-09-03T20:41:47
dnn_oof_v1_fixed_5fold_10run_73configs,enzyme,Enzyme,64,MSCMF__CNNTomekLinks__90_10,CNN + Tomek Links,MSCMF,CNNTomekLinks,90_10,Oct-90,6,5,295480,292554,2926,0.971040341,0.190910089,0.594326726,0.288990445,0.775693671,0.474625622,9a4b308a3c11823c32e1c1c609304988a47f98b19b712da8cd0e246d5fbe6aa8,not fixed; not saved,31.25951672,PASS,2026-09-03T20:45:10
dnn_oof_v1_fixed_5fold_10run_73configs,enzyme,Enzyme,64,MSCMF__CNNTomekLinks__90_10,CNN + Tomek Links,MSCMF,CNNTomekLinks,90_10,Oct-90,7,5,295480,292554,2926,0.969426019,0.180477087,0.589542037,0.276353733,0.78345279,0.421072536,9a4b308a3c11823c32e1c1c609304988a47f98b19b712da8cd0e246d5fbe6aa8,not fixed; not saved,39.77850842,PASS,2026-09-03T20:48:38
dnn_oof_v1_fixed_5fold_10run_73configs,enzyme,Enzyme,64,MSCMF__CNNTomekLinks__90_10,CNN + Tomek Links,MSCMF,CNNTomekLinks,90_10,Oct-90,8,5,295480,292554,2926,0.973835793,0.210227958,0.59569378,0.310778283,0.776491745,0.451477494,9a4b308a3c11823c32e1c1c609304988a47f98b19b712da8cd0e246d5fbe6aa8,not fixed; not saved,31.67751336,PASS,2026-09-03T20:52:00
dnn_oof_v1_fixed_5fold_10run_73configs,enzyme,Enzyme,64,MSCMF__CNNTomekLinks__90_10,CNN + Tomek Links,MSCMF,CNNTomekLinks,90_10,Oct-90,9,5,295480,292554,2926,0.965395289,0.165582333,0.617566644,0.261146037,0.77931678,0.377059699,9a4b308a3c11823c32e1c1c609304988a47f98b19b712da8cd0e246d5fbe6aa8,not fixed; not saved,31.99627519,PASS,2026-09-03T20:55:22
dnn_oof_v1_fixed_5fold_10run_73configs,enzyme,Enzyme,64,MSCMF__CNNTomekLinks__90_10,CNN + Tomek Links,MSCMF,CNNTomekLinks,90_10,Oct-90,10,5,295480,292554,2926,0.972052254,0.1956621,0.585782638,0.293342461,0.7790645,0.451771983,9a4b308a3c11823c32e1c1c609304988a47f98b19b712da8cd0e246d5fbe6aa8,not fixed; not saved,40.50829935,PASS,2026-09-03T20:58:56
dnn_oof_v1_fixed_5fold_10run_73configs,enzyme,Enzyme,65,MSCMF__RandomUnder__50_50,Random Under-Sampling,MSCMF,RandomUnder,50_50,50/50,1,5,295480,292554,2926,0.973578584,0.243510247,0.791866029,0.372478097,0.954718009,0.664251394,9a4b308a3c11823c32e1c1c609304988a47f98b19b712da8cd0e246d5fbe6aa8,not fixed; not saved,37.03108191,PASS,2026-09-03T21:02:27
dnn_oof_v1_fixed_5fold_10run_73configs,enzyme,Enzyme,65,MSCMF__RandomUnder__50_50,Random Under-Sampling,MSCMF,RandomUnder,50_50,50/50,2,5,295480,292554,2926,0.978238798,0.284395767,0.789815448,0.41820485,0.958626369,0.698700991,9a4b308a3c11823c32e1c1c609304988a47f98b19b712da8cd0e246d5fbe6aa8,not fixed; not saved,41.88677144,PASS,2026-09-03T21:06:04
dnn_oof_v1_fixed_5fold_10run_73configs,enzyme,Enzyme,65,MSCMF__RandomUnder__50_50,Random Under-Sampling,MSCMF,RandomUnder,50_50,50/50,3,5,295480,292554,2926,0.978902125,0.290738866,0.785372522,0.424376731,0.954650943,0.680190269,9a4b308a3c11823c32e1c1c609304988a47f98b19b712da8cd0e246d5fbe6aa8,not fixed; not saved,37.43065667,PASS,2026-09-03T21:09:36
dnn_oof_v1_fixed_5fold_10run_73configs,enzyme,Enzyme,65,MSCMF__RandomUnder__50_50,Random Under-Sampling,MSCMF,RandomUnder,50_50,50/50,4,5,295480,292554,2926,0.979375931,0.294977996,0.778879016,0.427900864,0.952955008,0.703800229,9a4b308a3c11823c32e1c1c609304988a47f98b19b712da8cd0e246d5fbe6aa8,not fixed; not saved,40.63305926,PASS,2026-09-03T21:13:09
dnn_oof_v1_fixed_5fold_10run_73configs,enzyme,Enzyme,65,MSCMF__RandomUnder__50_50,Random Under-Sampling,MSCMF,RandomUnder,50_50,50/50,5,5,295480,292554,2926,0.973588737,0.245300752,0.802802461,0.375779875,0.961203977,0.678826102,9a4b308a3c11823c32e1c1c609304988a47f98b19b712da8cd0e246d5fbe6aa8,not fixed; not saved,37.9820857,PASS,2026-09-03T21:16:40
dnn_oof_v1_fixed_5fold_10run_73configs,enzyme,Enzyme,65,MSCMF__RandomUnder__50_50,Random Under-Sampling,MSCMF,RandomUnder,50_50,50/50,6,5,295480,292554,2926,0.97807635,0.280686589,0.776828435,0.412373004,0.956378355,0.60922021,9a4b308a3c11823c32e1c1c609304988a47f98b19b712da8cd0e246d5fbe6aa8,not fixed; not saved,41.08043742,PASS,2026-09-03T21:20:14
dnn_oof_v1_fixed_5fold_10run_73configs,enzyme,Enzyme,65,MSCMF__RandomUnder__50_50,Random Under-Sampling,MSCMF,RandomUnder,50_50,50/50,7,5,295480,292554,2926,0.975609178,0.259629422,0.790157211,0.39083763,0.95294034,0.71414299,9a4b308a3c11823c32e1c1c609304988a47f98b19b712da8cd0e246d5fbe6aa8,not fixed; not saved,37.03450513,PASS,2026-09-03T21:23:45
dnn_oof_v1_fixed_5fold_10run_73configs,enzyme,Enzyme,65,MSCMF__RandomUnder__50_50,Random Under-Sampling,MSCMF,RandomUnder,50_50,50/50,8,5,295480,292554,2926,0.971581833,0.230625308,0.800410116,0.3580766,0.957895085,0.695158014,9a4b308a3c11823c32e1c1c609304988a47f98b19b712da8cd0e246d5fbe6aa8,not fixed; not saved,42.05396795,PASS,2026-09-03T21:27:20
dnn_oof_v1_fixed_5fold_10run_73configs,enzyme,Enzyme,65,MSCMF__RandomUnder__50_50,Random Under-Sampling,MSCMF,RandomUnder,50_50,50/50,9,5,295480,292554,2926,0.973510898,0.243751961,0.796650718,0.373288494,0.957949368,0.695164717,9a4b308a3c11823c32e1c1c609304988a47f98b19b712da8cd0e246d5fbe6aa8,not fixed; not saved,36.9155724,PASS,2026-09-03T21:30:52
dnn_oof_v1_fixed_5fold_10run_73configs,enzyme,Enzyme,65,MSCMF__RandomUnder__50_50,Random Under-Sampling,MSCMF,RandomUnder,50_50,50/50,10,5,295480,292554,2926,0.970424394,0.223900446,0.805536569,0.350405114,0.955446382,0.714957892,9a4b308a3c11823c32e1c1c609304988a47f98b19b712da8cd0e246d5fbe6aa8,not fixed; not saved,44.59786201,PASS,2026-09-03T21:34:34
dnn_oof_v1_fixed_5fold_10run_73configs,enzyme,Enzyme,66,MSCMF__RandomUnder__80_20,Random Under-Sampling,MSCMF,RandomUnder,80_20,80/20,1,5,295480,292554,2926,0.993302423,0.643528342,0.72556391,0.682088353,0.94728918,0.726037039,9a4b308a3c11823c32e1c1c609304988a47f98b19b712da8cd0e246d5fbe6aa8,not fixed; not saved,50.63595891,PASS,2026-09-03T21:38:23
dnn_oof_v1_fixed_5fold_10run_73configs,enzyme,Enzyme,66,MSCMF__RandomUnder__80_20,Random Under-Sampling,MSCMF,RandomUnder,80_20,80/20,2,5,295480,292554,2926,0.993302423,0.641724035,0.732740943,0.684218925,0.947908595,0.742160534,9a4b308a3c11823c32e1c1c609304988a47f98b19b712da8cd0e246d5fbe6aa8,not fixed; not saved,56.87570238,PASS,2026-09-03T21:42:16
dnn_oof_v1_fixed_5fold_10run_73configs,enzyme,Enzyme,66,MSCMF__RandomUnder__80_20,Random Under-Sampling,MSCMF,RandomUnder,80_20,80/20,3,5,295480,292554,2926,0.992100988,0.578306878,0.74709501,0.651953475,0.946651789,0.738291808,9a4b308a3c11823c32e1c1c609304988a47f98b19b712da8cd0e246d5fbe6aa8,not fixed; not saved,57.22055435,PASS,2026-09-03T21:46:16
dnn_oof_v1_fixed_5fold_10run_73configs,enzyme,Enzyme,66,MSCMF__RandomUnder__80_20,Random Under-Sampling,MSCMF,RandomUnder,80_20,80/20,4,5,295480,292554,2926,0.991833627,0.568674699,0.725905673,0.637742081,0.947619771,0.730077431,9a4b308a3c11823c32e1c1c609304988a47f98b19b712da8cd0e246d5fbe6aa8,not fixed; not saved,55.37434053,PASS,2026-09-03T21:50:14
dnn_oof_v1_fixed_5fold_10run_73configs,enzyme,Enzyme,66,MSCMF__RandomUnder__80_20,Random Under-Sampling,MSCMF,RandomUnder,80_20,80/20,5,5,295480,292554,2926,0.99261879,0.604781997,0.734791524,0.663477858,0.953584695,0.745507849,9a4b308a3c11823c32e1c1c609304988a47f98b19b712da8cd0e246d5fbe6aa8,not fixed; not saved,48.0603652,PASS,2026-09-03T21:54:04
dnn_oof_v1_fixed_5fold_10run_73configs,enzyme,Enzyme,66,MSCMF__RandomUnder__80_20,Random Under-Sampling,MSCMF,RandomUnder,80_20,80/20,6,5,295480,292554,2926,0.992151753,0.582049202,0.735816815,0.649962264,0.944496165,0.732407288,9a4b308a3c11823c32e1c1c609304988a47f98b19b712da8cd0e246d5fbe6aa8,not fixed; not saved,46.60427809,PASS,2026-09-03T21:57:49
dnn_oof_v1_fixed_5fold_10run_73configs,enzyme,Enzyme,66,MSCMF__RandomUnder__80_20,Random Under-Sampling,MSCMF,RandomUnder,80_20,80/20,7,5,295480,292554,2926,0.992947069,0.624188791,0.723171565,0.670044332,0.944905874,0.732609039,9a4b308a3c11823c32e1c1c609304988a47f98b19b712da8cd0e246d5fbe6aa8,not fixed; not saved,56.75759625,PASS,2026-09-03T22:01:44
dnn_oof_v1_fixed_5fold_10run_73configs,enzyme,Enzyme,66,MSCMF__RandomUnder__80_20,Random Under-Sampling,MSCMF,RandomUnder,80_20,80/20,8,5,295480,292554,2926,0.99414512,0.696710526,0.723855092,0.710023466,0.950692938,0.738638178,9a4b308a3c11823c32e1c1c609304988a47f98b19b712da8cd0e246d5fbe6aa8,not fixed; not saved,57.54357815,PASS,2026-09-03T22:05:44
dnn_oof_v1_fixed_5fold_10run_73configs,enzyme,Enzyme,66,MSCMF__RandomUnder__80_20,Random Under-Sampling,MSCMF,RandomUnder,80_20,80/20,9,5,295480,292554,2926,0.990906322,0.529040097,0.744019139,0.618378071,0.949684768,0.727573876,9a4b308a3c11823c32e1c1c609304988a47f98b19b712da8cd0e246d5fbe6aa8,not fixed; not saved,57.92311954,PASS,2026-09-03T22:09:44
dnn_oof_v1_fixed_5fold_10run_73configs,enzyme,Enzyme,66,MSCMF__RandomUnder__80_20,Random Under-Sampling,MSCMF,RandomUnder,80_20,80/20,10,5,295480,292554,2926,0.991163531,0.539149888,0.741285031,0.624262484,0.950130531,0.734036923,9a4b308a3c11823c32e1c1c609304988a47f98b19b712da8cd0e246d5fbe6aa8,not fixed; not saved,51.85869718,PASS,2026-09-03T22:13:39
dnn_oof_v1_fixed_5fold_10run_73configs,enzyme,Enzyme,67,MSCMF__RandomUnder__85_15,Random Under-Sampling,MSCMF,RandomUnder,85_15,85/15,1,5,295480,292554,2926,0.994023284,0.689418681,0.721462748,0.70507682,0.949664236,0.735545978,9a4b308a3c11823c32e1c1c609304988a47f98b19b712da8cd0e246d5fbe6aa8,not fixed; not saved,49.65805602,PASS,2026-09-03T22:17:30
dnn_oof_v1_fixed_5fold_10run_73configs,enzyme,Enzyme,67,MSCMF__RandomUnder__85_15,Random Under-Sampling,MSCMF,RandomUnder,85_15,85/15,2,5,295480,292554,2926,0.993810072,0.675970484,0.720095694,0.69733576,0.942332297,0.729753089,9a4b308a3c11823c32e1c1c609304988a47f98b19b712da8cd0e246d5fbe6aa8,not fixed; not saved,47.96352291,PASS,2026-09-03T22:21:19
dnn_oof_v1_fixed_5fold_10run_73configs,enzyme,Enzyme,67,MSCMF__RandomUnder__85_15,Random Under-Sampling,MSCMF,RandomUnder,85_15,85/15,3,5,295480,292554,2926,0.993772844,0.672709924,0.722829802,0.696869852,0.943798726,0.726250696,9a4b308a3c11823c32e1c1c609304988a47f98b19b712da8cd0e246d5fbe6aa8,not fixed; not saved,57.63256741,PASS,2026-09-03T22:25:18
dnn_oof_v1_fixed_5fold_10run_73configs,enzyme,Enzyme,67,MSCMF__RandomUnder__85_15,Random Under-Sampling,MSCMF,RandomUnder,85_15,85/15,4,5,295480,292554,2926,0.993139976,0.633264157,0.730006835,0.678202889,0.943099131,0.734057314,9a4b308a3c11823c32e1c1c609304988a47f98b19b712da8cd0e246d5fbe6aa8,not fixed; not saved,52.57274127,PASS,2026-09-03T22:29:11
dnn_oof_v1_fixed_5fold_10run_73configs,enzyme,Enzyme,67,MSCMF__RandomUnder__85_15,Random Under-Sampling,MSCMF,RandomUnder,85_15,85/15,5,5,295480,292554,2926,0.992943685,0.622060958,0.73239918,0.672735834,0.951853821,0.742647262,9a4b308a3c11823c32e1c1c609304988a47f98b19b712da8cd0e246d5fbe6aa8,not fixed; not saved,53.40413594,PASS,2026-09-03T22:33:04
dnn_oof_v1_fixed_5fold_10run_73configs,enzyme,Enzyme,67,MSCMF__RandomUnder__85_15,Random Under-Sampling,MSCMF,RandomUnder,85_15,85/15,6,5,295480,292554,2926,0.994466631,0.719483169,0.723171565,0.721322652,0.94649054,0.73938638,9a4b308a3c11823c32e1c1c609304988a47f98b19b712da8cd0e246d5fbe6aa8,not fixed; not saved,55.13274503,PASS,2026-09-03T22:37:03
dnn_oof_v1_fixed_5fold_10run_73configs,enzyme,Enzyme,67,MSCMF__RandomUnder__85_15,Random Under-Sampling,MSCMF,RandomUnder,85_15,85/15,7,5,295480,292554,2926,0.993139976,0.634944461,0.722829802,0.676042832,0.949915668,0.735823667,9a4b308a3c11823c32e1c1c609304988a47f98b19b712da8cd0e246d5fbe6aa8,not fixed; not saved,51.00946903,PASS,2026-09-03T22:40:56
dnn_oof_v1_fixed_5fold_10run_73configs,enzyme,Enzyme,67,MSCMF__RandomUnder__85_15,Random Under-Sampling,MSCMF,RandomUnder,85_15,85/15,8,5,295480,292554,2926,0.992930148,0.6219761,0.729323308,0.671385874,0.947844647,0.704766899,9a4b308a3c11823c32e1c1c609304988a47f98b19b712da8cd0e246d5fbe6aa8,not fixed; not saved,54.80191588,PASS,2026-09-03T22:44:53
dnn_oof_v1_fixed_5fold_10run_73configs,enzyme,Enzyme,67,MSCMF__RandomUnder__85_15,Random Under-Sampling,MSCMF,RandomUnder,85_15,85/15,9,5,295480,292554,2926,0.993055368,0.6279274,0.733082707,0.676442763,0.949514287,0.73346173,9a4b308a3c11823c32e1c1c609304988a47f98b19b712da8cd0e246d5fbe6aa8,not fixed; not saved,55.80388093,PASS,2026-09-03T22:48:49
dnn_oof_v1_fixed_5fold_10run_73configs,enzyme,Enzyme,67,MSCMF__RandomUnder__85_15,Random Under-Sampling,MSCMF,RandomUnder,85_15,85/15,10,5,295480,292554,2926,0.993830378,0.675917065,0.724196856,0.69922455,0.949095957,0.74146271,9a4b308a3c11823c32e1c1c609304988a47f98b19b712da8cd0e246d5fbe6aa8,not fixed; not saved,50.84130073,PASS,2026-09-03T22:52:42
dnn_oof_v1_fixed_5fold_10run_73configs,enzyme,Enzyme,68,MSCMF__RandomUnder__90_10,Random Under-Sampling,MSCMF,RandomUnder,90_10,Oct-90,1,5,295480,292554,2926,0.994368485,0.714043419,0.719412167,0.716717739,0.944873395,0.740983053,9a4b308a3c11823c32e1c1c609304988a47f98b19b712da8cd0e246d5fbe6aa8,not fixed; not saved,63.87277007,PASS,2026-09-03T22:56:51
dnn_oof_v1_fixed_5fold_10run_73configs,enzyme,Enzyme,68,MSCMF__RandomUnder__90_10,Random Under-Sampling,MSCMF,RandomUnder,90_10,Oct-90,2,5,295480,292554,2926,0.994388791,0.71549966,0.719412167,0.717450579,0.949628558,0.733207699,9a4b308a3c11823c32e1c1c609304988a47f98b19b712da8cd0e246d5fbe6aa8,not fixed; not saved,63.57207966,PASS,2026-09-03T23:00:57
dnn_oof_v1_fixed_5fold_10run_73configs,enzyme,Enzyme,68,MSCMF__RandomUnder__90_10,Random Under-Sampling,MSCMF,RandomUnder,90_10,Oct-90,3,5,295480,292554,2926,0.994625694,0.731808732,0.721804511,0.726772195,0.947085623,0.731120586,9a4b308a3c11823c32e1c1c609304988a47f98b19b712da8cd0e246d5fbe6aa8,not fixed; not saved,65.08841157,PASS,2026-09-03T23:05:05
dnn_oof_v1_fixed_5fold_10run_73configs,enzyme,Enzyme,68,MSCMF__RandomUnder__90_10,Random Under-Sampling,MSCMF,RandomUnder,90_10,Oct-90,4,5,295480,292554,2926,0.994351564,0.712259372,0.720779221,0.71649397,0.949430636,0.734601904,9a4b308a3c11823c32e1c1c609304988a47f98b19b712da8cd0e246d5fbe6aa8,not fixed; not saved,60.75848222,PASS,2026-09-03T23:09:09
dnn_oof_v1_fixed_5fold_10run_73configs,enzyme,Enzyme,68,MSCMF__RandomUnder__90_10,Random Under-Sampling,MSCMF,RandomUnder,90_10,Oct-90,5,5,295480,292554,2926,0.994537701,0.726363009,0.719412167,0.722870879,0.947206587,0.727480904,9a4b308a3c11823c32e1c1c609304988a47f98b19b712da8cd0e246d5fbe6aa8,not fixed; not saved,62.02453732,PASS,2026-09-03T23:13:17
dnn_oof_v1_fixed_5fold_10run_73configs,enzyme,Enzyme,68,MSCMF__RandomUnder__90_10,Random Under-Sampling,MSCMF,RandomUnder,90_10,Oct-90,6,5,295480,292554,2926,0.994449709,0.719453925,0.720437457,0.719945355,0.947324448,0.739034496,9a4b308a3c11823c32e1c1c609304988a47f98b19b712da8cd0e246d5fbe6aa8,not fixed; not saved,63.45279908,PASS,2026-09-03T23:17:24
dnn_oof_v1_fixed_5fold_10run_73configs,enzyme,Enzyme,68,MSCMF__RandomUnder__90_10,Random Under-Sampling,MSCMF,RandomUnder,90_10,Oct-90,7,5,295480,292554,2926,0.994165426,0.698612029,0.722488038,0.710349462,0.947925959,0.731781385,9a4b308a3c11823c32e1c1c609304988a47f98b19b712da8cd0e246d5fbe6aa8,not fixed; not saved,62.23263025,PASS,2026-09-03T23:21:32
dnn_oof_v1_fixed_5fold_10run_73configs,enzyme,Enzyme,68,MSCMF__RandomUnder__90_10,Random Under-Sampling,MSCMF,RandomUnder,90_10,Oct-90,8,5,295480,292554,2926,0.994635847,0.73354232,0.71975393,0.726582715,0.943157798,0.73429977,9a4b308a3c11823c32e1c1c609304988a47f98b19b712da8cd0e246d5fbe6aa8,not fixed; not saved,60.67123151,PASS,2026-09-03T23:25:38
dnn_oof_v1_fixed_5fold_10run_73configs,enzyme,Enzyme,68,MSCMF__RandomUnder__90_10,Random Under-Sampling,MSCMF,RandomUnder,90_10,Oct-90,9,5,295480,292554,2926,0.992950453,0.6235708,0.726930964,0.671295566,0.947680611,0.663662399,9a4b308a3c11823c32e1c1c609304988a47f98b19b712da8cd0e246d5fbe6aa8,not fixed; not saved,60.49642873,PASS,2026-09-03T23:29:42
dnn_oof_v1_fixed_5fold_10run_73configs,enzyme,Enzyme,68,MSCMF__RandomUnder__90_10,Random Under-Sampling,MSCMF,RandomUnder,90_10,Oct-90,10,5,295480,292554,2926,0.994331258,0.711103611,0.720095694,0.715571404,0.94023178,0.732385475,9a4b308a3c11823c32e1c1c609304988a47f98b19b712da8cd0e246d5fbe6aa8,not fixed; not saved,64.34758139,PASS,2026-09-03T23:33:49
dnn_oof_v1_fixed_5fold_10run_73configs,enzyme,Enzyme,69,MSCMF__TomekLinks__50_50,Tomek Links,MSCMF,TomekLinks,50_50,50/50,1,5,295480,292554,2926,0.974316367,0.249220179,0.791866029,0.379121329,0.962001572,0.607708162,9a4b308a3c11823c32e1c1c609304988a47f98b19b712da8cd0e246d5fbe6aa8,not fixed; not saved,37.06630564,PASS,2026-09-03T23:37:31
dnn_oof_v1_fixed_5fold_10run_73configs,enzyme,Enzyme,69,MSCMF__TomekLinks__50_50,Tomek Links,MSCMF,TomekLinks,50_50,50/50,2,5,295480,292554,2926,0.975236903,0.256623434,0.791182502,0.38754499,0.955043341,0.640581365,9a4b308a3c11823c32e1c1c609304988a47f98b19b712da8cd0e246d5fbe6aa8,not fixed; not saved,40.65119958,PASS,2026-09-03T23:41:17
dnn_oof_v1_fixed_5fold_10run_73configs,enzyme,Enzyme,69,MSCMF__TomekLinks__50_50,Tomek Links,MSCMF,TomekLinks,50_50,50/50,3,5,295480,292554,2926,0.976678625,0.269020156,0.789131921,0.401251195,0.959099865,0.657354182,9a4b308a3c11823c32e1c1c609304988a47f98b19b712da8cd0e246d5fbe6aa8,not fixed; not saved,42.39395976,PASS,2026-09-03T23:45:06
dnn_oof_v1_fixed_5fold_10run_73configs,enzyme,Enzyme,69,MSCMF__TomekLinks__50_50,Tomek Links,MSCMF,TomekLinks,50_50,50/50,4,5,295480,292554,2926,0.967628943,0.208175824,0.809295967,0.331165653,0.962472006,0.667638763,9a4b308a3c11823c32e1c1c609304988a47f98b19b712da8cd0e246d5fbe6aa8,not fixed; not saved,39.11373997,PASS,2026-09-03T23:48:53
dnn_oof_v1_fixed_5fold_10run_73configs,enzyme,Enzyme,69,MSCMF__TomekLinks__50_50,Tomek Links,MSCMF,TomekLinks,50_50,50/50,5,5,295480,292554,2926,0.969845675,0.220164609,0.804511278,0.345718901,0.962401503,0.617795427,9a4b308a3c11823c32e1c1c609304988a47f98b19b712da8cd0e246d5fbe6aa8,not fixed; not saved,47.06383348,PASS,2026-09-03T23:52:50
dnn_oof_v1_fixed_5fold_10run_73configs,enzyme,Enzyme,69,MSCMF__TomekLinks__50_50,Tomek Links,MSCMF,TomekLinks,50_50,50/50,6,5,295480,292554,2926,0.973334913,0.243234837,0.80177717,0.373239997,0.954253656,0.653540834,9a4b308a3c11823c32e1c1c609304988a47f98b19b712da8cd0e246d5fbe6aa8,not fixed; not saved,40.40556169,PASS,2026-09-03T23:56:38
dnn_oof_v1_fixed_5fold_10run_73configs,enzyme,Enzyme,69,MSCMF__TomekLinks__50_50,Tomek Links,MSCMF,TomekLinks,50_50,50/50,7,5,295480,292554,2926,0.970058887,0.221259768,0.803144224,0.346940282,0.959866656,0.672278945,9a4b308a3c11823c32e1c1c609304988a47f98b19b712da8cd0e246d5fbe6aa8,not fixed; not saved,40.41367149,PASS,2026-09-04T00:00:28
dnn_oof_v1_fixed_5fold_10run_73configs,enzyme,Enzyme,69,MSCMF__TomekLinks__50_50,Tomek Links,MSCMF,TomekLinks,50_50,50/50,8,5,295480,292554,2926,0.974306214,0.250107112,0.798017772,0.380851411,0.960224655,0.648052285,9a4b308a3c11823c32e1c1c609304988a47f98b19b712da8cd0e246d5fbe6aa8,not fixed; not saved,39.7398746,PASS,2026-09-04T00:04:16
dnn_oof_v1_fixed_5fold_10run_73configs,enzyme,Enzyme,69,MSCMF__TomekLinks__50_50,Tomek Links,MSCMF,TomekLinks,50_50,50/50,9,5,295480,292554,2926,0.976052525,0.262857143,0.786056049,0.393970538,0.956392585,0.670860553,9a4b308a3c11823c32e1c1c609304988a47f98b19b712da8cd0e246d5fbe6aa8,not fixed; not saved,39.28056765,PASS,2026-09-04T00:08:06
dnn_oof_v1_fixed_5fold_10run_73configs,enzyme,Enzyme,69,MSCMF__TomekLinks__50_50,Tomek Links,MSCMF,TomekLinks,50_50,50/50,10,5,295480,292554,2926,0.980787194,0.312474438,0.783321941,0.446740084,0.957566805,0.611531633,9a4b308a3c11823c32e1c1c609304988a47f98b19b712da8cd0e246d5fbe6aa8,not fixed; not saved,48.79952312,PASS,2026-09-04T00:12:03
dnn_oof_v1_fixed_5fold_10run_73configs,enzyme,Enzyme,70,MSCMF__TomekLinks__80_20,Tomek Links,MSCMF,TomekLinks,80_20,80/20,1,5,295480,292554,2926,0.992825234,0.616811594,0.727272727,0.667503137,0.947902664,0.734155359,9a4b308a3c11823c32e1c1c609304988a47f98b19b712da8cd0e246d5fbe6aa8,not fixed; not saved,54.96222091,PASS,2026-09-04T00:16:12
dnn_oof_v1_fixed_5fold_10run_73configs,enzyme,Enzyme,70,MSCMF__TomekLinks__80_20,Tomek Links,MSCMF,TomekLinks,80_20,80/20,2,5,295480,292554,2926,0.992906457,0.618911175,0.738209159,0.673316708,0.950420895,0.745081672,9a4b308a3c11823c32e1c1c609304988a47f98b19b712da8cd0e246d5fbe6aa8,not fixed; not saved,49.45136881,PASS,2026-09-04T00:20:13
dnn_oof_v1_fixed_5fold_10run_73configs,enzyme,Enzyme,70,MSCMF__TomekLinks__80_20,Tomek Links,MSCMF,TomekLinks,80_20,80/20,3,5,295480,292554,2926,0.991965615,0.573287307,0.737867396,0.645248057,0.954967178,0.74796194,9a4b308a3c11823c32e1c1c609304988a47f98b19b712da8cd0e246d5fbe6aa8,not fixed; not saved,49.45316577,PASS,2026-09-04T00:24:14
dnn_oof_v1_fixed_5fold_10run_73configs,enzyme,Enzyme,70,MSCMF__TomekLinks__80_20,Tomek Links,MSCMF,TomekLinks,80_20,80/20,4,5,295480,292554,2926,0.991393665,0.548864506,0.735133288,0.628487947,0.948846771,0.732308473,9a4b308a3c11823c32e1c1c609304988a47f98b19b712da8cd0e246d5fbe6aa8,not fixed; not saved,56.67224383,PASS,2026-09-04T00:28:23
dnn_oof_v1_fixed_5fold_10run_73configs,enzyme,Enzyme,70,MSCMF__TomekLinks__80_20,Tomek Links,MSCMF,TomekLinks,80_20,80/20,5,5,295480,292554,2926,0.991373359,0.548074471,0.734449761,0.627720169,0.945729345,0.720657225,9a4b308a3c11823c32e1c1c609304988a47f98b19b712da8cd0e246d5fbe6aa8,not fixed; not saved,57.6673677,PASS,2026-09-04T00:32:38
dnn_oof_v1_fixed_5fold_10run_73configs,enzyme,Enzyme,70,MSCMF__TomekLinks__80_20,Tomek Links,MSCMF,TomekLinks,80_20,80/20,6,5,295480,292554,2926,0.991062001,0.53528101,0.738892686,0.620818378,0.94850606,0.733521624,9a4b308a3c11823c32e1c1c609304988a47f98b19b712da8cd0e246d5fbe6aa8,not fixed; not saved,55.39098167,PASS,2026-09-04T00:36:51
dnn_oof_v1_fixed_5fold_10run_73configs,enzyme,Enzyme,70,MSCMF__TomekLinks__80_20,Tomek Links,MSCMF,TomekLinks,80_20,80/20,7,5,295480,292554,2926,0.992879383,0.618580496,0.732740943,0.670838548,0.949840788,0.745306701,9a4b308a3c11823c32e1c1c609304988a47f98b19b712da8cd0e246d5fbe6aa8,not fixed; not saved,47.19820213,PASS,2026-09-04T00:40:51
dnn_oof_v1_fixed_5fold_10run_73configs,enzyme,Enzyme,70,MSCMF__TomekLinks__80_20,Tomek Links,MSCMF,TomekLinks,80_20,80/20,8,5,295480,292554,2926,0.991424123,0.549974503,0.737183869,0.629964953,0.952062708,0.742032265,9a4b308a3c11823c32e1c1c609304988a47f98b19b712da8cd0e246d5fbe6aa8,not fixed; not saved,51.28240418,PASS,2026-09-04T00:44:53
dnn_oof_v1_fixed_5fold_10run_73configs,enzyme,Enzyme,70,MSCMF__TomekLinks__80_20,Tomek Links,MSCMF,TomekLinks,80_20,80/20,9,5,295480,292554,2926,0.993708542,0.666875195,0.728639781,0.696390658,0.952598642,0.744787945,9a4b308a3c11823c32e1c1c609304988a47f98b19b712da8cd0e246d5fbe6aa8,not fixed; not saved,53.22302175,PASS,2026-09-04T00:49:00
dnn_oof_v1_fixed_5fold_10run_73configs,enzyme,Enzyme,70,MSCMF__TomekLinks__80_20,Tomek Links,MSCMF,TomekLinks,80_20,80/20,10,5,295480,292554,2926,0.993150129,0.635110845,0.724538619,0.67688378,0.949986759,0.742231059,9a4b308a3c11823c32e1c1c609304988a47f98b19b712da8cd0e246d5fbe6aa8,not fixed; not saved,48.38393044,PASS,2026-09-04T00:53:03
dnn_oof_v1_fixed_5fold_10run_73configs,enzyme,Enzyme,71,MSCMF__TomekLinks__85_15,Tomek Links,MSCMF,TomekLinks,85_15,85/15,1,5,295480,292554,2926,0.992378503,0.593611111,0.730348599,0.654918786,0.951628382,0.707947685,9a4b308a3c11823c32e1c1c609304988a47f98b19b712da8cd0e246d5fbe6aa8,not fixed; not saved,56.54967594,PASS,2026-09-04T00:57:15
dnn_oof_v1_fixed_5fold_10run_73configs,enzyme,Enzyme,71,MSCMF__TomekLinks__85_15,Tomek Links,MSCMF,TomekLinks,85_15,85/15,2,5,295480,292554,2926,0.993332882,0.644673123,0.727956254,0.683788122,0.94670646,0.737027848,9a4b308a3c11823c32e1c1c609304988a47f98b19b712da8cd0e246d5fbe6aa8,not fixed; not saved,55.36045599,PASS,2026-09-04T01:01:24
dnn_oof_v1_fixed_5fold_10run_73configs,enzyme,Enzyme,71,MSCMF__TomekLinks__85_15,Tomek Links,MSCMF,TomekLinks,85_15,85/15,3,5,295480,292554,2926,0.994243265,0.703150912,0.724538619,0.713684565,0.948488586,0.739654023,9a4b308a3c11823c32e1c1c609304988a47f98b19b712da8cd0e246d5fbe6aa8,not fixed; not saved,50.58927488,PASS,2026-09-04T01:05:28
dnn_oof_v1_fixed_5fold_10run_73configs,enzyme,Enzyme,71,MSCMF__TomekLinks__85_15,Tomek Links,MSCMF,TomekLinks,85_15,85/15,4,5,295480,292554,2926,0.992212671,0.584436639,0.73923445,0.652784065,0.950354847,0.74446071,9a4b308a3c11823c32e1c1c609304988a47f98b19b712da8cd0e246d5fbe6aa8,not fixed; not saved,55.83072519,PASS,2026-09-04T01:09:37
dnn_oof_v1_fixed_5fold_10run_73configs,enzyme,Enzyme,71,MSCMF__TomekLinks__85_15,Tomek Links,MSCMF,TomekLinks,85_15,85/15,5,5,295480,292554,2926,0.992730472,0.609949124,0.737525632,0.66769802,0.95197991,0.726807596,9a4b308a3c11823c32e1c1c609304988a47f98b19b712da8cd0e246d5fbe6aa8,not fixed; not saved,48.8772397,PASS,2026-09-04T01:13:38
dnn_oof_v1_fixed_5fold_10run_73configs,enzyme,Enzyme,71,MSCMF__TomekLinks__85_15,Tomek Links,MSCMF,TomekLinks,85_15,85/15,6,5,295480,292554,2926,0.994185732,0.7,0.722488038,0.711066263,0.947325534,0.733901207,9a4b308a3c11823c32e1c1c609304988a47f98b19b712da8cd0e246d5fbe6aa8,not fixed; not saved,56.07465124,PASS,2026-09-04T01:17:48
dnn_oof_v1_fixed_5fold_10run_73configs,enzyme,Enzyme,71,MSCMF__TomekLinks__85_15,Tomek Links,MSCMF,TomekLinks,85_15,85/15,7,5,295480,292554,2926,0.992557872,0.603768199,0.722829802,0.657956136,0.945657149,0.726038589,9a4b308a3c11823c32e1c1c609304988a47f98b19b712da8cd0e246d5fbe6aa8,not fixed; not saved,50.18688369,PASS,2026-09-04T01:21:52
dnn_oof_v1_fixed_5fold_10run_73configs,enzyme,Enzyme,71,MSCMF__TomekLinks__85_15,Tomek Links,MSCMF,TomekLinks,85_15,85/15,8,5,295480,292554,2926,0.992226208,0.586950511,0.72556391,0.648937796,0.948555113,0.722289495,9a4b308a3c11823c32e1c1c609304988a47f98b19b712da8cd0e246d5fbe6aa8,not fixed; not saved,57.90662146,PASS,2026-09-04T01:26:05
dnn_oof_v1_fixed_5fold_10run_73configs,enzyme,Enzyme,71,MSCMF__TomekLinks__85_15,Tomek Links,MSCMF,TomekLinks,85_15,85/15,9,5,295480,292554,2926,0.993207662,0.636228876,0.73342447,0.681377997,0.946631879,0.743633101,9a4b308a3c11823c32e1c1c609304988a47f98b19b712da8cd0e246d5fbe6aa8,not fixed; not saved,52.70459294,PASS,2026-09-04T01:30:13
dnn_oof_v1_fixed_5fold_10run_73configs,enzyme,Enzyme,71,MSCMF__TomekLinks__85_15,Tomek Links,MSCMF,TomekLinks,85_15,85/15,10,5,295480,292554,2926,0.99424665,0.703249337,0.724880383,0.713901043,0.946088695,0.743044217,9a4b308a3c11823c32e1c1c609304988a47f98b19b712da8cd0e246d5fbe6aa8,not fixed; not saved,48.91426969,PASS,2026-09-04T01:34:20
dnn_oof_v1_fixed_5fold_10run_73configs,enzyme,Enzyme,72,MSCMF__TomekLinks__90_10,Tomek Links,MSCMF,TomekLinks,90_10,Oct-90,1,5,295480,292554,2926,0.994821985,0.747869318,0.71975393,0.73354232,0.950980119,0.744242711,9a4b308a3c11823c32e1c1c609304988a47f98b19b712da8cd0e246d5fbe6aa8,not fixed; not saved,65.68682432,PASS,2026-09-04T01:38:44
dnn_oof_v1_fixed_5fold_10run_73configs,enzyme,Enzyme,72,MSCMF__TomekLinks__90_10,Tomek Links,MSCMF,TomekLinks,90_10,Oct-90,2,5,295480,292554,2926,0.994219575,0.702729694,0.721462748,0.711973019,0.945115705,0.733177339,9a4b308a3c11823c32e1c1c609304988a47f98b19b712da8cd0e246d5fbe6aa8,not fixed; not saved,61.89241815,PASS,2026-09-04T01:43:01
dnn_oof_v1_fixed_5fold_10run_73configs,enzyme,Enzyme,72,MSCMF__TomekLinks__90_10,Tomek Links,MSCMF,TomekLinks,90_10,Oct-90,3,5,295480,292554,2926,0.994500474,0.72454263,0.717361586,0.720934226,0.948028144,0.726874509,9a4b308a3c11823c32e1c1c609304988a47f98b19b712da8cd0e246d5fbe6aa8,not fixed; not saved,62.36334109,PASS,2026-09-04T01:47:22
dnn_oof_v1_fixed_5fold_10run_73configs,enzyme,Enzyme,72,MSCMF__TomekLinks__90_10,Tomek Links,MSCMF,TomekLinks,90_10,Oct-90,4,5,295480,292554,2926,0.993914986,0.681818182,0.722829802,0.701725282,0.94898749,0.745545652,9a4b308a3c11823c32e1c1c609304988a47f98b19b712da8cd0e246d5fbe6aa8,not fixed; not saved,61.51052856,PASS,2026-09-04T01:51:41
dnn_oof_v1_fixed_5fold_10run_73configs,enzyme,Enzyme,72,MSCMF__TomekLinks__90_10,Tomek Links,MSCMF,TomekLinks,90_10,Oct-90,5,5,295480,292554,2926,0.99412143,0.69731165,0.718045113,0.70752652,0.951463923,0.74214533,9a4b308a3c11823c32e1c1c609304988a47f98b19b712da8cd0e246d5fbe6aa8,not fixed; not saved,60.63421082,PASS,2026-09-04T01:55:59
dnn_oof_v1_fixed_5fold_10run_73configs,enzyme,Enzyme,72,MSCMF__TomekLinks__90_10,Tomek Links,MSCMF,TomekLinks,90_10,Oct-90,6,5,295480,292554,2926,0.993647624,0.666772655,0.716678059,0.690825235,0.946574881,0.728411863,9a4b308a3c11823c32e1c1c609304988a47f98b19b712da8cd0e246d5fbe6aa8,not fixed; not saved,59.56935477,PASS,2026-09-04T02:00:15
dnn_oof_v1_fixed_5fold_10run_73configs,enzyme,Enzyme,72,MSCMF__TomekLinks__90_10,Tomek Links,MSCMF,TomekLinks,90_10,Oct-90,7,5,295480,292554,2926,0.99416881,0.705220061,0.706425154,0.705822093,0.945300895,0.727615887,9a4b308a3c11823c32e1c1c609304988a47f98b19b712da8cd0e246d5fbe6aa8,not fixed; not saved,65.44501328,PASS,2026-09-04T02:04:39
dnn_oof_v1_fixed_5fold_10run_73configs,enzyme,Enzyme,72,MSCMF__TomekLinks__90_10,Tomek Links,MSCMF,TomekLinks,90_10,Oct-90,8,5,295480,292554,2926,0.994500474,0.723924269,0.71872864,0.721317098,0.947393256,0.737011358,9a4b308a3c11823c32e1c1c609304988a47f98b19b712da8cd0e246d5fbe6aa8,not fixed; not saved,61.84411383,PASS,2026-09-04T02:09:02
dnn_oof_v1_fixed_5fold_10run_73configs,enzyme,Enzyme,72,MSCMF__TomekLinks__90_10,Tomek Links,MSCMF,TomekLinks,90_10,Oct-90,9,5,295480,292554,2926,0.994304183,0.707651186,0.723855092,0.715661429,0.949565945,0.733129075,9a4b308a3c11823c32e1c1c609304988a47f98b19b712da8cd0e246d5fbe6aa8,not fixed; not saved,62.52316523,PASS,2026-09-04T02:13:23
dnn_oof_v1_fixed_5fold_10run_73configs,enzyme,Enzyme,72,MSCMF__TomekLinks__90_10,Tomek Links,MSCMF,TomekLinks,90_10,Oct-90,10,5,295480,292554,2926,0.994757682,0.74510502,0.715311005,0.729904098,0.942135767,0.737373078,9a4b308a3c11823c32e1c1c609304988a47f98b19b712da8cd0e246d5fbe6aa8,not fixed; not saved,62.40526438,PASS,2026-09-04T02:17:47
dnn_oof_v1_fixed_5fold_10run_73configs,enzyme,Enzyme,9,NNMF__WGANGP__50_50,NNMF (WGAN-GP),NNMF,WGANGP,50_50,50/50,1,5,295480,292554,2926,0.995715446,0.951086957,0.598086124,0.734368443,0.944021727,0.717859101,9a4b308a3c11823c32e1c1c609304988a47f98b19b712da8cd0e246d5fbe6aa8,not fixed; not saved,585.8864558,PASS,2026-09-04T02:32:29
dnn_oof_v1_fixed_5fold_10run_73configs,enzyme,Enzyme,9,NNMF__WGANGP__50_50,NNMF (WGAN-GP),NNMF,WGANGP,50_50,50/50,2,5,295480,292554,2926,0.995749289,0.954793028,0.599111415,0.736245275,0.942407388,0.712492541,9a4b308a3c11823c32e1c1c609304988a47f98b19b712da8cd0e246d5fbe6aa8,not fixed; not saved,578.4463346,PASS,2026-09-04T02:45:30
dnn_oof_v1_fixed_5fold_10run_73configs,enzyme,Enzyme,9,NNMF__WGANGP__50_50,NNMF (WGAN-GP),NNMF,WGANGP,50_50,50/50,3,5,295480,292554,2926,0.99569514,0.960981048,0.589200273,0.730508475,0.942097408,0.706789694,9a4b308a3c11823c32e1c1c609304988a47f98b19b712da8cd0e246d5fbe6aa8,not fixed; not saved,572.7430513,PASS,2026-09-04T02:58:20
dnn_oof_v1_fixed_5fold_10run_73configs,enzyme,Enzyme,9,NNMF__WGANGP__50_50,NNMF (WGAN-GP),NNMF,WGANGP,50_50,50/50,4,5,295480,292554,2926,0.995739136,0.961772853,0.593301435,0.7338829,0.944856147,0.709759303,9a4b308a3c11823c32e1c1c609304988a47f98b19b712da8cd0e246d5fbe6aa8,not fixed; not saved,573.7786725,PASS,2026-09-04T03:11:17
dnn_oof_v1_fixed_5fold_10run_73configs,enzyme,Enzyme,9,NNMF__WGANGP__50_50,NNMF (WGAN-GP),NNMF,WGANGP,50_50,50/50,5,5,295480,292554,2926,0.995705293,0.952484981,0.596035543,0.733235232,0.941461325,0.70908115,9a4b308a3c11823c32e1c1c609304988a47f98b19b712da8cd0e246d5fbe6aa8,not fixed; not saved,572.0482235,PASS,2026-09-04T03:24:10
dnn_oof_v1_fixed_5fold_10run_73configs,enzyme,Enzyme,9,NNMF__WGANGP__50_50,NNMF (WGAN-GP),NNMF,WGANGP,50_50,50/50,6,5,295480,292554,2926,0.995728983,0.957142857,0.595352016,0.734091867,0.939218517,0.712529587,9a4b308a3c11823c32e1c1c609304988a47f98b19b712da8cd0e246d5fbe6aa8,not fixed; not saved,568.4165194,PASS,2026-09-04T03:36:55
dnn_oof_v1_fixed_5fold_10run_73configs,enzyme,Enzyme,9,NNMF__WGANGP__50_50,NNMF (WGAN-GP),NNMF,WGANGP,50_50,50/50,7,5,295480,292554,2926,0.995661297,0.950164294,0.592959672,0.730218855,0.939660865,0.708037172,9a4b308a3c11823c32e1c1c609304988a47f98b19b712da8cd0e246d5fbe6aa8,not fixed; not saved,571.5202634,PASS,2026-09-04T03:49:46
dnn_oof_v1_fixed_5fold_10run_73configs,enzyme,Enzyme,9,NNMF__WGANGP__50_50,NNMF (WGAN-GP),NNMF,WGANGP,50_50,50/50,8,5,295480,292554,2926,0.995745905,0.959273528,0.59569378,0.734977862,0.944412779,0.712866657,9a4b308a3c11823c32e1c1c609304988a47f98b19b712da8cd0e246d5fbe6aa8,not fixed; not saved,573.9330521,PASS,2026-09-04T04:02:40
dnn_oof_v1_fixed_5fold_10run_73configs,enzyme,Enzyme,9,NNMF__WGANGP__50_50,NNMF (WGAN-GP),NNMF,WGANGP,50_50,50/50,9,5,295480,292554,2926,0.99567145,0.960828204,0.586807929,0.728622958,0.944056984,0.710429331,9a4b308a3c11823c32e1c1c609304988a47f98b19b712da8cd0e246d5fbe6aa8,not fixed; not saved,571.051234,PASS,2026-09-04T04:15:30
dnn_oof_v1_fixed_5fold_10run_73configs,enzyme,Enzyme,9,NNMF__WGANGP__50_50,NNMF (WGAN-GP),NNMF,WGANGP,50_50,50/50,10,5,295480,292554,2926,0.995688371,0.949891068,0.596035543,0.732465351,0.943516967,0.710096763,9a4b308a3c11823c32e1c1c609304988a47f98b19b712da8cd0e246d5fbe6aa8,not fixed; not saved,571.8705316,PASS,2026-09-04T04:28:20
dnn_oof_v1_fixed_5fold_10run_73configs,enzyme,Enzyme,10,NNMF__WGANGP__80_20,NNMF (WGAN-GP),NNMF,WGANGP,80_20,80/20,1,5,295480,292554,2926,0.995705293,0.945669715,0.600820232,0.734796238,0.944505005,0.712552303,9a4b308a3c11823c32e1c1c609304988a47f98b19b712da8cd0e246d5fbe6aa8,not fixed; not saved,383.4271185,PASS,2026-09-04T04:38:05
dnn_oof_v1_fixed_5fold_10run_73configs,enzyme,Enzyme,10,NNMF__WGANGP__80_20,NNMF (WGAN-GP),NNMF,WGANGP,80_20,80/20,2,5,295480,292554,2926,0.995745905,0.959779614,0.595352016,0.734866062,0.941534497,0.708773704,9a4b308a3c11823c32e1c1c609304988a47f98b19b712da8cd0e246d5fbe6aa8,not fixed; not saved,384.0573075,PASS,2026-09-04T04:47:50
dnn_oof_v1_fixed_5fold_10run_73configs,enzyme,Enzyme,10,NNMF__WGANGP__80_20,NNMF (WGAN-GP),NNMF,WGANGP,80_20,80/20,3,5,295480,292554,2926,0.995759442,0.959362987,0.597060834,0.736043817,0.942299587,0.711409653,9a4b308a3c11823c32e1c1c609304988a47f98b19b712da8cd0e246d5fbe6aa8,not fixed; not saved,365.9993954,PASS,2026-09-04T04:57:16
dnn_oof_v1_fixed_5fold_10run_73configs,enzyme,Enzyme,10,NNMF__WGANGP__80_20,NNMF (WGAN-GP),NNMF,WGANGP,80_20,80/20,4,5,295480,292554,2926,0.99579667,0.954643629,0.604237867,0.740058602,0.945242002,0.712219858,9a4b308a3c11823c32e1c1c609304988a47f98b19b712da8cd0e246d5fbe6aa8,not fixed; not saved,367.6369526,PASS,2026-09-04T05:06:47
dnn_oof_v1_fixed_5fold_10run_73configs,enzyme,Enzyme,10,NNMF__WGANGP__80_20,NNMF (WGAN-GP),NNMF,WGANGP,80_20,80/20,5,5,295480,292554,2926,0.995661297,0.950164294,0.592959672,0.730218855,0.942001525,0.711091733,9a4b308a3c11823c32e1c1c609304988a47f98b19b712da8cd0e246d5fbe6aa8,not fixed; not saved,369.3026419,PASS,2026-09-04T05:16:18
dnn_oof_v1_fixed_5fold_10run_73configs,enzyme,Enzyme,10,NNMF__WGANGP__80_20,NNMF (WGAN-GP),NNMF,WGANGP,80_20,80/20,6,5,295480,292554,2926,0.995481928,0.953276353,0.571770335,0.714804529,0.934770827,0.694000604,9a4b308a3c11823c32e1c1c609304988a47f98b19b712da8cd0e246d5fbe6aa8,not fixed; not saved,383.3728547,PASS,2026-09-04T05:26:04
dnn_oof_v1_fixed_5fold_10run_73configs,enzyme,Enzyme,10,NNMF__WGANGP__80_20,NNMF (WGAN-GP),NNMF,WGANGP,80_20,80/20,7,5,295480,292554,2926,0.99571883,0.948192121,0.600478469,0.735300272,0.944217794,0.713174614,9a4b308a3c11823c32e1c1c609304988a47f98b19b712da8cd0e246d5fbe6aa8,not fixed; not saved,372.0670729,PASS,2026-09-04T05:35:40
dnn_oof_v1_fixed_5fold_10run_73configs,enzyme,Enzyme,10,NNMF__WGANGP__80_20,NNMF (WGAN-GP),NNMF,WGANGP,80_20,80/20,8,5,295480,292554,2926,0.995735752,0.95027027,0.600820232,0.736180905,0.942668846,0.713718506,9a4b308a3c11823c32e1c1c609304988a47f98b19b712da8cd0e246d5fbe6aa8,not fixed; not saved,371.9112267,PASS,2026-09-04T05:45:18
dnn_oof_v1_fixed_5fold_10run_73configs,enzyme,Enzyme,10,NNMF__WGANGP__80_20,NNMF (WGAN-GP),NNMF,WGANGP,80_20,80/20,9,5,295480,292554,2926,0.995735752,0.963808463,0.591592618,0.733163914,0.940453727,0.710830856,9a4b308a3c11823c32e1c1c609304988a47f98b19b712da8cd0e246d5fbe6aa8,not fixed; not saved,371.7705107,PASS,2026-09-04T05:54:55
dnn_oof_v1_fixed_5fold_10run_73configs,enzyme,Enzyme,10,NNMF__WGANGP__80_20,NNMF (WGAN-GP),NNMF,WGANGP,80_20,80/20,10,5,295480,292554,2926,0.995745905,0.959273528,0.59569378,0.734977862,0.944739404,0.712035607,9a4b308a3c11823c32e1c1c609304988a47f98b19b712da8cd0e246d5fbe6aa8,not fixed; not saved,382.8515513,PASS,2026-09-04T06:04:42
dnn_oof_v1_fixed_5fold_10run_73configs,enzyme,Enzyme,11,NNMF__WGANGP__85_15,NNMF (WGAN-GP),NNMF,WGANGP,85_15,85/15,1,5,295480,292554,2926,0.995752674,0.958813839,0.59671907,0.735622498,0.943808156,0.715799301,9a4b308a3c11823c32e1c1c609304988a47f98b19b712da8cd0e246d5fbe6aa8,not fixed; not saved,348.7965796,PASS,2026-09-04T06:13:53
dnn_oof_v1_fixed_5fold_10run_73configs,enzyme,Enzyme,11,NNMF__WGANGP__85_15,NNMF (WGAN-GP),NNMF,WGANGP,85_15,85/15,2,5,295480,292554,2926,0.995735752,0.954694323,0.597744361,0.73518285,0.946071739,0.712754206,9a4b308a3c11823c32e1c1c609304988a47f98b19b712da8cd0e246d5fbe6aa8,not fixed; not saved,363.4637878,PASS,2026-09-04T06:23:24
dnn_oof_v1_fixed_5fold_10run_73configs,enzyme,Enzyme,11,NNMF__WGANGP__85_15,NNMF (WGAN-GP),NNMF,WGANGP,85_15,85/15,3,5,295480,292554,2926,0.995536077,0.943677526,0.584073821,0.721553726,0.945161459,0.708842517,9a4b308a3c11823c32e1c1c609304988a47f98b19b712da8cd0e246d5fbe6aa8,not fixed; not saved,348.4782648,PASS,2026-09-04T06:32:39
dnn_oof_v1_fixed_5fold_10run_73configs,enzyme,Enzyme,11,NNMF__WGANGP__85_15,NNMF (WGAN-GP),NNMF,WGANGP,85_15,85/15,4,5,295480,292554,2926,0.995766211,0.955906369,0.600136705,0.737350409,0.946286301,0.710628852,9a4b308a3c11823c32e1c1c609304988a47f98b19b712da8cd0e246d5fbe6aa8,not fixed; not saved,352.7740903,PASS,2026-09-04T06:41:56
dnn_oof_v1_fixed_5fold_10run_73configs,enzyme,Enzyme,11,NNMF__WGANGP__85_15,NNMF (WGAN-GP),NNMF,WGANGP,85_15,85/15,5,5,295480,292554,2926,0.995783133,0.9595186,0.599453178,0.737904922,0.943846772,0.714261919,9a4b308a3c11823c32e1c1c609304988a47f98b19b712da8cd0e246d5fbe6aa8,not fixed; not saved,353.4469857,PASS,2026-09-04T06:51:17
dnn_oof_v1_fixed_5fold_10run_73configs,enzyme,Enzyme,11,NNMF__WGANGP__85_15,NNMF (WGAN-GP),NNMF,WGANGP,85_15,85/15,6,5,295480,292554,2926,0.995668066,0.94390507,0.598086124,0.732217573,0.943606801,0.706025383,9a4b308a3c11823c32e1c1c609304988a47f98b19b712da8cd0e246d5fbe6aa8,not fixed; not saved,352.1679299,PASS,2026-09-04T07:00:34
dnn_oof_v1_fixed_5fold_10run_73configs,enzyme,Enzyme,11,NNMF__WGANGP__85_15,NNMF (WGAN-GP),NNMF,WGANGP,85_15,85/15,7,5,295480,292554,2926,0.995739136,0.959735245,0.594668489,0.734332138,0.945681053,0.713913527,9a4b308a3c11823c32e1c1c609304988a47f98b19b712da8cd0e246d5fbe6aa8,not fixed; not saved,356.7814853,PASS,2026-09-04T07:09:59
dnn_oof_v1_fixed_5fold_10run_73configs,enzyme,Enzyme,11,NNMF__WGANGP__85_15,NNMF (WGAN-GP),NNMF,WGANGP,85_15,85/15,8,5,295480,292554,2926,0.995752674,0.955810147,0.598769651,0.736289136,0.944471906,0.714041346,9a4b308a3c11823c32e1c1c609304988a47f98b19b712da8cd0e246d5fbe6aa8,not fixed; not saved,352.200722,PASS,2026-09-04T07:19:19
dnn_oof_v1_fixed_5fold_10run_73configs,enzyme,Enzyme,11,NNMF__WGANGP__85_15,NNMF (WGAN-GP),NNMF,WGANGP,85_15,85/15,9,5,295480,292554,2926,0.995640991,0.939849624,0.598086124,0.730994152,0.944397393,0.711638228,9a4b308a3c11823c32e1c1c609304988a47f98b19b712da8cd0e246d5fbe6aa8,not fixed; not saved,346.3649173,PASS,2026-09-04T07:28:32
dnn_oof_v1_fixed_5fold_10run_73configs,enzyme,Enzyme,11,NNMF__WGANGP__85_15,NNMF (WGAN-GP),NNMF,WGANGP,85_15,85/15,10,5,295480,292554,2926,0.995701909,0.945640474,0.600478469,0.734531773,0.946043198,0.715961793,9a4b308a3c11823c32e1c1c609304988a47f98b19b712da8cd0e246d5fbe6aa8,not fixed; not saved,357.6803925,PASS,2026-09-04T07:37:54
dnn_oof_v1_fixed_5fold_10run_73configs,enzyme,Enzyme,12,NNMF__WGANGP__90_10,NNMF (WGAN-GP),NNMF,WGANGP,90_10,Oct-90,1,5,295480,292554,2926,0.995681603,0.95379538,0.592617908,0.731028668,0.943648687,0.712206867,9a4b308a3c11823c32e1c1c609304988a47f98b19b712da8cd0e246d5fbe6aa8,not fixed; not saved,338.6711607,PASS,2026-09-04T07:47:02
dnn_oof_v1_fixed_5fold_10run_73configs,enzyme,Enzyme,12,NNMF__WGANGP__90_10,NNMF (WGAN-GP),NNMF,WGANGP,90_10,Oct-90,2,5,295480,292554,2926,0.995471775,0.909700722,0.60252905,0.724917763,0.941371475,0.708662825,9a4b308a3c11823c32e1c1c609304988a47f98b19b712da8cd0e246d5fbe6aa8,not fixed; not saved,330.7850661,PASS,2026-09-04T07:56:02
dnn_oof_v1_fixed_5fold_10run_73configs,enzyme,Enzyme,12,NNMF__WGANGP__90_10,NNMF (WGAN-GP),NNMF,WGANGP,90_10,Oct-90,3,5,295480,292554,2926,0.995759442,0.957353745,0.598427888,0.736487907,0.942105124,0.716089824,9a4b308a3c11823c32e1c1c609304988a47f98b19b712da8cd0e246d5fbe6aa8,not fixed; not saved,331.9496377,PASS,2026-09-04T08:05:02
dnn_oof_v1_fixed_5fold_10run_73configs,enzyme,Enzyme,12,NNMF__WGANGP__90_10,NNMF (WGAN-GP),NNMF,WGANGP,90_10,Oct-90,4,5,295480,292554,2926,0.995722215,0.958103638,0.593984962,0.733333333,0.944326089,0.712775341,9a4b308a3c11823c32e1c1c609304988a47f98b19b712da8cd0e246d5fbe6aa8,not fixed; not saved,333.8696668,PASS,2026-09-04T08:14:04
dnn_oof_v1_fixed_5fold_10run_73configs,enzyme,Enzyme,12,NNMF__WGANGP__90_10,NNMF (WGAN-GP),NNMF,WGANGP,90_10,Oct-90,5,5,295480,292554,2926,0.995434547,0.904982024,0.602187286,0.723168479,0.94497446,0.711369958,9a4b308a3c11823c32e1c1c609304988a47f98b19b712da8cd0e246d5fbe6aa8,not fixed; not saved,336.2432587,PASS,2026-09-04T08:23:09
dnn_oof_v1_fixed_5fold_10run_73configs,enzyme,Enzyme,12,NNMF__WGANGP__90_10,NNMF (WGAN-GP),NNMF,WGANGP,90_10,Oct-90,6,5,295480,292554,2926,0.995742521,0.955240175,0.598086124,0.735603195,0.947341647,0.716674135,9a4b308a3c11823c32e1c1c609304988a47f98b19b712da8cd0e246d5fbe6aa8,not fixed; not saved,335.8992412,PASS,2026-09-04T08:32:15
dnn_oof_v1_fixed_5fold_10run_73configs,enzyme,Enzyme,12,NNMF__WGANGP__90_10,NNMF (WGAN-GP),NNMF,WGANGP,90_10,Oct-90,7,5,295480,292554,2926,0.995722215,0.951630435,0.598427888,0.734788082,0.945961184,0.712708023,9a4b308a3c11823c32e1c1c609304988a47f98b19b712da8cd0e246d5fbe6aa8,not fixed; not saved,335.5602653,PASS,2026-09-04T08:41:20
dnn_oof_v1_fixed_5fold_10run_73configs,enzyme,Enzyme,12,NNMF__WGANGP__90_10,NNMF (WGAN-GP),NNMF,WGANGP,90_10,Oct-90,8,5,295480,292554,2926,0.995769595,0.955930359,0.600478469,0.737615449,0.946923196,0.714644148,9a4b308a3c11823c32e1c1c609304988a47f98b19b712da8cd0e246d5fbe6aa8,not fixed; not saved,331.1759212,PASS,2026-09-04T08:50:21
dnn_oof_v1_fixed_5fold_10run_73configs,enzyme,Enzyme,12,NNMF__WGANGP__90_10,NNMF (WGAN-GP),NNMF,WGANGP,90_10,Oct-90,9,5,295480,292554,2926,0.995684987,0.959376739,0.589200273,0.730044463,0.945477134,0.709990962,9a4b308a3c11823c32e1c1c609304988a47f98b19b712da8cd0e246d5fbe6aa8,not fixed; not saved,334.4744778,PASS,2026-09-04T08:59:24
dnn_oof_v1_fixed_5fold_10run_73configs,enzyme,Enzyme,12,NNMF__WGANGP__90_10,NNMF (WGAN-GP),NNMF,WGANGP,90_10,Oct-90,10,5,295480,292554,2926,0.99577298,0.95545899,0.601161996,0.73799035,0.94468059,0.711669684,9a4b308a3c11823c32e1c1c609304988a47f98b19b712da8cd0e246d5fbe6aa8,not fixed; not saved,340.2171936,PASS,2026-09-04T09:08:35
dnn_oof_v1_fixed_5fold_10run_73configs,enzyme,Enzyme,17,NNMF__VAE__50_50,NNMF (VAE),NNMF,VAE,50_50,50/50,1,5,295480,292554,2926,0.99554623,0.922350472,0.600820232,0.727649007,0.946486196,0.711233644,9a4b308a3c11823c32e1c1c609304988a47f98b19b712da8cd0e246d5fbe6aa8,not fixed; not saved,572.9497263,PASS,2026-09-04T09:21:41
dnn_oof_v1_fixed_5fold_10run_73configs,enzyme,Enzyme,17,NNMF__VAE__50_50,NNMF (VAE),NNMF,VAE,50_50,50/50,2,5,295480,292554,2926,0.995745905,0.96232687,0.593643199,0.734305644,0.943541799,0.71407802,9a4b308a3c11823c32e1c1c609304988a47f98b19b712da8cd0e246d5fbe6aa8,not fixed; not saved,583.902128,PASS,2026-09-04T09:34:58
dnn_oof_v1_fixed_5fold_10run_73configs,enzyme,Enzyme,17,NNMF__VAE__50_50,NNMF (VAE),NNMF,VAE,50_50,50/50,3,5,295480,292554,2926,0.995769595,0.952972973,0.60252905,0.738274707,0.947070075,0.718864233,9a4b308a3c11823c32e1c1c609304988a47f98b19b712da8cd0e246d5fbe6aa8,not fixed; not saved,586.7921748,PASS,2026-09-04T09:48:20
dnn_oof_v1_fixed_5fold_10run_73configs,enzyme,Enzyme,17,NNMF__VAE__50_50,NNMF (VAE),NNMF,VAE,50_50,50/50,4,5,295480,292554,2926,0.995759442,0.956854178,0.598769651,0.736598697,0.941877809,0.707197088,9a4b308a3c11823c32e1c1c609304988a47f98b19b712da8cd0e246d5fbe6aa8,not fixed; not saved,583.216795,PASS,2026-09-04T10:01:38
dnn_oof_v1_fixed_5fold_10run_73configs,enzyme,Enzyme,17,NNMF__VAE__50_50,NNMF (VAE),NNMF,VAE,50_50,50/50,5,5,295480,292554,2926,0.995745905,0.95826469,0.596377307,0.73520118,0.94418172,0.711986637,9a4b308a3c11823c32e1c1c609304988a47f98b19b712da8cd0e246d5fbe6aa8,not fixed; not saved,585.7069018,PASS,2026-09-04T10:14:56
dnn_oof_v1_fixed_5fold_10run_73configs,enzyme,Enzyme,17,NNMF__VAE__50_50,NNMF (VAE),NNMF,VAE,50_50,50/50,6,5,295480,292554,2926,0.99571883,0.956068094,0.595010253,0.733515905,0.943963525,0.714497142,9a4b308a3c11823c32e1c1c609304988a47f98b19b712da8cd0e246d5fbe6aa8,not fixed; not saved,591.0572882,PASS,2026-09-04T10:28:25
dnn_oof_v1_fixed_5fold_10run_73configs,enzyme,Enzyme,17,NNMF__VAE__50_50,NNMF (VAE),NNMF,VAE,50_50,50/50,7,5,295480,292554,2926,0.995058887,0.859313725,0.599111415,0.706000805,0.942597238,0.705309649,9a4b308a3c11823c32e1c1c609304988a47f98b19b712da8cd0e246d5fbe6aa8,not fixed; not saved,582.8147736,PASS,2026-09-04T10:41:45
dnn_oof_v1_fixed_5fold_10run_73configs,enzyme,Enzyme,17,NNMF__VAE__50_50,NNMF (VAE),NNMF,VAE,50_50,50/50,8,5,295480,292554,2926,0.995661297,0.954143646,0.590225564,0.729307432,0.947638772,0.705481979,9a4b308a3c11823c32e1c1c609304988a47f98b19b712da8cd0e246d5fbe6aa8,not fixed; not saved,580.9931645,PASS,2026-09-04T10:55:04
dnn_oof_v1_fixed_5fold_10run_73configs,enzyme,Enzyme,17,NNMF__VAE__50_50,NNMF (VAE),NNMF,VAE,50_50,50/50,9,5,295480,292554,2926,0.995749289,0.958791209,0.596377307,0.735356089,0.940619282,0.710946037,9a4b308a3c11823c32e1c1c609304988a47f98b19b712da8cd0e246d5fbe6aa8,not fixed; not saved,577.3341122,PASS,2026-09-04T11:08:20
dnn_oof_v1_fixed_5fold_10run_73configs,enzyme,Enzyme,17,NNMF__VAE__50_50,NNMF (VAE),NNMF,VAE,50_50,50/50,10,5,295480,292554,2926,0.995722215,0.950162514,0.599453178,0.735121542,0.942762771,0.711706955,9a4b308a3c11823c32e1c1c609304988a47f98b19b712da8cd0e246d5fbe6aa8,not fixed; not saved,571.9399655,PASS,2026-09-04T11:21:27
dnn_oof_v1_fixed_5fold_10run_73configs,enzyme,Enzyme,18,NNMF__VAE__80_20,NNMF (VAE),NNMF,VAE,80_20,80/20,1,5,295480,292554,2926,0.995688371,0.958888889,0.5898838,0.730427423,0.944839726,0.710458887,9a4b308a3c11823c32e1c1c609304988a47f98b19b712da8cd0e246d5fbe6aa8,not fixed; not saved,377.3661089,PASS,2026-09-04T11:31:23
dnn_oof_v1_fixed_5fold_10run_73configs,enzyme,Enzyme,18,NNMF__VAE__80_20,NNMF (VAE),NNMF,VAE,80_20,80/20,2,5,295480,292554,2926,0.995668066,0.956208426,0.589542037,0.729386892,0.945988072,0.71391736,9a4b308a3c11823c32e1c1c609304988a47f98b19b712da8cd0e246d5fbe6aa8,not fixed; not saved,373.4150546,PASS,2026-09-04T11:41:15
dnn_oof_v1_fixed_5fold_10run_73configs,enzyme,Enzyme,18,NNMF__VAE__80_20,NNMF (VAE),NNMF,VAE,80_20,80/20,3,5,295480,292554,2926,0.995728983,0.956641054,0.59569378,0.734203875,0.942090994,0.712190853,9a4b308a3c11823c32e1c1c609304988a47f98b19b712da8cd0e246d5fbe6aa8,not fixed; not saved,372.5871589,PASS,2026-09-04T11:51:09
dnn_oof_v1_fixed_5fold_10run_73configs,enzyme,Enzyme,18,NNMF__VAE__80_20,NNMF (VAE),NNMF,VAE,80_20,80/20,4,5,295480,292554,2926,0.995688371,0.952354874,0.594326726,0.731902357,0.943620931,0.712064394,9a4b308a3c11823c32e1c1c609304988a47f98b19b712da8cd0e246d5fbe6aa8,not fixed; not saved,375.5463157,PASS,2026-09-04T12:01:00
dnn_oof_v1_fixed_5fold_10run_73configs,enzyme,Enzyme,18,NNMF__VAE__80_20,NNMF (VAE),NNMF,VAE,80_20,80/20,5,5,295480,292554,2926,0.995722215,0.959116022,0.593301435,0.733108108,0.946275814,0.715610343,9a4b308a3c11823c32e1c1c609304988a47f98b19b712da8cd0e246d5fbe6aa8,not fixed; not saved,380.342319,PASS,2026-09-04T12:10:55
dnn_oof_v1_fixed_5fold_10run_73configs,enzyme,Enzyme,18,NNMF__VAE__80_20,NNMF (VAE),NNMF,VAE,80_20,80/20,6,5,295480,292554,2926,0.995580073,0.938311688,0.592617908,0.726434855,0.943507299,0.710924814,9a4b308a3c11823c32e1c1c609304988a47f98b19b712da8cd0e246d5fbe6aa8,not fixed; not saved,380.7415471,PASS,2026-09-04T12:20:54
dnn_oof_v1_fixed_5fold_10run_73configs,enzyme,Enzyme,18,NNMF__VAE__80_20,NNMF (VAE),NNMF,VAE,80_20,80/20,7,5,295480,292554,2926,0.995715446,0.95404814,0.596035543,0.733697939,0.946101159,0.715621756,9a4b308a3c11823c32e1c1c609304988a47f98b19b712da8cd0e246d5fbe6aa8,not fixed; not saved,377.5635912,PASS,2026-09-04T12:30:48
dnn_oof_v1_fixed_5fold_10run_73configs,enzyme,Enzyme,18,NNMF__VAE__80_20,NNMF (VAE),NNMF,VAE,80_20,80/20,8,5,295480,292554,2926,0.995627454,0.941621622,0.595352016,0.729480737,0.944309366,0.706634453,9a4b308a3c11823c32e1c1c609304988a47f98b19b712da8cd0e246d5fbe6aa8,not fixed; not saved,382.5220492,PASS,2026-09-04T12:40:50
dnn_oof_v1_fixed_5fold_10run_73configs,enzyme,Enzyme,18,NNMF__VAE__80_20,NNMF (VAE),NNMF,VAE,80_20,80/20,9,5,295480,292554,2926,0.995725599,0.94921664,0.600478469,0.735608122,0.94543035,0.707537538,9a4b308a3c11823c32e1c1c609304988a47f98b19b712da8cd0e246d5fbe6aa8,not fixed; not saved,379.4697123,PASS,2026-09-04T12:50:49
dnn_oof_v1_fixed_5fold_10run_73configs,enzyme,Enzyme,18,NNMF__VAE__80_20,NNMF (VAE),NNMF,VAE,80_20,80/20,10,5,295480,292554,2926,0.995725599,0.956116292,0.59569378,0.734049274,0.94355969,0.711436139,9a4b308a3c11823c32e1c1c609304988a47f98b19b712da8cd0e246d5fbe6aa8,not fixed; not saved,380.9367816,PASS,2026-09-04T13:00:50
dnn_oof_v1_fixed_5fold_10run_73configs,enzyme,Enzyme,19,NNMF__VAE__85_15,NNMF (VAE),NNMF,VAE,85_15,85/15,1,5,295480,292554,2926,0.995759442,0.956355701,0.599111415,0.736709393,0.942586193,0.712231493,9a4b308a3c11823c32e1c1c609304988a47f98b19b712da8cd0e246d5fbe6aa8,not fixed; not saved,360.1325288,PASS,2026-09-04T13:10:33
dnn_oof_v1_fixed_5fold_10run_73configs,enzyme,Enzyme,19,NNMF__VAE__85_15,NNMF (VAE),NNMF,VAE,85_15,85/15,2,5,295480,292554,2926,0.995678218,0.956786704,0.590225564,0.730078208,0.943504295,0.708295227,9a4b308a3c11823c32e1c1c609304988a47f98b19b712da8cd0e246d5fbe6aa8,not fixed; not saved,359.5383103,PASS,2026-09-04T13:20:13
dnn_oof_v1_fixed_5fold_10run_73configs,enzyme,Enzyme,19,NNMF__VAE__85_15,NNMF (VAE),NNMF,VAE,85_15,85/15,3,5,295480,292554,2926,0.995620685,0.950828729,0.588174983,0.726773649,0.943348481,0.712250487,9a4b308a3c11823c32e1c1c609304988a47f98b19b712da8cd0e246d5fbe6aa8,not fixed; not saved,358.5582409,PASS,2026-09-04T13:29:52
dnn_oof_v1_fixed_5fold_10run_73configs,enzyme,Enzyme,19,NNMF__VAE__85_15,NNMF (VAE),NNMF,VAE,85_15,85/15,4,5,295480,292554,2926,0.995739136,0.947877485,0.602870813,0.736996031,0.945720013,0.715459006,9a4b308a3c11823c32e1c1c609304988a47f98b19b712da8cd0e246d5fbe6aa8,not fixed; not saved,353.8338726,PASS,2026-09-04T13:39:29
dnn_oof_v1_fixed_5fold_10run_73configs,enzyme,Enzyme,19,NNMF__VAE__85_15,NNMF (VAE),NNMF,VAE,85_15,85/15,5,5,295480,292554,2926,0.995735752,0.950757576,0.600478469,0.736070381,0.942591298,0.707642771,9a4b308a3c11823c32e1c1c609304988a47f98b19b712da8cd0e246d5fbe6aa8,not fixed; not saved,353.6010692,PASS,2026-09-04T13:49:03
dnn_oof_v1_fixed_5fold_10run_73configs,enzyme,Enzyme,19,NNMF__VAE__85_15,NNMF (VAE),NNMF,VAE,85_15,85/15,6,5,295480,292554,2926,0.99577298,0.951534733,0.603896104,0.73886682,0.947728082,0.715884986,9a4b308a3c11823c32e1c1c609304988a47f98b19b712da8cd0e246d5fbe6aa8,not fixed; not saved,362.8558805,PASS,2026-09-04T13:58:48
dnn_oof_v1_fixed_5fold_10run_73configs,enzyme,Enzyme,19,NNMF__VAE__85_15,NNMF (VAE),NNMF,VAE,85_15,85/15,7,5,295480,292554,2926,0.995698524,0.96410544,0.587491456,0.730091315,0.94479283,0.706611704,9a4b308a3c11823c32e1c1c609304988a47f98b19b712da8cd0e246d5fbe6aa8,not fixed; not saved,362.5553298,PASS,2026-09-04T14:08:31
dnn_oof_v1_fixed_5fold_10run_73configs,enzyme,Enzyme,19,NNMF__VAE__85_15,NNMF (VAE),NNMF,VAE,85_15,85/15,8,5,295480,292554,2926,0.995668066,0.95269527,0.591934381,0.730185497,0.943115109,0.709743179,9a4b308a3c11823c32e1c1c609304988a47f98b19b712da8cd0e246d5fbe6aa8,not fixed; not saved,357.5256145,PASS,2026-09-04T14:18:16
dnn_oof_v1_fixed_5fold_10run_73configs,enzyme,Enzyme,19,NNMF__VAE__85_15,NNMF (VAE),NNMF,VAE,85_15,85/15,9,5,295480,292554,2926,0.995708677,0.958517699,0.592276145,0.732150401,0.943715805,0.717286609,9a4b308a3c11823c32e1c1c609304988a47f98b19b712da8cd0e246d5fbe6aa8,not fixed; not saved,358.7497518,PASS,2026-09-04T14:28:01
dnn_oof_v1_fixed_5fold_10run_73configs,enzyme,Enzyme,19,NNMF__VAE__85_15,NNMF (VAE),NNMF,VAE,85_15,85/15,10,5,295480,292554,2926,0.995752674,0.963394343,0.593643199,0.734616198,0.945460399,0.712771428,9a4b308a3c11823c32e1c1c609304988a47f98b19b712da8cd0e246d5fbe6aa8,not fixed; not saved,357.4721463,PASS,2026-09-04T14:37:43
dnn_oof_v1_fixed_5fold_10run_73configs,enzyme,Enzyme,20,NNMF__VAE__90_10,NNMF (VAE),NNMF,VAE,90_10,Oct-90,1,5,295480,292554,2926,0.995539461,0.924498416,0.598427888,0.726556017,0.943943041,0.717278042,9a4b308a3c11823c32e1c1c609304988a47f98b19b712da8cd0e246d5fbe6aa8,not fixed; not saved,338.9836578,PASS,2026-09-04T14:47:03
dnn_oof_v1_fixed_5fold_10run_73configs,enzyme,Enzyme,20,NNMF__VAE__90_10,NNMF (VAE),NNMF,VAE,90_10,Oct-90,2,5,295480,292554,2926,0.995684987,0.949373979,0.596035543,0.732311568,0.94204132,0.715967358,9a4b308a3c11823c32e1c1c609304988a47f98b19b712da8cd0e246d5fbe6aa8,not fixed; not saved,340.9525068,PASS,2026-09-04T14:56:27
dnn_oof_v1_fixed_5fold_10run_73configs,enzyme,Enzyme,20,NNMF__VAE__90_10,NNMF (VAE),NNMF,VAE,90_10,Oct-90,3,5,295480,292554,2926,0.99571883,0.955567745,0.595352016,0.733628132,0.941713762,0.712174883,9a4b308a3c11823c32e1c1c609304988a47f98b19b712da8cd0e246d5fbe6aa8,not fixed; not saved,339.4290497,PASS,2026-09-04T15:05:52
dnn_oof_v1_fixed_5fold_10run_73configs,enzyme,Enzyme,20,NNMF__VAE__90_10,NNMF (VAE),NNMF,VAE,90_10,Oct-90,4,5,295480,292554,2926,0.995745905,0.955264594,0.598427888,0.73586888,0.943651914,0.716529044,9a4b308a3c11823c32e1c1c609304988a47f98b19b712da8cd0e246d5fbe6aa8,not fixed; not saved,342.2665632,PASS,2026-09-04T15:15:22
dnn_oof_v1_fixed_5fold_10run_73configs,enzyme,Enzyme,20,NNMF__VAE__90_10,NNMF (VAE),NNMF,VAE,90_10,Oct-90,5,5,295480,292554,2926,0.995759442,0.956355701,0.599111415,0.736709393,0.947999927,0.716753677,9a4b308a3c11823c32e1c1c609304988a47f98b19b712da8cd0e246d5fbe6aa8,not fixed; not saved,347.9418254,PASS,2026-09-04T15:25:00
dnn_oof_v1_fixed_5fold_10run_73configs,enzyme,Enzyme,20,NNMF__VAE__90_10,NNMF (VAE),NNMF,VAE,90_10,Oct-90,6,5,295480,292554,2926,0.99571883,0.956569544,0.594668489,0.733403583,0.941782242,0.715683781,9a4b308a3c11823c32e1c1c609304988a47f98b19b712da8cd0e246d5fbe6aa8,not fixed; not saved,336.1402524,PASS,2026-09-04T15:34:22
dnn_oof_v1_fixed_5fold_10run_73configs,enzyme,Enzyme,20,NNMF__VAE__90_10,NNMF (VAE),NNMF,VAE,90_10,Oct-90,7,5,295480,292554,2926,0.995728983,0.952173913,0.598769651,0.735207721,0.939416215,0.716252127,9a4b308a3c11823c32e1c1c609304988a47f98b19b712da8cd0e246d5fbe6aa8,not fixed; not saved,335.959517,PASS,2026-09-04T15:43:43
dnn_oof_v1_fixed_5fold_10run_73configs,enzyme,Enzyme,20,NNMF__VAE__90_10,NNMF (VAE),NNMF,VAE,90_10,Oct-90,8,5,295480,292554,2926,0.995756058,0.953854506,0.600478469,0.736996644,0.945285936,0.715819181,9a4b308a3c11823c32e1c1c609304988a47f98b19b712da8cd0e246d5fbe6aa8,not fixed; not saved,338.2788019,PASS,2026-09-04T15:53:04
dnn_oof_v1_fixed_5fold_10run_73configs,enzyme,Enzyme,20,NNMF__VAE__90_10,NNMF (VAE),NNMF,VAE,90_10,Oct-90,9,5,295480,292554,2926,0.995668066,0.939167556,0.601503759,0.733333333,0.941730058,0.713485431,9a4b308a3c11823c32e1c1c609304988a47f98b19b712da8cd0e246d5fbe6aa8,not fixed; not saved,334.7109857,PASS,2026-09-04T16:02:25
dnn_oof_v1_fixed_5fold_10run_73configs,enzyme,Enzyme,20,NNMF__VAE__90_10,NNMF (VAE),NNMF,VAE,90_10,Oct-90,10,5,295480,292554,2926,0.995766211,0.948100589,0.605604921,0.739103233,0.943001733,0.710925049,9a4b308a3c11823c32e1c1c609304988a47f98b19b712da8cd0e246d5fbe6aa8,not fixed; not saved,336.9204423,PASS,2026-09-04T16:11:49
dnn_oof_v1_fixed_5fold_10run_73configs,enzyme,Enzyme,13,LMF__WGANGP__50_50,LMF (WGAN-GP),LMF,WGANGP,50_50,50/50,1,5,295480,292554,2926,0.995972655,0.923828125,0.646616541,0.760755931,0.904976607,0.695877859,9a4b308a3c11823c32e1c1c609304988a47f98b19b712da8cd0e246d5fbe6aa8,not fixed; not saved,583.4018435,PASS,2026-09-04T16:27:04
dnn_oof_v1_fixed_5fold_10run_73configs,enzyme,Enzyme,13,LMF__WGANGP__50_50,LMF (WGAN-GP),LMF,WGANGP,50_50,50/50,2,5,295480,292554,2926,0.996104643,0.951194713,0.639439508,0.764765992,0.90195187,0.694603478,9a4b308a3c11823c32e1c1c609304988a47f98b19b712da8cd0e246d5fbe6aa8,not fixed; not saved,581.6591768,PASS,2026-09-04T16:40:32
dnn_oof_v1_fixed_5fold_10run_73configs,enzyme,Enzyme,13,LMF__WGANGP__50_50,LMF (WGAN-GP),LMF,WGANGP,50_50,50/50,3,5,295480,292554,2926,0.99592189,0.921607055,0.642857143,0.757398832,0.907502959,0.69381474,9a4b308a3c11823c32e1c1c609304988a47f98b19b712da8cd0e246d5fbe6aa8,not fixed; not saved,581.569171,PASS,2026-09-04T16:54:02
dnn_oof_v1_fixed_5fold_10run_73configs,enzyme,Enzyme,13,LMF__WGANGP__50_50,LMF (WGAN-GP),LMF,WGANGP,50_50,50/50,4,5,295480,292554,2926,0.996013267,0.946373851,0.633287765,0.758804259,0.910206757,0.694518352,9a4b308a3c11823c32e1c1c609304988a47f98b19b712da8cd0e246d5fbe6aa8,not fixed; not saved,581.9058766,PASS,2026-09-04T17:07:28
dnn_oof_v1_fixed_5fold_10run_73configs,enzyme,Enzyme,13,LMF__WGANGP__50_50,LMF (WGAN-GP),LMF,WGANGP,50_50,50/50,5,5,295480,292554,2926,0.996036957,0.92535143,0.652426521,0.765283624,0.903219915,0.691458556,9a4b308a3c11823c32e1c1c609304988a47f98b19b712da8cd0e246d5fbe6aa8,not fixed; not saved,569.8754926,PASS,2026-09-04T17:20:45
dnn_oof_v1_fixed_5fold_10run_73configs,enzyme,Enzyme,13,LMF__WGANGP__50_50,LMF (WGAN-GP),LMF,WGANGP,50_50,50/50,6,5,295480,292554,2926,0.995965886,0.93220339,0.639097744,0.758313058,0.905613904,0.694564286,9a4b308a3c11823c32e1c1c609304988a47f98b19b712da8cd0e246d5fbe6aa8,not fixed; not saved,582.4189539,PASS,2026-09-04T17:34:15
dnn_oof_v1_fixed_5fold_10run_73configs,enzyme,Enzyme,13,LMF__WGANGP__50_50,LMF (WGAN-GP),LMF,WGANGP,50_50,50/50,7,5,295480,292554,2926,0.996141871,0.946053946,0.647300068,0.768668831,0.901982384,0.695408346,9a4b308a3c11823c32e1c1c609304988a47f98b19b712da8cd0e246d5fbe6aa8,not fixed; not saved,573.9708996,PASS,2026-09-04T17:47:37
dnn_oof_v1_fixed_5fold_10run_73configs,enzyme,Enzyme,13,LMF__WGANGP__50_50,LMF (WGAN-GP),LMF,WGANGP,50_50,50/50,8,5,295480,292554,2926,0.99596927,0.925871379,0.64456596,0.760024179,0.903534721,0.691869756,9a4b308a3c11823c32e1c1c609304988a47f98b19b712da8cd0e246d5fbe6aa8,not fixed; not saved,573.9674082,PASS,2026-09-04T18:01:01
dnn_oof_v1_fixed_5fold_10run_73configs,enzyme,Enzyme,13,LMF__WGANGP__50_50,LMF (WGAN-GP),LMF,WGANGP,50_50,50/50,9,5,295480,292554,2926,0.995789901,0.90085796,0.645933014,0.752388535,0.909263134,0.697502558,9a4b308a3c11823c32e1c1c609304988a47f98b19b712da8cd0e246d5fbe6aa8,not fixed; not saved,573.603111,PASS,2026-09-04T18:14:23
dnn_oof_v1_fixed_5fold_10run_73configs,enzyme,Enzyme,13,LMF__WGANGP__50_50,LMF (WGAN-GP),LMF,WGANGP,50_50,50/50,10,5,295480,292554,2926,0.99617233,0.94277257,0.653110048,0.771653543,0.904381151,0.701197507,9a4b308a3c11823c32e1c1c609304988a47f98b19b712da8cd0e246d5fbe6aa8,not fixed; not saved,573.3173583,PASS,2026-09-04T18:27:45
dnn_oof_v1_fixed_5fold_10run_73configs,enzyme,Enzyme,14,LMF__WGANGP__80_20,LMF (WGAN-GP),LMF,WGANGP,80_20,80/20,1,5,295480,292554,2926,0.995928658,0.922925871,0.642515379,0.757606287,0.904049381,0.693806165,9a4b308a3c11823c32e1c1c609304988a47f98b19b712da8cd0e246d5fbe6aa8,not fixed; not saved,370.1450615,PASS,2026-09-04T18:37:44
dnn_oof_v1_fixed_5fold_10run_73configs,enzyme,Enzyme,14,LMF__WGANGP__80_20,LMF (WGAN-GP),LMF,WGANGP,80_20,80/20,2,5,295480,292554,2926,0.996080953,0.93546798,0.649008886,0.766343826,0.904233115,0.694489845,9a4b308a3c11823c32e1c1c609304988a47f98b19b712da8cd0e246d5fbe6aa8,not fixed; not saved,376.1780021,PASS,2026-09-04T18:47:48
dnn_oof_v1_fixed_5fold_10run_73configs,enzyme,Enzyme,14,LMF__WGANGP__80_20,LMF (WGAN-GP),LMF,WGANGP,80_20,80/20,3,5,295480,292554,2926,0.995871125,0.914480078,0.643198906,0.755216693,0.900661264,0.692564736,9a4b308a3c11823c32e1c1c609304988a47f98b19b712da8cd0e246d5fbe6aa8,not fixed; not saved,378.6014385,PASS,2026-09-04T18:57:51
dnn_oof_v1_fixed_5fold_10run_73configs,enzyme,Enzyme,14,LMF__WGANGP__80_20,LMF (WGAN-GP),LMF,WGANGP,80_20,80/20,4,5,295480,292554,2926,0.996097875,0.938210578,0.648667122,0.767023641,0.905367311,0.698675832,9a4b308a3c11823c32e1c1c609304988a47f98b19b712da8cd0e246d5fbe6aa8,not fixed; not saved,382.5509005,PASS,2026-09-04T19:07:58
dnn_oof_v1_fixed_5fold_10run_73configs,enzyme,Enzyme,14,LMF__WGANGP__80_20,LMF (WGAN-GP),LMF,WGANGP,80_20,80/20,5,5,295480,292554,2926,0.996057263,0.939590614,0.643198906,0.763643741,0.903656756,0.691553733,9a4b308a3c11823c32e1c1c609304988a47f98b19b712da8cd0e246d5fbe6aa8,not fixed; not saved,371.6492779,PASS,2026-09-04T19:18:00
dnn_oof_v1_fixed_5fold_10run_73configs,enzyme,Enzyme,14,LMF__WGANGP__80_20,LMF (WGAN-GP),LMF,WGANGP,80_20,80/20,6,5,295480,292554,2926,0.996067416,0.934482759,0.648325359,0.765536723,0.907640532,0.697490792,9a4b308a3c11823c32e1c1c609304988a47f98b19b712da8cd0e246d5fbe6aa8,not fixed; not saved,377.3196564,PASS,2026-09-04T19:28:10
dnn_oof_v1_fixed_5fold_10run_73configs,enzyme,Enzyme,14,LMF__WGANGP__80_20,LMF (WGAN-GP),LMF,WGANGP,80_20,80/20,7,5,295480,292554,2926,0.995996345,0.92121798,0.65140123,0.763163163,0.907922356,0.694540191,9a4b308a3c11823c32e1c1c609304988a47f98b19b712da8cd0e246d5fbe6aa8,not fixed; not saved,383.1512015,PASS,2026-09-04T19:38:22
dnn_oof_v1_fixed_5fold_10run_73configs,enzyme,Enzyme,14,LMF__WGANGP__80_20,LMF (WGAN-GP),LMF,WGANGP,80_20,80/20,8,5,295480,292554,2926,0.995847435,0.90900337,0.645249487,0.754747152,0.904849141,0.695665771,9a4b308a3c11823c32e1c1c609304988a47f98b19b712da8cd0e246d5fbe6aa8,not fixed; not saved,378.1001642,PASS,2026-09-04T19:48:32
dnn_oof_v1_fixed_5fold_10run_73configs,enzyme,Enzyme,14,LMF__WGANGP__80_20,LMF (WGAN-GP),LMF,WGANGP,80_20,80/20,9,5,295480,292554,2926,0.996111412,0.945363409,0.64456596,0.766510872,0.904117174,0.696042572,9a4b308a3c11823c32e1c1c609304988a47f98b19b712da8cd0e246d5fbe6aa8,not fixed; not saved,380.0272245,PASS,2026-09-04T19:58:42
dnn_oof_v1_fixed_5fold_10run_73configs,enzyme,Enzyme,14,LMF__WGANGP__80_20,LMF (WGAN-GP),LMF,WGANGP,80_20,80/20,10,5,295480,292554,2926,0.996131718,0.938514511,0.652084757,0.769509982,0.907050962,0.698393585,9a4b308a3c11823c32e1c1c609304988a47f98b19b712da8cd0e246d5fbe6aa8,not fixed; not saved,373.9329264,PASS,2026-09-04T20:08:48
dnn_oof_v1_fixed_5fold_10run_73configs,enzyme,Enzyme,15,LMF__WGANGP__85_15,LMF (WGAN-GP),LMF,WGANGP,85_15,85/15,1,5,295480,292554,2926,0.996141871,0.935609756,0.655502392,0.770900322,0.903407624,0.696618945,9a4b308a3c11823c32e1c1c609304988a47f98b19b712da8cd0e246d5fbe6aa8,not fixed; not saved,366.4857304,PASS,2026-09-04T20:18:49
dnn_oof_v1_fixed_5fold_10run_73configs,enzyme,Enzyme,15,LMF__WGANGP__85_15,LMF (WGAN-GP),LMF,WGANGP,85_15,85/15,2,5,295480,292554,2926,0.996050494,0.943073048,0.639781271,0.762370189,0.902352923,0.690321904,9a4b308a3c11823c32e1c1c609304988a47f98b19b712da8cd0e246d5fbe6aa8,not fixed; not saved,358.7672644,PASS,2026-09-04T20:28:40
dnn_oof_v1_fixed_5fold_10run_73configs,enzyme,Enzyme,15,LMF__WGANGP__85_15,LMF (WGAN-GP),LMF,WGANGP,85_15,85/15,3,5,295480,292554,2926,0.995999729,0.92745098,0.646616541,0.761981474,0.901753572,0.698420345,9a4b308a3c11823c32e1c1c609304988a47f98b19b712da8cd0e246d5fbe6aa8,not fixed; not saved,352.8541288,PASS,2026-09-04T20:38:22
dnn_oof_v1_fixed_5fold_10run_73configs,enzyme,Enzyme,15,LMF__WGANGP__85_15,LMF (WGAN-GP),LMF,WGANGP,85_15,85/15,4,5,295480,292554,2926,0.996040341,0.937686939,0.642857143,0.762773723,0.90674812,0.696726608,9a4b308a3c11823c32e1c1c609304988a47f98b19b712da8cd0e246d5fbe6aa8,not fixed; not saved,359.7835109,PASS,2026-09-04T20:48:14
dnn_oof_v1_fixed_5fold_10run_73configs,enzyme,Enzyme,15,LMF__WGANGP__85_15,LMF (WGAN-GP),LMF,WGANGP,85_15,85/15,5,5,295480,292554,2926,0.996135102,0.961220269,0.635338346,0.765020576,0.901455378,0.691126886,9a4b308a3c11823c32e1c1c609304988a47f98b19b712da8cd0e246d5fbe6aa8,not fixed; not saved,351.1460419,PASS,2026-09-04T20:57:55
dnn_oof_v1_fixed_5fold_10run_73configs,enzyme,Enzyme,15,LMF__WGANGP__85_15,LMF (WGAN-GP),LMF,WGANGP,85_15,85/15,6,5,295480,292554,2926,0.995925274,0.915942029,0.647983595,0.759007206,0.903916862,0.692070189,9a4b308a3c11823c32e1c1c609304988a47f98b19b712da8cd0e246d5fbe6aa8,not fixed; not saved,353.0098071,PASS,2026-09-04T21:07:40
dnn_oof_v1_fixed_5fold_10run_73configs,enzyme,Enzyme,15,LMF__WGANGP__85_15,LMF (WGAN-GP),LMF,WGANGP,85_15,85/15,7,5,295480,292554,2926,0.996033572,0.914461248,0.661312372,0.767552559,0.913408412,0.703233351,9a4b308a3c11823c32e1c1c609304988a47f98b19b712da8cd0e246d5fbe6aa8,not fixed; not saved,358.5969269,PASS,2026-09-04T21:17:31
dnn_oof_v1_fixed_5fold_10run_73configs,enzyme,Enzyme,15,LMF__WGANGP__85_15,LMF (WGAN-GP),LMF,WGANGP,85_15,85/15,8,5,295480,292554,2926,0.996026804,0.917540515,0.657894737,0.766321656,0.905473133,0.699292359,9a4b308a3c11823c32e1c1c609304988a47f98b19b712da8cd0e246d5fbe6aa8,not fixed; not saved,355.0034163,PASS,2026-09-04T21:27:19
dnn_oof_v1_fixed_5fold_10run_73configs,enzyme,Enzyme,15,LMF__WGANGP__85_15,LMF (WGAN-GP),LMF,WGANGP,85_15,85/15,9,5,295480,292554,2926,0.995908353,0.92021537,0.642515379,0.756691487,0.909209205,0.694259082,9a4b308a3c11823c32e1c1c609304988a47f98b19b712da8cd0e246d5fbe6aa8,not fixed; not saved,355.4881256,PASS,2026-09-04T21:37:06
dnn_oof_v1_fixed_5fold_10run_73configs,enzyme,Enzyme,15,LMF__WGANGP__85_15,LMF (WGAN-GP),LMF,WGANGP,85_15,85/15,10,5,295480,292554,2926,0.995735752,0.885648148,0.653793575,0.752261109,0.904157538,0.691318233,9a4b308a3c11823c32e1c1c609304988a47f98b19b712da8cd0e246d5fbe6aa8,not fixed; not saved,349.086453,PASS,2026-09-04T21:46:48
dnn_oof_v1_fixed_5fold_10run_73configs,enzyme,Enzyme,16,LMF__WGANGP__90_10,LMF (WGAN-GP),LMF,WGANGP,90_10,Oct-90,1,5,295480,292554,2926,0.996162177,0.944444444,0.650717703,0.770538244,0.90572244,0.698965932,9a4b308a3c11823c32e1c1c609304988a47f98b19b712da8cd0e246d5fbe6aa8,not fixed; not saved,333.7201986,PASS,2026-09-04T21:56:17
dnn_oof_v1_fixed_5fold_10run_73configs,enzyme,Enzyme,16,LMF__WGANGP__90_10,LMF (WGAN-GP),LMF,WGANGP,90_10,Oct-90,2,5,295480,292554,2926,0.996074184,0.935404339,0.648325359,0.765845781,0.903397934,0.693999307,9a4b308a3c11823c32e1c1c609304988a47f98b19b712da8cd0e246d5fbe6aa8,not fixed; not saved,332.314117,PASS,2026-09-04T22:05:42
dnn_oof_v1_fixed_5fold_10run_73configs,enzyme,Enzyme,16,LMF__WGANGP__90_10,LMF (WGAN-GP),LMF,WGANGP,90_10,Oct-90,3,5,295480,292554,2926,0.996131718,0.948215184,0.64456596,0.767446592,0.90594175,0.695242449,9a4b308a3c11823c32e1c1c609304988a47f98b19b712da8cd0e246d5fbe6aa8,not fixed; not saved,342.1295869,PASS,2026-09-04T22:15:18
dnn_oof_v1_fixed_5fold_10run_73configs,enzyme,Enzyme,16,LMF__WGANGP__90_10,LMF (WGAN-GP),LMF,WGANGP,90_10,Oct-90,4,5,295480,292554,2926,0.996121565,0.937131631,0.652084757,0.76904474,0.910141039,0.701049363,9a4b308a3c11823c32e1c1c609304988a47f98b19b712da8cd0e246d5fbe6aa8,not fixed; not saved,334.7201548,PASS,2026-09-04T22:24:47
dnn_oof_v1_fixed_5fold_10run_73configs,enzyme,Enzyme,16,LMF__WGANGP__90_10,LMF (WGAN-GP),LMF,WGANGP,90_10,Oct-90,5,5,295480,292554,2926,0.995847435,0.903946743,0.649692413,0.756015112,0.909241043,0.694911339,9a4b308a3c11823c32e1c1c609304988a47f98b19b712da8cd0e246d5fbe6aa8,not fixed; not saved,337.2039731,PASS,2026-09-04T22:34:16
dnn_oof_v1_fixed_5fold_10run_73configs,enzyme,Enzyme,16,LMF__WGANGP__90_10,LMF (WGAN-GP),LMF,WGANGP,90_10,Oct-90,6,5,295480,292554,2926,0.995942196,0.915343915,0.65037594,0.76043956,0.906593443,0.694570645,9a4b308a3c11823c32e1c1c609304988a47f98b19b712da8cd0e246d5fbe6aa8,not fixed; not saved,334.0005686,PASS,2026-09-04T22:43:46
dnn_oof_v1_fixed_5fold_10run_73configs,enzyme,Enzyme,16,LMF__WGANGP__90_10,LMF (WGAN-GP),LMF,WGANGP,90_10,Oct-90,7,5,295480,292554,2926,0.995955733,0.929955291,0.639781271,0.758048188,0.905599836,0.696341435,9a4b308a3c11823c32e1c1c609304988a47f98b19b712da8cd0e246d5fbe6aa8,not fixed; not saved,331.2019951,PASS,2026-09-04T22:53:14
dnn_oof_v1_fixed_5fold_10run_73configs,enzyme,Enzyme,16,LMF__WGANGP__90_10,LMF (WGAN-GP),LMF,WGANGP,90_10,Oct-90,8,5,295480,292554,2926,0.996097875,0.941704036,0.645933014,0.766267991,0.904109167,0.696004602,9a4b308a3c11823c32e1c1c609304988a47f98b19b712da8cd0e246d5fbe6aa8,not fixed; not saved,335.4579258,PASS,2026-09-04T23:02:43
dnn_oof_v1_fixed_5fold_10run_73configs,enzyme,Enzyme,16,LMF__WGANGP__90_10,LMF (WGAN-GP),LMF,WGANGP,90_10,Oct-90,9,5,295480,292554,2926,0.996006498,0.92173913,0.652084757,0.763811049,0.904279708,0.693651742,9a4b308a3c11823c32e1c1c609304988a47f98b19b712da8cd0e246d5fbe6aa8,not fixed; not saved,330.5707045,PASS,2026-09-04T23:12:05
dnn_oof_v1_fixed_5fold_10run_73configs,enzyme,Enzyme,16,LMF__WGANGP__90_10,LMF (WGAN-GP),LMF,WGANGP,90_10,Oct-90,10,5,295480,292554,2926,0.996165561,0.941843273,0.653110048,0.771342079,0.906295631,0.698168595,9a4b308a3c11823c32e1c1c609304988a47f98b19b712da8cd0e246d5fbe6aa8,not fixed; not saved,329.8212943,PASS,2026-09-04T23:21:27
dnn_oof_v1_fixed_5fold_10run_73configs,enzyme,Enzyme,21,LMF__VAE__50_50,LMF (VAE),LMF,VAE,50_50,50/50,1,5,295480,292554,2926,0.996060647,0.944052419,0.640123035,0.76293279,0.899666473,0.688681032,9a4b308a3c11823c32e1c1c609304988a47f98b19b712da8cd0e246d5fbe6aa8,not fixed; not saved,558.8328764,PASS,2026-09-04T23:34:46
dnn_oof_v1_fixed_5fold_10run_73configs,enzyme,Enzyme,21,LMF__VAE__50_50,LMF (VAE),LMF,VAE,50_50,50/50,2,5,295480,292554,2926,0.996020035,0.935756972,0.642173616,0.761653831,0.895040403,0.689381124,9a4b308a3c11823c32e1c1c609304988a47f98b19b712da8cd0e246d5fbe6aa8,not fixed; not saved,562.2795241,PASS,2026-09-04T23:47:59
dnn_oof_v1_fixed_5fold_10run_73configs,enzyme,Enzyme,21,LMF__VAE__50_50,LMF (VAE),LMF,VAE,50_50,50/50,3,5,295480,292554,2926,0.99614864,0.940828402,0.652084757,0.770286637,0.900209067,0.694427068,9a4b308a3c11823c32e1c1c609304988a47f98b19b712da8cd0e246d5fbe6aa8,not fixed; not saved,570.0495491,PASS,2026-09-05T00:01:26
dnn_oof_v1_fixed_5fold_10run_73configs,enzyme,Enzyme,21,LMF__VAE__50_50,LMF (VAE),LMF,VAE,50_50,50/50,4,5,295480,292554,2926,0.99596927,0.93223717,0.639439508,0.758564768,0.903934265,0.693641472,9a4b308a3c11823c32e1c1c609304988a47f98b19b712da8cd0e246d5fbe6aa8,not fixed; not saved,558.4626799,PASS,2026-09-05T00:14:41
dnn_oof_v1_fixed_5fold_10run_73configs,enzyme,Enzyme,21,LMF__VAE__50_50,LMF (VAE),LMF,VAE,50_50,50/50,5,5,295480,292554,2926,0.995749289,0.88729128,0.653793575,0.752853207,0.899438255,0.688485592,9a4b308a3c11823c32e1c1c609304988a47f98b19b712da8cd0e246d5fbe6aa8,not fixed; not saved,564.3749061,PASS,2026-09-05T00:28:01
dnn_oof_v1_fixed_5fold_10run_73configs,enzyme,Enzyme,21,LMF__VAE__50_50,LMF (VAE),LMF,VAE,50_50,50/50,6,5,295480,292554,2926,0.995830513,0.905651341,0.646274778,0.754287994,0.899498426,0.688327377,9a4b308a3c11823c32e1c1c609304988a47f98b19b712da8cd0e246d5fbe6aa8,not fixed; not saved,569.8117456,PASS,2026-09-05T00:41:29
dnn_oof_v1_fixed_5fold_10run_73configs,enzyme,Enzyme,21,LMF__VAE__50_50,LMF (VAE),LMF,VAE,50_50,50/50,7,5,295480,292554,2926,0.995752674,0.902262879,0.640464798,0.74915051,0.895862295,0.686658016,9a4b308a3c11823c32e1c1c609304988a47f98b19b712da8cd0e246d5fbe6aa8,not fixed; not saved,561.6141205,PASS,2026-09-05T00:54:49
dnn_oof_v1_fixed_5fold_10run_73configs,enzyme,Enzyme,21,LMF__VAE__50_50,LMF (VAE),LMF,VAE,50_50,50/50,8,5,295480,292554,2926,0.995813591,0.89629282,0.652768284,0.75538857,0.893009572,0.693060903,9a4b308a3c11823c32e1c1c609304988a47f98b19b712da8cd0e246d5fbe6aa8,not fixed; not saved,563.417901,PASS,2026-09-05T01:08:12
dnn_oof_v1_fixed_5fold_10run_73configs,enzyme,Enzyme,21,LMF__VAE__50_50,LMF (VAE),LMF,VAE,50_50,50/50,9,5,295480,292554,2926,0.995965886,0.934368737,0.637388927,0.757822024,0.900182741,0.687480987,9a4b308a3c11823c32e1c1c609304988a47f98b19b712da8cd0e246d5fbe6aa8,not fixed; not saved,555.9995739,PASS,2026-09-05T01:21:26
dnn_oof_v1_fixed_5fold_10run_73configs,enzyme,Enzyme,21,LMF__VAE__50_50,LMF (VAE),LMF,VAE,50_50,50/50,10,5,295480,292554,2926,0.995739136,0.892975012,0.647300068,0.750544878,0.900685096,0.690192438,9a4b308a3c11823c32e1c1c609304988a47f98b19b712da8cd0e246d5fbe6aa8,not fixed; not saved,558.4383097,PASS,2026-09-05T01:34:42
dnn_oof_v1_fixed_5fold_10run_73configs,enzyme,Enzyme,22,LMF__VAE__80_20,LMF (VAE),LMF,VAE,80_20,80/20,1,5,295480,292554,2926,0.995888047,0.93849308,0.625768968,0.750871437,0.900176183,0.683665398,9a4b308a3c11823c32e1c1c609304988a47f98b19b712da8cd0e246d5fbe6aa8,not fixed; not saved,364.3218555,PASS,2026-09-05T01:44:45
dnn_oof_v1_fixed_5fold_10run_73configs,enzyme,Enzyme,22,LMF__VAE__80_20,LMF (VAE),LMF,VAE,80_20,80/20,2,5,295480,292554,2926,0.995860972,0.89882904,0.655844156,0.758348153,0.906594168,0.689108083,9a4b308a3c11823c32e1c1c609304988a47f98b19b712da8cd0e246d5fbe6aa8,not fixed; not saved,379.4124951,PASS,2026-09-05T01:55:02
dnn_oof_v1_fixed_5fold_10run_73configs,enzyme,Enzyme,22,LMF__VAE__80_20,LMF (VAE),LMF,VAE,80_20,80/20,3,5,295480,292554,2926,0.995793286,0.890125174,0.656185919,0.755459374,0.901828244,0.693394175,9a4b308a3c11823c32e1c1c609304988a47f98b19b712da8cd0e246d5fbe6aa8,not fixed; not saved,374.2153645,PASS,2026-09-05T02:05:16
dnn_oof_v1_fixed_5fold_10run_73configs,enzyme,Enzyme,22,LMF__VAE__80_20,LMF (VAE),LMF,VAE,80_20,80/20,4,5,295480,292554,2926,0.995393935,0.861431871,0.637388927,0.732665488,0.898720958,0.674291181,9a4b308a3c11823c32e1c1c609304988a47f98b19b712da8cd0e246d5fbe6aa8,not fixed; not saved,375.4666657,PASS,2026-09-05T02:15:29
dnn_oof_v1_fixed_5fold_10run_73configs,enzyme,Enzyme,22,LMF__VAE__80_20,LMF (VAE),LMF,VAE,80_20,80/20,5,5,295480,292554,2926,0.995894815,0.91597863,0.64456596,0.75667001,0.899404814,0.680170832,9a4b308a3c11823c32e1c1c609304988a47f98b19b712da8cd0e246d5fbe6aa8,not fixed; not saved,373.1296644,PASS,2026-09-05T02:25:40
dnn_oof_v1_fixed_5fold_10run_73configs,enzyme,Enzyme,22,LMF__VAE__80_20,LMF (VAE),LMF,VAE,80_20,80/20,6,5,295480,292554,2926,0.99582036,0.921695761,0.631578947,0.749543703,0.902167775,0.684248485,9a4b308a3c11823c32e1c1c609304988a47f98b19b712da8cd0e246d5fbe6aa8,not fixed; not saved,368.0962374,PASS,2026-09-05T02:35:48
dnn_oof_v1_fixed_5fold_10run_73configs,enzyme,Enzyme,22,LMF__VAE__80_20,LMF (VAE),LMF,VAE,80_20,80/20,7,5,295480,292554,2926,0.996067416,0.930243902,0.651742994,0.7664791,0.902933468,0.696199805,9a4b308a3c11823c32e1c1c609304988a47f98b19b712da8cd0e246d5fbe6aa8,not fixed; not saved,362.3497622,PASS,2026-09-05T02:45:48
dnn_oof_v1_fixed_5fold_10run_73configs,enzyme,Enzyme,22,LMF__VAE__80_20,LMF (VAE),LMF,VAE,80_20,80/20,8,5,295480,292554,2926,0.996003114,0.929591334,0.645249487,0.761751059,0.899505915,0.688854407,9a4b308a3c11823c32e1c1c609304988a47f98b19b712da8cd0e246d5fbe6aa8,not fixed; not saved,361.6376164,PASS,2026-09-05T02:55:48
dnn_oof_v1_fixed_5fold_10run_73configs,enzyme,Enzyme,22,LMF__VAE__80_20,LMF (VAE),LMF,VAE,80_20,80/20,9,5,295480,292554,2926,0.995590226,0.863738234,0.658578264,0.747333721,0.90485763,0.685415003,9a4b308a3c11823c32e1c1c609304988a47f98b19b712da8cd0e246d5fbe6aa8,not fixed; not saved,362.5181861,PASS,2026-09-05T03:05:50
dnn_oof_v1_fixed_5fold_10run_73configs,enzyme,Enzyme,22,LMF__VAE__80_20,LMF (VAE),LMF,VAE,80_20,80/20,10,5,295480,292554,2926,0.996016651,0.931425752,0.645249487,0.762366243,0.901209439,0.693275578,9a4b308a3c11823c32e1c1c609304988a47f98b19b712da8cd0e246d5fbe6aa8,not fixed; not saved,362.8272743,PASS,2026-09-05T03:15:51
dnn_oof_v1_fixed_5fold_10run_73configs,enzyme,Enzyme,23,LMF__VAE__85_15,LMF (VAE),LMF,VAE,85_15,85/15,1,5,295480,292554,2926,0.99614864,0.940828402,0.652084757,0.770286637,0.904914611,0.694450217,9a4b308a3c11823c32e1c1c609304988a47f98b19b712da8cd0e246d5fbe6aa8,not fixed; not saved,351.6656501,PASS,2026-09-05T03:25:45
dnn_oof_v1_fixed_5fold_10run_73configs,enzyme,Enzyme,23,LMF__VAE__85_15,LMF (VAE),LMF,VAE,85_15,85/15,2,5,295480,292554,2926,0.996091106,0.935992122,0.649692413,0.766996167,0.89901519,0.691756049,9a4b308a3c11823c32e1c1c609304988a47f98b19b712da8cd0e246d5fbe6aa8,not fixed; not saved,348.0295613,PASS,2026-09-05T03:35:36
dnn_oof_v1_fixed_5fold_10run_73configs,enzyme,Enzyme,23,LMF__VAE__85_15,LMF (VAE),LMF,VAE,85_15,85/15,3,5,295480,292554,2926,0.99596927,0.911722829,0.656527683,0.763361812,0.902709114,0.695007841,9a4b308a3c11823c32e1c1c609304988a47f98b19b712da8cd0e246d5fbe6aa8,not fixed; not saved,345.8041873,PASS,2026-09-05T03:45:22
dnn_oof_v1_fixed_5fold_10run_73configs,enzyme,Enzyme,23,LMF__VAE__85_15,LMF (VAE),LMF,VAE,85_15,85/15,4,5,295480,292554,2926,0.995827129,0.903671912,0.647641832,0.754529166,0.905002346,0.691601287,9a4b308a3c11823c32e1c1c609304988a47f98b19b712da8cd0e246d5fbe6aa8,not fixed; not saved,344.0548546,PASS,2026-09-05T03:55:04
dnn_oof_v1_fixed_5fold_10run_73configs,enzyme,Enzyme,23,LMF__VAE__85_15,LMF (VAE),LMF,VAE,85_15,85/15,5,5,295480,292554,2926,0.995979423,0.926817289,0.644907724,0.760580411,0.899713057,0.687454912,9a4b308a3c11823c32e1c1c609304988a47f98b19b712da8cd0e246d5fbe6aa8,not fixed; not saved,343.3362727,PASS,2026-09-05T04:04:50
dnn_oof_v1_fixed_5fold_10run_73configs,enzyme,Enzyme,23,LMF__VAE__85_15,LMF (VAE),LMF,VAE,85_15,85/15,6,5,295480,292554,2926,0.995992961,0.939455096,0.636363636,0.758761206,0.900079937,0.687712023,9a4b308a3c11823c32e1c1c609304988a47f98b19b712da8cd0e246d5fbe6aa8,not fixed; not saved,342.2644103,PASS,2026-09-05T04:14:34
dnn_oof_v1_fixed_5fold_10run_73configs,enzyme,Enzyme,23,LMF__VAE__85_15,LMF (VAE),LMF,VAE,85_15,85/15,7,5,295480,292554,2926,0.996050494,0.936910084,0.64456596,0.763717352,0.903677835,0.690531291,9a4b308a3c11823c32e1c1c609304988a47f98b19b712da8cd0e246d5fbe6aa8,not fixed; not saved,348.2464685,PASS,2026-09-05T04:24:28
dnn_oof_v1_fixed_5fold_10run_73configs,enzyme,Enzyme,23,LMF__VAE__85_15,LMF (VAE),LMF,VAE,85_15,85/15,8,5,295480,292554,2926,0.995952349,0.907634307,0.6582365,0.763074485,0.905254793,0.695376929,9a4b308a3c11823c32e1c1c609304988a47f98b19b712da8cd0e246d5fbe6aa8,not fixed; not saved,341.3774886,PASS,2026-09-05T04:34:10
dnn_oof_v1_fixed_5fold_10run_73configs,enzyme,Enzyme,23,LMF__VAE__85_15,LMF (VAE),LMF,VAE,85_15,85/15,9,5,295480,292554,2926,0.995827129,0.914747673,0.638072454,0.751761627,0.901342357,0.684741368,9a4b308a3c11823c32e1c1c609304988a47f98b19b712da8cd0e246d5fbe6aa8,not fixed; not saved,348.0029154,PASS,2026-09-05T04:44:03
dnn_oof_v1_fixed_5fold_10run_73configs,enzyme,Enzyme,23,LMF__VAE__85_15,LMF (VAE),LMF,VAE,85_15,85/15,10,5,295480,292554,2926,0.995874509,0.904694168,0.652084757,0.757894737,0.902175837,0.694872507,9a4b308a3c11823c32e1c1c609304988a47f98b19b712da8cd0e246d5fbe6aa8,not fixed; not saved,348.1083188,PASS,2026-09-05T04:53:52
dnn_oof_v1_fixed_5fold_10run_73configs,enzyme,Enzyme,24,LMF__VAE__90_10,LMF (VAE),LMF,VAE,90_10,Oct-90,1,5,295480,292554,2926,0.995962502,0.91839691,0.650034176,0.761256754,0.908326895,0.695204403,9a4b308a3c11823c32e1c1c609304988a47f98b19b712da8cd0e246d5fbe6aa8,not fixed; not saved,338.9205637,PASS,2026-09-05T05:03:36
dnn_oof_v1_fixed_5fold_10run_73configs,enzyme,Enzyme,24,LMF__VAE__90_10,LMF (VAE),LMF,VAE,90_10,Oct-90,2,5,295480,292554,2926,0.995908353,0.909785203,0.65140123,0.759211312,0.898830602,0.691367153,9a4b308a3c11823c32e1c1c609304988a47f98b19b712da8cd0e246d5fbe6aa8,not fixed; not saved,326.1787739,PASS,2026-09-05T05:13:03
dnn_oof_v1_fixed_5fold_10run_73configs,enzyme,Enzyme,24,LMF__VAE__90_10,LMF (VAE),LMF,VAE,90_10,Oct-90,3,5,295480,292554,2926,0.995823744,0.910679612,0.641148325,0.75250702,0.906279937,0.689925882,9a4b308a3c11823c32e1c1c609304988a47f98b19b712da8cd0e246d5fbe6aa8,not fixed; not saved,322.6579666,PASS,2026-09-05T05:22:27
dnn_oof_v1_fixed_5fold_10run_73configs,enzyme,Enzyme,24,LMF__VAE__90_10,LMF (VAE),LMF,VAE,90_10,Oct-90,4,5,295480,292554,2926,0.995816976,0.904693487,0.645591251,0.753490227,0.902985007,0.685156571,9a4b308a3c11823c32e1c1c609304988a47f98b19b712da8cd0e246d5fbe6aa8,not fixed; not saved,330.9695432,PASS,2026-09-05T05:31:59
dnn_oof_v1_fixed_5fold_10run_73configs,enzyme,Enzyme,24,LMF__VAE__90_10,LMF (VAE),LMF,VAE,90_10,Oct-90,5,5,295480,292554,2926,0.996087722,0.932128906,0.652426521,0.767591476,0.901713039,0.692918946,9a4b308a3c11823c32e1c1c609304988a47f98b19b712da8cd0e246d5fbe6aa8,not fixed; not saved,321.7104661,PASS,2026-09-05T05:41:25
dnn_oof_v1_fixed_5fold_10run_73configs,enzyme,Enzyme,24,LMF__VAE__90_10,LMF (VAE),LMF,VAE,90_10,Oct-90,6,5,295480,292554,2926,0.996040341,0.940320963,0.640806562,0.762195122,0.903031354,0.694389441,9a4b308a3c11823c32e1c1c609304988a47f98b19b712da8cd0e246d5fbe6aa8,not fixed; not saved,320.6745083,PASS,2026-09-05T05:50:49
dnn_oof_v1_fixed_5fold_10run_73configs,enzyme,Enzyme,24,LMF__VAE__90_10,LMF (VAE),LMF,VAE,90_10,Oct-90,7,5,295480,292554,2926,0.995982808,0.920657958,0.65037594,0.762267174,0.898031159,0.68916917,9a4b308a3c11823c32e1c1c609304988a47f98b19b712da8cd0e246d5fbe6aa8,not fixed; not saved,324.3465078,PASS,2026-09-05T06:00:16
dnn_oof_v1_fixed_5fold_10run_73configs,enzyme,Enzyme,24,LMF__VAE__90_10,LMF (VAE),LMF,VAE,90_10,Oct-90,8,5,295480,292554,2926,0.995979423,0.933200399,0.639781271,0.759124088,0.904890653,0.696564824,9a4b308a3c11823c32e1c1c609304988a47f98b19b712da8cd0e246d5fbe6aa8,not fixed; not saved,325.8345706,PASS,2026-09-05T06:09:51
dnn_oof_v1_fixed_5fold_10run_73configs,enzyme,Enzyme,24,LMF__VAE__90_10,LMF (VAE),LMF,VAE,90_10,Oct-90,9,5,295480,292554,2926,0.996053878,0.940881764,0.641831852,0.763104429,0.905018047,0.691764348,9a4b308a3c11823c32e1c1c609304988a47f98b19b712da8cd0e246d5fbe6aa8,not fixed; not saved,323.542923,PASS,2026-09-05T06:19:22
dnn_oof_v1_fixed_5fold_10run_73configs,enzyme,Enzyme,24,LMF__VAE__90_10,LMF (VAE),LMF,VAE,90_10,Oct-90,10,5,295480,292554,2926,0.995668066,0.882434944,0.649008886,0.747932257,0.902721976,0.691445892,9a4b308a3c11823c32e1c1c609304988a47f98b19b712da8cd0e246d5fbe6aa8,not fixed; not saved,324.2727883,PASS,2026-09-05T06:28:53
dnn_oof_v1_fixed_5fold_10run_73configs,gpcr,GPCR,0,MSCMF__NoDA__NO_DA,MSCMF (No DA),MSCMF,NoDA,NO_DA,No aug.,1,5,21185,20550,635,0.978852962,0.714942529,0.48976378,0.581308411,0.88711424,0.54975535,b070ede58ddac744884ccf026b043e7b23b0e30f05cbc17029050373db8d51e4,not fixed; not saved,39.07227564,PASS,2026-09-05T06:35:18
dnn_oof_v1_fixed_5fold_10run_73configs,gpcr,GPCR,0,MSCMF__NoDA__NO_DA,MSCMF (No DA),MSCMF,NoDA,NO_DA,No aug.,2,5,21185,20550,635,0.978947368,0.749340369,0.447244094,0.560157791,0.888688239,0.555203352,b070ede58ddac744884ccf026b043e7b23b0e30f05cbc17029050373db8d51e4,not fixed; not saved,39.92797136,PASS,2026-09-05T06:39:55
dnn_oof_v1_fixed_5fold_10run_73configs,gpcr,GPCR,0,MSCMF__NoDA__NO_DA,MSCMF (No DA),MSCMF,NoDA,NO_DA,No aug.,3,5,21185,20550,635,0.978050507,0.728494624,0.426771654,0.538232373,0.894877024,0.546515583,b070ede58ddac744884ccf026b043e7b23b0e30f05cbc17029050373db8d51e4,not fixed; not saved,39.68347454,PASS,2026-09-05T06:44:32
dnn_oof_v1_fixed_5fold_10run_73configs,gpcr,GPCR,0,MSCMF__NoDA__NO_DA,MSCMF (No DA),MSCMF,NoDA,NO_DA,No aug.,4,5,21185,20550,635,0.978852962,0.736708861,0.458267717,0.565048544,0.891997778,0.551759665,b070ede58ddac744884ccf026b043e7b23b0e30f05cbc17029050373db8d51e4,not fixed; not saved,39.57693076,PASS,2026-09-05T06:49:11
dnn_oof_v1_fixed_5fold_10run_73configs,gpcr,GPCR,0,MSCMF__NoDA__NO_DA,MSCMF (No DA),MSCMF,NoDA,NO_DA,No aug.,5,5,21185,20550,635,0.978050507,0.702380952,0.464566929,0.559241706,0.890607698,0.544169958,b070ede58ddac744884ccf026b043e7b23b0e30f05cbc17029050373db8d51e4,not fixed; not saved,39.70538449,PASS,2026-09-05T06:53:45
dnn_oof_v1_fixed_5fold_10run_73configs,gpcr,GPCR,0,MSCMF__NoDA__NO_DA,MSCMF (No DA),MSCMF,NoDA,NO_DA,No aug.,6,5,21185,20550,635,0.97956101,0.763020833,0.461417323,0.575073602,0.888024446,0.564263731,b070ede58ddac744884ccf026b043e7b23b0e30f05cbc17029050373db8d51e4,not fixed; not saved,39.09746361,PASS,2026-09-05T06:58:21
dnn_oof_v1_fixed_5fold_10run_73configs,gpcr,GPCR,0,MSCMF__NoDA__NO_DA,MSCMF (No DA),MSCMF,NoDA,NO_DA,No aug.,7,5,21185,20550,635,0.978475336,0.720987654,0.45984252,0.561538462,0.867556373,0.547151833,b070ede58ddac744884ccf026b043e7b23b0e30f05cbc17029050373db8d51e4,not fixed; not saved,39.36196971,PASS,2026-09-05T07:02:58
dnn_oof_v1_fixed_5fold_10run_73configs,gpcr,GPCR,0,MSCMF__NoDA__NO_DA,MSCMF (No DA),MSCMF,NoDA,NO_DA,No aug.,8,5,21185,20550,635,0.978569743,0.721271394,0.464566929,0.5651341,0.888034945,0.553254102,b070ede58ddac744884ccf026b043e7b23b0e30f05cbc17029050373db8d51e4,not fixed; not saved,40.62794828,PASS,2026-09-05T07:07:38
dnn_oof_v1_fixed_5fold_10run_73configs,gpcr,GPCR,0,MSCMF__NoDA__NO_DA,MSCMF (No DA),MSCMF,NoDA,NO_DA,No aug.,9,5,21185,20550,635,0.978758556,0.727272727,0.466141732,0.568138196,0.884566967,0.548501177,b070ede58ddac744884ccf026b043e7b23b0e30f05cbc17029050373db8d51e4,not fixed; not saved,38.47366333,PASS,2026-09-05T07:12:19
dnn_oof_v1_fixed_5fold_10run_73configs,gpcr,GPCR,0,MSCMF__NoDA__NO_DA,MSCMF (No DA),MSCMF,NoDA,NO_DA,No aug.,10,5,21185,20550,635,0.978994572,0.720930233,0.488188976,0.582159624,0.882664521,0.555958901,b070ede58ddac744884ccf026b043e7b23b0e30f05cbc17029050373db8d51e4,not fixed; not saved,38.92061973,PASS,2026-09-05T07:16:57
dnn_oof_v1_fixed_5fold_10run_73configs,gpcr,GPCR,1,MSCMF__WGANGP__50_50,MSCMF (WGAN-GP),MSCMF,WGANGP,50_50,50/50,1,5,21185,20550,635,0.977295256,0.698453608,0.426771654,0.529814272,0.880718355,0.521013708,b070ede58ddac744884ccf026b043e7b23b0e30f05cbc17029050373db8d51e4,not fixed; not saved,63.02466273,PASS,2026-09-05T07:22:01
dnn_oof_v1_fixed_5fold_10run_73configs,gpcr,GPCR,1,MSCMF__WGANGP__50_50,MSCMF (WGAN-GP),MSCMF,WGANGP,50_50,50/50,2,5,21185,20550,635,0.977625679,0.712401055,0.42519685,0.532544379,0.881694542,0.542966436,b070ede58ddac744884ccf026b043e7b23b0e30f05cbc17029050373db8d51e4,not fixed; not saved,62.01761174,PASS,2026-09-05T07:27:02
dnn_oof_v1_fixed_5fold_10run_73configs,gpcr,GPCR,1,MSCMF__WGANGP__50_50,MSCMF (WGAN-GP),MSCMF,WGANGP,50_50,50/50,3,5,21185,20550,635,0.978286523,0.710843373,0.464566929,0.561904762,0.878019618,0.538646616,b070ede58ddac744884ccf026b043e7b23b0e30f05cbc17029050373db8d51e4,not fixed; not saved,65.9291296,PASS,2026-09-05T07:32:07
dnn_oof_v1_fixed_5fold_10run_73configs,gpcr,GPCR,1,MSCMF__WGANGP__50_50,MSCMF (WGAN-GP),MSCMF,WGANGP,50_50,50/50,4,5,21185,20550,635,0.978805759,0.7421875,0.448818898,0.559371933,0.875204552,0.55113453,b070ede58ddac744884ccf026b043e7b23b0e30f05cbc17029050373db8d51e4,not fixed; not saved,62.31956077,PASS,2026-09-05T07:37:11
dnn_oof_v1_fixed_5fold_10run_73configs,gpcr,GPCR,1,MSCMF__WGANGP__50_50,MSCMF (WGAN-GP),MSCMF,WGANGP,50_50,50/50,5,5,21185,20550,635,0.977625679,0.697788698,0.447244094,0.545105566,0.873138073,0.525177853,b070ede58ddac744884ccf026b043e7b23b0e30f05cbc17029050373db8d51e4,not fixed; not saved,63.51679301,PASS,2026-09-05T07:42:14
dnn_oof_v1_fixed_5fold_10run_73configs,gpcr,GPCR,1,MSCMF__WGANGP__50_50,MSCMF (WGAN-GP),MSCMF,WGANGP,50_50,50/50,6,5,21185,20550,635,0.977342459,0.67816092,0.464566929,0.551401869,0.876342395,0.537166618,b070ede58ddac744884ccf026b043e7b23b0e30f05cbc17029050373db8d51e4,not fixed; not saved,62.81458497,PASS,2026-09-05T07:47:18
dnn_oof_v1_fixed_5fold_10run_73configs,gpcr,GPCR,1,MSCMF__WGANGP__50_50,MSCMF (WGAN-GP),MSCMF,WGANGP,50_50,50/50,7,5,21185,20550,635,0.976587208,0.673316708,0.42519685,0.521235521,0.880411901,0.513442332,b070ede58ddac744884ccf026b043e7b23b0e30f05cbc17029050373db8d51e4,not fixed; not saved,65.10791326,PASS,2026-09-05T07:52:22
dnn_oof_v1_fixed_5fold_10run_73configs,gpcr,GPCR,1,MSCMF__WGANGP__50_50,MSCMF (WGAN-GP),MSCMF,WGANGP,50_50,50/50,8,5,21185,20550,635,0.978192117,0.711491443,0.458267717,0.557471264,0.890740502,0.549101886,b070ede58ddac744884ccf026b043e7b23b0e30f05cbc17029050373db8d51e4,not fixed; not saved,63.04251146,PASS,2026-09-05T07:57:26
dnn_oof_v1_fixed_5fold_10run_73configs,gpcr,GPCR,1,MSCMF__WGANGP__50_50,MSCMF (WGAN-GP),MSCMF,WGANGP,50_50,50/50,9,5,21185,20550,635,0.977484069,0.675555556,0.478740157,0.560368664,0.868516505,0.534957197,b070ede58ddac744884ccf026b043e7b23b0e30f05cbc17029050373db8d51e4,not fixed; not saved,63.88624763,PASS,2026-09-05T08:02:31
dnn_oof_v1_fixed_5fold_10run_73configs,gpcr,GPCR,1,MSCMF__WGANGP__50_50,MSCMF (WGAN-GP),MSCMF,WGANGP,50_50,50/50,10,5,21185,20550,635,0.978664149,0.73164557,0.45511811,0.561165049,0.890839588,0.558054338,b070ede58ddac744884ccf026b043e7b23b0e30f05cbc17029050373db8d51e4,not fixed; not saved,63.02642083,PASS,2026-09-05T08:07:38
dnn_oof_v1_fixed_5fold_10run_73configs,gpcr,GPCR,2,MSCMF__WGANGP__80_20,MSCMF (WGAN-GP),MSCMF,WGANGP,80_20,80/20,1,5,21185,20550,635,0.978616946,0.742021277,0.439370079,0.551928783,0.881953216,0.558348297,b070ede58ddac744884ccf026b043e7b23b0e30f05cbc17029050373db8d51e4,not fixed; not saved,43.92763758,PASS,2026-09-05T08:12:25
dnn_oof_v1_fixed_5fold_10run_73configs,gpcr,GPCR,2,MSCMF__WGANGP__80_20,MSCMF (WGAN-GP),MSCMF,WGANGP,80_20,80/20,2,5,21185,20550,635,0.977956101,0.697183099,0.467716535,0.559849199,0.876123839,0.555715883,b070ede58ddac744884ccf026b043e7b23b0e30f05cbc17029050373db8d51e4,not fixed; not saved,44.80270195,PASS,2026-09-05T08:17:13
dnn_oof_v1_fixed_5fold_10run_73configs,gpcr,GPCR,2,MSCMF__WGANGP__80_20,MSCMF (WGAN-GP),MSCMF,WGANGP,80_20,80/20,3,5,21185,20550,635,0.978333727,0.731578947,0.437795276,0.547783251,0.882560032,0.547574195,b070ede58ddac744884ccf026b043e7b23b0e30f05cbc17029050373db8d51e4,not fixed; not saved,44.72823095,PASS,2026-09-05T08:21:59
dnn_oof_v1_fixed_5fold_10run_73configs,gpcr,GPCR,2,MSCMF__WGANGP__80_20,MSCMF (WGAN-GP),MSCMF,WGANGP,80_20,80/20,4,5,21185,20550,635,0.975595941,0.625,0.464566929,0.532971996,0.876931701,0.517229712,b070ede58ddac744884ccf026b043e7b23b0e30f05cbc17029050373db8d51e4,not fixed; not saved,45.38978624,PASS,2026-09-05T08:26:46
dnn_oof_v1_fixed_5fold_10run_73configs,gpcr,GPCR,2,MSCMF__WGANGP__80_20,MSCMF (WGAN-GP),MSCMF,WGANGP,80_20,80/20,5,5,21185,20550,635,0.977767288,0.706030151,0.442519685,0.544046467,0.887220721,0.540396682,b070ede58ddac744884ccf026b043e7b23b0e30f05cbc17029050373db8d51e4,not fixed; not saved,46.43924856,PASS,2026-09-05T08:31:33
dnn_oof_v1_fixed_5fold_10run_73configs,gpcr,GPCR,2,MSCMF__WGANGP__80_20,MSCMF (WGAN-GP),MSCMF,WGANGP,80_20,80/20,6,5,21185,20550,635,0.977342459,0.669584245,0.481889764,0.56043956,0.886466808,0.54175141,b070ede58ddac744884ccf026b043e7b23b0e30f05cbc17029050373db8d51e4,not fixed; not saved,44.67596745,PASS,2026-09-05T08:36:20
dnn_oof_v1_fixed_5fold_10run_73configs,gpcr,GPCR,2,MSCMF__WGANGP__80_20,MSCMF (WGAN-GP),MSCMF,WGANGP,80_20,80/20,7,5,21185,20550,635,0.978003304,0.694252874,0.475590551,0.564485981,0.889808916,0.563442189,b070ede58ddac744884ccf026b043e7b23b0e30f05cbc17029050373db8d51e4,not fixed; not saved,44.49926519,PASS,2026-09-05T08:41:06
dnn_oof_v1_fixed_5fold_10run_73configs,gpcr,GPCR,2,MSCMF__WGANGP__80_20,MSCMF (WGAN-GP),MSCMF,WGANGP,80_20,80/20,8,5,21185,20550,635,0.978050507,0.709359606,0.453543307,0.553314121,0.868580838,0.534058265,b070ede58ddac744884ccf026b043e7b23b0e30f05cbc17029050373db8d51e4,not fixed; not saved,44.67774415,PASS,2026-09-05T08:45:57
dnn_oof_v1_fixed_5fold_10run_73configs,gpcr,GPCR,2,MSCMF__WGANGP__80_20,MSCMF (WGAN-GP),MSCMF,WGANGP,80_20,80/20,9,5,21185,20550,635,0.978805759,0.721428571,0.477165354,0.574407583,0.884112075,0.546959096,b070ede58ddac744884ccf026b043e7b23b0e30f05cbc17029050373db8d51e4,not fixed; not saved,44.14544058,PASS,2026-09-05T08:50:48
dnn_oof_v1_fixed_5fold_10run_73configs,gpcr,GPCR,2,MSCMF__WGANGP__80_20,MSCMF (WGAN-GP),MSCMF,WGANGP,80_20,80/20,10,5,21185,20550,635,0.978616946,0.712616822,0.480314961,0.573847601,0.888382934,0.566783853,b070ede58ddac744884ccf026b043e7b23b0e30f05cbc17029050373db8d51e4,not fixed; not saved,43.72287917,PASS,2026-09-05T08:55:40
dnn_oof_v1_fixed_5fold_10run_73configs,gpcr,GPCR,3,MSCMF__WGANGP__85_15,MSCMF (WGAN-GP),MSCMF,WGANGP,85_15,85/15,1,5,21185,20550,635,0.978805759,0.740932642,0.450393701,0.560235064,0.888767592,0.552242096,b070ede58ddac744884ccf026b043e7b23b0e30f05cbc17029050373db8d51e4,not fixed; not saved,42.23192716,PASS,2026-09-05T09:00:29
dnn_oof_v1_fixed_5fold_10run_73configs,gpcr,GPCR,3,MSCMF__WGANGP__85_15,MSCMF (WGAN-GP),MSCMF,WGANGP,85_15,85/15,2,5,21185,20550,635,0.978428133,0.743169399,0.428346457,0.543456543,0.877845623,0.547270215,b070ede58ddac744884ccf026b043e7b23b0e30f05cbc17029050373db8d51e4,not fixed; not saved,42.98402858,PASS,2026-09-05T09:05:16
dnn_oof_v1_fixed_5fold_10run_73configs,gpcr,GPCR,3,MSCMF__WGANGP__85_15,MSCMF (WGAN-GP),MSCMF,WGANGP,85_15,85/15,3,5,21185,20550,635,0.978475336,0.730077121,0.447244094,0.5546875,0.89224783,0.549711939,b070ede58ddac744884ccf026b043e7b23b0e30f05cbc17029050373db8d51e4,not fixed; not saved,42.71266794,PASS,2026-09-05T09:10:01
dnn_oof_v1_fixed_5fold_10run_73configs,gpcr,GPCR,3,MSCMF__WGANGP__85_15,MSCMF (WGAN-GP),MSCMF,WGANGP,85_15,85/15,4,5,21185,20550,635,0.978286523,0.718204489,0.453543307,0.555984556,0.88517865,0.559348244,b070ede58ddac744884ccf026b043e7b23b0e30f05cbc17029050373db8d51e4,not fixed; not saved,42.55278492,PASS,2026-09-05T09:14:48
dnn_oof_v1_fixed_5fold_10run_73configs,gpcr,GPCR,3,MSCMF__WGANGP__85_15,MSCMF (WGAN-GP),MSCMF,WGANGP,85_15,85/15,5,5,21185,20550,635,0.97838093,0.716381418,0.461417323,0.561302682,0.877176198,0.552356621,b070ede58ddac744884ccf026b043e7b23b0e30f05cbc17029050373db8d51e4,not fixed; not saved,42.36072588,PASS,2026-09-05T09:19:40
dnn_oof_v1_fixed_5fold_10run_73configs,gpcr,GPCR,3,MSCMF__WGANGP__85_15,MSCMF (WGAN-GP),MSCMF,WGANGP,85_15,85/15,6,5,21185,20550,635,0.978428133,0.711904762,0.470866142,0.566824645,0.880641186,0.550397743,b070ede58ddac744884ccf026b043e7b23b0e30f05cbc17029050373db8d51e4,not fixed; not saved,43.94358826,PASS,2026-09-05T09:24:29
dnn_oof_v1_fixed_5fold_10run_73configs,gpcr,GPCR,3,MSCMF__WGANGP__85_15,MSCMF (WGAN-GP),MSCMF,WGANGP,85_15,85/15,7,5,21185,20550,635,0.976728818,0.662100457,0.456692913,0.540540541,0.88096519,0.529088642,b070ede58ddac744884ccf026b043e7b23b0e30f05cbc17029050373db8d51e4,not fixed; not saved,43.37676024,PASS,2026-09-05T09:29:24
dnn_oof_v1_fixed_5fold_10run_73configs,gpcr,GPCR,3,MSCMF__WGANGP__85_15,MSCMF (WGAN-GP),MSCMF,WGANGP,85_15,85/15,8,5,21185,20550,635,0.978758556,0.73657289,0.453543307,0.561403509,0.889082514,0.54195463,b070ede58ddac744884ccf026b043e7b23b0e30f05cbc17029050373db8d51e4,not fixed; not saved,43.58209276,PASS,2026-09-05T09:34:13
dnn_oof_v1_fixed_5fold_10run_73configs,gpcr,GPCR,3,MSCMF__WGANGP__85_15,MSCMF (WGAN-GP),MSCMF,WGANGP,85_15,85/15,9,5,21185,20550,635,0.977956101,0.712121212,0.444094488,0.547041707,0.883142709,0.544891267,b070ede58ddac744884ccf026b043e7b23b0e30f05cbc17029050373db8d51e4,not fixed; not saved,42.77064586,PASS,2026-09-05T09:39:04
dnn_oof_v1_fixed_5fold_10run_73configs,gpcr,GPCR,3,MSCMF__WGANGP__85_15,MSCMF (WGAN-GP),MSCMF,WGANGP,85_15,85/15,10,5,21185,20550,635,0.978286523,0.720403023,0.450393701,0.554263566,0.893987854,0.548793249,b070ede58ddac744884ccf026b043e7b23b0e30f05cbc17029050373db8d51e4,not fixed; not saved,42.98804379,PASS,2026-09-05T09:43:59
dnn_oof_v1_fixed_5fold_10run_73configs,gpcr,GPCR,4,MSCMF__WGANGP__90_10,MSCMF (WGAN-GP),MSCMF,WGANGP,90_10,Oct-90,1,5,21185,20550,635,0.978805759,0.7325,0.461417323,0.566183575,0.88076924,0.576095947,b070ede58ddac744884ccf026b043e7b23b0e30f05cbc17029050373db8d51e4,not fixed; not saved,41.38932157,PASS,2026-09-05T09:48:52
dnn_oof_v1_fixed_5fold_10run_73configs,gpcr,GPCR,4,MSCMF__WGANGP__90_10,MSCMF (WGAN-GP),MSCMF,WGANGP,90_10,Oct-90,2,5,21185,20550,635,0.978805759,0.726829268,0.469291339,0.570334928,0.897469855,0.570895684,b070ede58ddac744884ccf026b043e7b23b0e30f05cbc17029050373db8d51e4,not fixed; not saved,41.62588382,PASS,2026-09-05T09:53:45
dnn_oof_v1_fixed_5fold_10run_73configs,gpcr,GPCR,4,MSCMF__WGANGP__90_10,MSCMF (WGAN-GP),MSCMF,WGANGP,90_10,Oct-90,3,5,21185,20550,635,0.978616946,0.743315508,0.437795276,0.551040634,0.869839646,0.538515492,b070ede58ddac744884ccf026b043e7b23b0e30f05cbc17029050373db8d51e4,not fixed; not saved,41.44933724,PASS,2026-09-05T09:58:37
dnn_oof_v1_fixed_5fold_10run_73configs,gpcr,GPCR,4,MSCMF__WGANGP__90_10,MSCMF (WGAN-GP),MSCMF,WGANGP,90_10,Oct-90,4,5,21185,20550,635,0.978192117,0.725848564,0.437795276,0.546168959,0.881765312,0.53934256,b070ede58ddac744884ccf026b043e7b23b0e30f05cbc17029050373db8d51e4,not fixed; not saved,42.57959986,PASS,2026-09-05T10:03:28
dnn_oof_v1_fixed_5fold_10run_73configs,gpcr,GPCR,4,MSCMF__WGANGP__90_10,MSCMF (WGAN-GP),MSCMF,WGANGP,90_10,Oct-90,5,5,21185,20550,635,0.978475336,0.725440806,0.453543307,0.558139535,0.890980899,0.55583384,b070ede58ddac744884ccf026b043e7b23b0e30f05cbc17029050373db8d51e4,not fixed; not saved,40.20980263,PASS,2026-09-05T10:08:20
dnn_oof_v1_fixed_5fold_10run_73configs,gpcr,GPCR,4,MSCMF__WGANGP__90_10,MSCMF (WGAN-GP),MSCMF,WGANGP,90_10,Oct-90,6,5,21185,20550,635,0.978758556,0.74535809,0.442519685,0.555335968,0.889068797,0.553270067,b070ede58ddac744884ccf026b043e7b23b0e30f05cbc17029050373db8d51e4,not fixed; not saved,42.37591219,PASS,2026-09-05T10:13:12
dnn_oof_v1_fixed_5fold_10run_73configs,gpcr,GPCR,4,MSCMF__WGANGP__90_10,MSCMF (WGAN-GP),MSCMF,WGANGP,90_10,Oct-90,7,5,21185,20550,635,0.978050507,0.721354167,0.436220472,0.543670265,0.885089258,0.548187962,b070ede58ddac744884ccf026b043e7b23b0e30f05cbc17029050373db8d51e4,not fixed; not saved,41.68558192,PASS,2026-09-05T10:18:06
dnn_oof_v1_fixed_5fold_10run_73configs,gpcr,GPCR,4,MSCMF__WGANGP__90_10,MSCMF (WGAN-GP),MSCMF,WGANGP,90_10,Oct-90,8,5,21185,20550,635,0.977908898,0.687640449,0.481889764,0.566666667,0.880524858,0.551994043,b070ede58ddac744884ccf026b043e7b23b0e30f05cbc17029050373db8d51e4,not fixed; not saved,41.45885134,PASS,2026-09-05T10:23:02
dnn_oof_v1_fixed_5fold_10run_73configs,gpcr,GPCR,4,MSCMF__WGANGP__90_10,MSCMF (WGAN-GP),MSCMF,WGANGP,90_10,Oct-90,9,5,21185,20550,635,0.978475336,0.716707022,0.466141732,0.564885496,0.886480372,0.547333066,b070ede58ddac744884ccf026b043e7b23b0e30f05cbc17029050373db8d51e4,not fixed; not saved,42.10450387,PASS,2026-09-05T10:28:01
dnn_oof_v1_fixed_5fold_10run_73configs,gpcr,GPCR,4,MSCMF__WGANGP__90_10,MSCMF (WGAN-GP),MSCMF,WGANGP,90_10,Oct-90,10,5,21185,20550,635,0.978711352,0.716981132,0.478740157,0.574126534,0.882664598,0.555979561,b070ede58ddac744884ccf026b043e7b23b0e30f05cbc17029050373db8d51e4,not fixed; not saved,41.56310177,PASS,2026-09-05T10:32:57
dnn_oof_v1_fixed_5fold_10run_73configs,gpcr,GPCR,5,MSCMF__VAE__50_50,MSCMF (VAE),MSCMF,VAE,50_50,50/50,1,5,21185,20550,635,0.97705924,0.673659674,0.45511811,0.543233083,0.880257716,0.536865667,b070ede58ddac744884ccf026b043e7b23b0e30f05cbc17029050373db8d51e4,not fixed; not saved,63.39548135,PASS,2026-09-05T10:38:13
dnn_oof_v1_fixed_5fold_10run_73configs,gpcr,GPCR,5,MSCMF__VAE__50_50,MSCMF (VAE),MSCMF,VAE,50_50,50/50,2,5,21185,20550,635,0.97720085,0.674311927,0.462992126,0.549019608,0.889251221,0.537261382,b070ede58ddac744884ccf026b043e7b23b0e30f05cbc17029050373db8d51e4,not fixed; not saved,63.64508986,PASS,2026-09-05T10:43:28
dnn_oof_v1_fixed_5fold_10run_73configs,gpcr,GPCR,5,MSCMF__VAE__50_50,MSCMF (VAE),MSCMF,VAE,50_50,50/50,3,5,21185,20550,635,0.977908898,0.681127983,0.494488189,0.572992701,0.885445562,0.552099889,b070ede58ddac744884ccf026b043e7b23b0e30f05cbc17029050373db8d51e4,not fixed; not saved,66.63023782,PASS,2026-09-05T10:48:45
dnn_oof_v1_fixed_5fold_10run_73configs,gpcr,GPCR,5,MSCMF__VAE__50_50,MSCMF (VAE),MSCMF,VAE,50_50,50/50,4,5,21185,20550,635,0.978711352,0.75698324,0.426771654,0.545820745,0.884754066,0.56169643,b070ede58ddac744884ccf026b043e7b23b0e30f05cbc17029050373db8d51e4,not fixed; not saved,63.1802702,PASS,2026-09-05T10:54:02
dnn_oof_v1_fixed_5fold_10run_73configs,gpcr,GPCR,5,MSCMF__VAE__50_50,MSCMF (VAE),MSCMF,VAE,50_50,50/50,5,5,21185,20550,635,0.978758556,0.715617716,0.483464567,0.577067669,0.888676476,0.575051751,b070ede58ddac744884ccf026b043e7b23b0e30f05cbc17029050373db8d51e4,not fixed; not saved,63.78907895,PASS,2026-09-05T10:59:19
dnn_oof_v1_fixed_5fold_10run_73configs,gpcr,GPCR,5,MSCMF__VAE__50_50,MSCMF (VAE),MSCMF,VAE,50_50,50/50,6,5,21185,20550,635,0.978994572,0.729468599,0.475590551,0.575786463,0.878894687,0.5626495,b070ede58ddac744884ccf026b043e7b23b0e30f05cbc17029050373db8d51e4,not fixed; not saved,62.25280023,PASS,2026-09-05T11:04:34
dnn_oof_v1_fixed_5fold_10run_73configs,gpcr,GPCR,5,MSCMF__VAE__50_50,MSCMF (VAE),MSCMF,VAE,50_50,50/50,7,5,21185,20550,635,0.978286523,0.719298246,0.451968504,0.555125725,0.888891277,0.550953671,b070ede58ddac744884ccf026b043e7b23b0e30f05cbc17029050373db8d51e4,not fixed; not saved,66.06625843,PASS,2026-09-05T11:09:50
dnn_oof_v1_fixed_5fold_10run_73configs,gpcr,GPCR,5,MSCMF__VAE__50_50,MSCMF (VAE),MSCMF,VAE,50_50,50/50,8,5,21185,20550,635,0.977720085,0.712793734,0.42992126,0.536345776,0.88518229,0.551171402,b070ede58ddac744884ccf026b043e7b23b0e30f05cbc17029050373db8d51e4,not fixed; not saved,63.05394697,PASS,2026-09-05T11:15:07
dnn_oof_v1_fixed_5fold_10run_73configs,gpcr,GPCR,5,MSCMF__VAE__50_50,MSCMF (VAE),MSCMF,VAE,50_50,50/50,9,5,21185,20550,635,0.977153646,0.658947368,0.492913386,0.563963964,0.88127582,0.549127579,b070ede58ddac744884ccf026b043e7b23b0e30f05cbc17029050373db8d51e4,not fixed; not saved,64.25424147,PASS,2026-09-05T11:20:27
dnn_oof_v1_fixed_5fold_10run_73configs,gpcr,GPCR,5,MSCMF__VAE__50_50,MSCMF (VAE),MSCMF,VAE,50_50,50/50,10,5,21185,20550,635,0.97852254,0.715311005,0.470866142,0.567901235,0.865429316,0.546134626,b070ede58ddac744884ccf026b043e7b23b0e30f05cbc17029050373db8d51e4,not fixed; not saved,63.31126571,PASS,2026-09-05T11:25:43
dnn_oof_v1_fixed_5fold_10run_73configs,gpcr,GPCR,6,MSCMF__VAE__80_20,MSCMF (VAE),MSCMF,VAE,80_20,80/20,1,5,21185,20550,635,0.978192117,0.721227621,0.444094488,0.549707602,0.888891086,0.556183853,b070ede58ddac744884ccf026b043e7b23b0e30f05cbc17029050373db8d51e4,not fixed; not saved,43.83317351,PASS,2026-09-05T11:30:43
dnn_oof_v1_fixed_5fold_10run_73configs,gpcr,GPCR,6,MSCMF__VAE__80_20,MSCMF (VAE),MSCMF,VAE,80_20,80/20,2,5,21185,20550,635,0.979136181,0.758713137,0.445669291,0.561507937,0.893382302,0.574513263,b070ede58ddac744884ccf026b043e7b23b0e30f05cbc17029050373db8d51e4,not fixed; not saved,44.1377821,PASS,2026-09-05T11:35:44
dnn_oof_v1_fixed_5fold_10run_73configs,gpcr,GPCR,6,MSCMF__VAE__80_20,MSCMF (VAE),MSCMF,VAE,80_20,80/20,3,5,21185,20550,635,0.978947368,0.733333333,0.467716535,0.571153846,0.883354024,0.567949176,b070ede58ddac744884ccf026b043e7b23b0e30f05cbc17029050373db8d51e4,not fixed; not saved,44.44154525,PASS,2026-09-05T11:40:45
dnn_oof_v1_fixed_5fold_10run_73configs,gpcr,GPCR,6,MSCMF__VAE__80_20,MSCMF (VAE),MSCMF,VAE,80_20,80/20,4,5,21185,20550,635,0.978758556,0.725060827,0.469291339,0.569789675,0.890761959,0.566651703,b070ede58ddac744884ccf026b043e7b23b0e30f05cbc17029050373db8d51e4,not fixed; not saved,43.76550126,PASS,2026-09-05T11:45:46
dnn_oof_v1_fixed_5fold_10run_73configs,gpcr,GPCR,6,MSCMF__VAE__80_20,MSCMF (VAE),MSCMF,VAE,80_20,80/20,5,5,21185,20550,635,0.978616946,0.732142857,0.451968504,0.558909445,0.888425618,0.557938079,b070ede58ddac744884ccf026b043e7b23b0e30f05cbc17029050373db8d51e4,not fixed; not saved,45.2463553,PASS,2026-09-05T11:50:46
dnn_oof_v1_fixed_5fold_10run_73configs,gpcr,GPCR,6,MSCMF__VAE__80_20,MSCMF (VAE),MSCMF,VAE,80_20,80/20,6,5,21185,20550,635,0.978947368,0.722352941,0.483464567,0.579245283,0.889915512,0.56637844,b070ede58ddac744884ccf026b043e7b23b0e30f05cbc17029050373db8d51e4,not fixed; not saved,45.20829606,PASS,2026-09-05T11:55:46
dnn_oof_v1_fixed_5fold_10run_73configs,gpcr,GPCR,6,MSCMF__VAE__80_20,MSCMF (VAE),MSCMF,VAE,80_20,80/20,7,5,21185,20550,635,0.978758556,0.750677507,0.436220472,0.551792829,0.89091534,0.558750694,b070ede58ddac744884ccf026b043e7b23b0e30f05cbc17029050373db8d51e4,not fixed; not saved,45.93608403,PASS,2026-09-05T12:00:49
dnn_oof_v1_fixed_5fold_10run_73configs,gpcr,GPCR,6,MSCMF__VAE__80_20,MSCMF (VAE),MSCMF,VAE,80_20,80/20,8,5,21185,20550,635,0.979466604,0.755102041,0.466141732,0.576436222,0.887598329,0.569644014,b070ede58ddac744884ccf026b043e7b23b0e30f05cbc17029050373db8d51e4,not fixed; not saved,44.66351676,PASS,2026-09-05T12:05:52
dnn_oof_v1_fixed_5fold_10run_73configs,gpcr,GPCR,6,MSCMF__VAE__80_20,MSCMF (VAE),MSCMF,VAE,80_20,80/20,9,5,21185,20550,635,0.977861695,0.690366972,0.474015748,0.562091503,0.882504933,0.569360098,b070ede58ddac744884ccf026b043e7b23b0e30f05cbc17029050373db8d51e4,not fixed; not saved,45.11697412,PASS,2026-09-05T12:10:56
dnn_oof_v1_fixed_5fold_10run_73configs,gpcr,GPCR,6,MSCMF__VAE__80_20,MSCMF (VAE),MSCMF,VAE,80_20,80/20,10,5,21185,20550,635,0.977248053,0.72173913,0.392125984,0.508163265,0.882736402,0.518664319,b070ede58ddac744884ccf026b043e7b23b0e30f05cbc17029050373db8d51e4,not fixed; not saved,44.15184259,PASS,2026-09-05T12:15:58
dnn_oof_v1_fixed_5fold_10run_73configs,gpcr,GPCR,7,MSCMF__VAE__85_15,MSCMF (VAE),MSCMF,VAE,85_15,85/15,1,5,21185,20550,635,0.978947368,0.742930591,0.45511811,0.564453125,0.895189225,0.574202342,b070ede58ddac744884ccf026b043e7b23b0e30f05cbc17029050373db8d51e4,not fixed; not saved,42.07107997,PASS,2026-09-05T12:21:01
dnn_oof_v1_fixed_5fold_10run_73configs,gpcr,GPCR,7,MSCMF__VAE__85_15,MSCMF (VAE),MSCMF,VAE,85_15,85/15,2,5,21185,20550,635,0.977342459,0.684085511,0.453543307,0.545454545,0.8860405,0.541457078,b070ede58ddac744884ccf026b043e7b23b0e30f05cbc17029050373db8d51e4,not fixed; not saved,43.03368545,PASS,2026-09-05T12:26:05
dnn_oof_v1_fixed_5fold_10run_73configs,gpcr,GPCR,7,MSCMF__VAE__85_15,MSCMF (VAE),MSCMF,VAE,85_15,85/15,3,5,21185,20550,635,0.978428133,0.734210526,0.439370079,0.549753695,0.888768856,0.567258445,b070ede58ddac744884ccf026b043e7b23b0e30f05cbc17029050373db8d51e4,not fixed; not saved,43.39401746,PASS,2026-09-05T12:31:12
dnn_oof_v1_fixed_5fold_10run_73configs,gpcr,GPCR,7,MSCMF__VAE__85_15,MSCMF (VAE),MSCMF,VAE,85_15,85/15,4,5,21185,20550,635,0.979419401,0.738609113,0.48503937,0.585551331,0.884218863,0.554375288,b070ede58ddac744884ccf026b043e7b23b0e30f05cbc17029050373db8d51e4,not fixed; not saved,42.6875329,PASS,2026-09-05T12:36:16
dnn_oof_v1_fixed_5fold_10run_73configs,gpcr,GPCR,7,MSCMF__VAE__85_15,MSCMF (VAE),MSCMF,VAE,85_15,85/15,5,5,21185,20550,635,0.979183384,0.727699531,0.488188976,0.584354383,0.890572408,0.567159058,b070ede58ddac744884ccf026b043e7b23b0e30f05cbc17029050373db8d51e4,not fixed; not saved,43.13955092,PASS,2026-09-05T12:41:18
dnn_oof_v1_fixed_5fold_10run_73configs,gpcr,GPCR,7,MSCMF__VAE__85_15,MSCMF (VAE),MSCMF,VAE,85_15,85/15,6,5,21185,20550,635,0.978569743,0.711943794,0.478740157,0.572504708,0.891945514,0.561911801,b070ede58ddac744884ccf026b043e7b23b0e30f05cbc17029050373db8d51e4,not fixed; not saved,41.74323463,PASS,2026-09-05T12:46:20
dnn_oof_v1_fixed_5fold_10run_73configs,gpcr,GPCR,7,MSCMF__VAE__85_15,MSCMF (VAE),MSCMF,VAE,85_15,85/15,7,5,21185,20550,635,0.97852254,0.716346154,0.469291339,0.567078972,0.87305508,0.541230958,b070ede58ddac744884ccf026b043e7b23b0e30f05cbc17029050373db8d51e4,not fixed; not saved,43.00481009,PASS,2026-09-05T12:51:24
dnn_oof_v1_fixed_5fold_10run_73configs,gpcr,GPCR,7,MSCMF__VAE__85_15,MSCMF (VAE),MSCMF,VAE,85_15,85/15,8,5,21185,20550,635,0.97823932,0.692477876,0.492913386,0.575896964,0.893789337,0.573893858,b070ede58ddac744884ccf026b043e7b23b0e30f05cbc17029050373db8d51e4,not fixed; not saved,44.88397765,PASS,2026-09-05T12:56:28
dnn_oof_v1_fixed_5fold_10run_73configs,gpcr,GPCR,7,MSCMF__VAE__85_15,MSCMF (VAE),MSCMF,VAE,85_15,85/15,9,5,21185,20550,635,0.978050507,0.701421801,0.466141732,0.560075686,0.883432075,0.559345097,b070ede58ddac744884ccf026b043e7b23b0e30f05cbc17029050373db8d51e4,not fixed; not saved,42.39596105,PASS,2026-09-05T13:01:33
dnn_oof_v1_fixed_5fold_10run_73configs,gpcr,GPCR,7,MSCMF__VAE__85_15,MSCMF (VAE),MSCMF,VAE,85_15,85/15,10,5,21185,20550,635,0.978758556,0.730673317,0.461417323,0.565637066,0.892444278,0.558771764,b070ede58ddac744884ccf026b043e7b23b0e30f05cbc17029050373db8d51e4,not fixed; not saved,42.66087818,PASS,2026-09-05T13:06:36
dnn_oof_v1_fixed_5fold_10run_73configs,gpcr,GPCR,8,MSCMF__VAE__90_10,MSCMF (VAE),MSCMF,VAE,90_10,Oct-90,1,5,21185,20550,635,0.977625679,0.731988473,0.4,0.517311609,0.873459471,0.521219167,b070ede58ddac744884ccf026b043e7b23b0e30f05cbc17029050373db8d51e4,not fixed; not saved,41.52618265,PASS,2026-09-05T13:11:41
dnn_oof_v1_fixed_5fold_10run_73configs,gpcr,GPCR,8,MSCMF__VAE__90_10,MSCMF (VAE),MSCMF,VAE,90_10,Oct-90,2,5,21185,20550,635,0.978144914,0.717171717,0.447244094,0.550921435,0.876834339,0.547434333,b070ede58ddac744884ccf026b043e7b23b0e30f05cbc17029050373db8d51e4,not fixed; not saved,41.25030828,PASS,2026-09-05T13:16:48
dnn_oof_v1_fixed_5fold_10run_73configs,gpcr,GPCR,8,MSCMF__VAE__90_10,MSCMF (VAE),MSCMF,VAE,90_10,Oct-90,3,5,21185,20550,635,0.978616946,0.719806763,0.469291339,0.568160153,0.884575435,0.570977171,b070ede58ddac744884ccf026b043e7b23b0e30f05cbc17029050373db8d51e4,not fixed; not saved,40.88524175,PASS,2026-09-05T13:21:52
dnn_oof_v1_fixed_5fold_10run_73configs,gpcr,GPCR,8,MSCMF__VAE__90_10,MSCMF (VAE),MSCMF,VAE,90_10,Oct-90,4,5,21185,20550,635,0.977248053,0.675057208,0.464566929,0.550373134,0.885435446,0.529547428,b070ede58ddac744884ccf026b043e7b23b0e30f05cbc17029050373db8d51e4,not fixed; not saved,41.14617968,PASS,2026-09-05T13:26:58
dnn_oof_v1_fixed_5fold_10run_73configs,gpcr,GPCR,8,MSCMF__VAE__90_10,MSCMF (VAE),MSCMF,VAE,90_10,Oct-90,5,5,21185,20550,635,0.978144914,0.715,0.450393701,0.552657005,0.886375041,0.566393946,b070ede58ddac744884ccf026b043e7b23b0e30f05cbc17029050373db8d51e4,not fixed; not saved,42.09851789,PASS,2026-09-05T13:32:03
dnn_oof_v1_fixed_5fold_10run_73configs,gpcr,GPCR,8,MSCMF__VAE__90_10,MSCMF (VAE),MSCMF,VAE,90_10,Oct-90,6,5,21185,20550,635,0.978711352,0.75,0.434645669,0.550348953,0.894458839,0.565877143,b070ede58ddac744884ccf026b043e7b23b0e30f05cbc17029050373db8d51e4,not fixed; not saved,43.32995939,PASS,2026-09-05T13:37:07
dnn_oof_v1_fixed_5fold_10run_73configs,gpcr,GPCR,8,MSCMF__VAE__90_10,MSCMF (VAE),MSCMF,VAE,90_10,Oct-90,7,5,21185,20550,635,0.977814491,0.702702703,0.450393701,0.548944338,0.894815181,0.549713785,b070ede58ddac744884ccf026b043e7b23b0e30f05cbc17029050373db8d51e4,not fixed; not saved,40.86186624,PASS,2026-09-05T13:42:12
dnn_oof_v1_fixed_5fold_10run_73configs,gpcr,GPCR,8,MSCMF__VAE__90_10,MSCMF (VAE),MSCMF,VAE,90_10,Oct-90,8,5,21185,20550,635,0.97823932,0.735135135,0.428346457,0.541293532,0.886461253,0.559555185,b070ede58ddac744884ccf026b043e7b23b0e30f05cbc17029050373db8d51e4,not fixed; not saved,40.55859494,PASS,2026-09-05T13:47:19
dnn_oof_v1_fixed_5fold_10run_73configs,gpcr,GPCR,8,MSCMF__VAE__90_10,MSCMF (VAE),MSCMF,VAE,90_10,Oct-90,9,5,21185,20550,635,0.978475336,0.709601874,0.477165354,0.570621469,0.874306416,0.549270839,b070ede58ddac744884ccf026b043e7b23b0e30f05cbc17029050373db8d51e4,not fixed; not saved,41.41388822,PASS,2026-09-05T13:52:25
dnn_oof_v1_fixed_5fold_10run_73configs,gpcr,GPCR,8,MSCMF__VAE__90_10,MSCMF (VAE),MSCMF,VAE,90_10,Oct-90,10,5,21185,20550,635,0.978711352,0.711981567,0.486614173,0.578110384,0.884946874,0.562460525,b070ede58ddac744884ccf026b043e7b23b0e30f05cbc17029050373db8d51e4,not fixed; not saved,42.26140618,PASS,2026-09-05T13:57:31
dnn_oof_v1_fixed_5fold_10run_73configs,gpcr,GPCR,25,MSCMF__LatentDiffusion__50_50,Diffusion Model,MSCMF,LatentDiffusion,50_50,50/50,1,5,21185,20550,635,0.977342459,0.685851319,0.450393701,0.543726236,0.882879323,0.512257277,b070ede58ddac744884ccf026b043e7b23b0e30f05cbc17029050373db8d51e4,not fixed; not saved,64.61736226,PASS,2026-09-05T14:03:01
dnn_oof_v1_fixed_5fold_10run_73configs,gpcr,GPCR,25,MSCMF__LatentDiffusion__50_50,Diffusion Model,MSCMF,LatentDiffusion,50_50,50/50,2,5,21185,20550,635,0.977814491,0.687927107,0.475590551,0.562383613,0.888676246,0.548938277,b070ede58ddac744884ccf026b043e7b23b0e30f05cbc17029050373db8d51e4,not fixed; not saved,64.63064456,PASS,2026-09-05T14:08:30
dnn_oof_v1_fixed_5fold_10run_73configs,gpcr,GPCR,25,MSCMF__LatentDiffusion__50_50,Diffusion Model,MSCMF,LatentDiffusion,50_50,50/50,3,5,21185,20550,635,0.977153646,0.680190931,0.448818898,0.540796964,0.882105945,0.51624643,b070ede58ddac744884ccf026b043e7b23b0e30f05cbc17029050373db8d51e4,not fixed; not saved,63.68738866,PASS,2026-09-05T14:13:57
dnn_oof_v1_fixed_5fold_10run_73configs,gpcr,GPCR,25,MSCMF__LatentDiffusion__50_50,Diffusion Model,MSCMF,LatentDiffusion,50_50,50/50,4,5,21185,20550,635,0.977720085,0.724517906,0.414173228,0.527054108,0.891353449,0.524511654,b070ede58ddac744884ccf026b043e7b23b0e30f05cbc17029050373db8d51e4,not fixed; not saved,64.76578927,PASS,2026-09-05T14:19:26
dnn_oof_v1_fixed_5fold_10run_73configs,gpcr,GPCR,25,MSCMF__LatentDiffusion__50_50,Diffusion Model,MSCMF,LatentDiffusion,50_50,50/50,5,5,21185,20550,635,0.978616946,0.7275,0.458267717,0.562318841,0.884157059,0.543225271,b070ede58ddac744884ccf026b043e7b23b0e30f05cbc17029050373db8d51e4,not fixed; not saved,64.14118814,PASS,2026-09-05T14:24:54
dnn_oof_v1_fixed_5fold_10run_73configs,gpcr,GPCR,25,MSCMF__LatentDiffusion__50_50,Diffusion Model,MSCMF,LatentDiffusion,50_50,50/50,6,5,21185,20550,635,0.977814491,0.707808564,0.442519685,0.544573643,0.873544955,0.51980699,b070ede58ddac744884ccf026b043e7b23b0e30f05cbc17029050373db8d51e4,not fixed; not saved,59.70461416,PASS,2026-09-05T14:30:15
dnn_oof_v1_fixed_5fold_10run_73configs,gpcr,GPCR,25,MSCMF__LatentDiffusion__50_50,Diffusion Model,MSCMF,LatentDiffusion,50_50,50/50,7,5,21185,20550,635,0.97720085,0.677570093,0.456692913,0.545625588,0.890207522,0.508570854,b070ede58ddac744884ccf026b043e7b23b0e30f05cbc17029050373db8d51e4,not fixed; not saved,67.24389243,PASS,2026-09-05T14:35:45
dnn_oof_v1_fixed_5fold_10run_73configs,gpcr,GPCR,25,MSCMF__LatentDiffusion__50_50,Diffusion Model,MSCMF,LatentDiffusion,50_50,50/50,8,5,21185,20550,635,0.978050507,0.702380952,0.464566929,0.559241706,0.897065808,0.555302531,b070ede58ddac744884ccf026b043e7b23b0e30f05cbc17029050373db8d51e4,not fixed; not saved,62.23887897,PASS,2026-09-05T14:41:16
dnn_oof_v1_fixed_5fold_10run_73configs,gpcr,GPCR,25,MSCMF__LatentDiffusion__50_50,Diffusion Model,MSCMF,LatentDiffusion,50_50,50/50,9,5,21185,20550,635,0.977908898,0.721485411,0.428346457,0.537549407,0.868713949,0.521924918,b070ede58ddac744884ccf026b043e7b23b0e30f05cbc17029050373db8d51e4,not fixed; not saved,62.81469917,PASS,2026-09-05T14:46:45
dnn_oof_v1_fixed_5fold_10run_73configs,gpcr,GPCR,25,MSCMF__LatentDiffusion__50_50,Diffusion Model,MSCMF,LatentDiffusion,50_50,50/50,10,5,21185,20550,635,0.978097711,0.692134831,0.48503937,0.57037037,0.879804778,0.54539411,b070ede58ddac744884ccf026b043e7b23b0e30f05cbc17029050373db8d51e4,not fixed; not saved,64.21161842,PASS,2026-09-05T14:52:17
dnn_oof_v1_fixed_5fold_10run_73configs,gpcr,GPCR,26,MSCMF__LatentDiffusion__80_20,Diffusion Model,MSCMF,LatentDiffusion,80_20,80/20,1,5,21185,20550,635,0.978758556,0.721822542,0.474015748,0.572243346,0.883771596,0.532530027,b070ede58ddac744884ccf026b043e7b23b0e30f05cbc17029050373db8d51e4,not fixed; not saved,45.77826571,PASS,2026-09-05T14:57:28
dnn_oof_v1_fixed_5fold_10run_73configs,gpcr,GPCR,26,MSCMF__LatentDiffusion__80_20,Diffusion Model,MSCMF,LatentDiffusion,80_20,80/20,2,5,21185,20550,635,0.978003304,0.695150115,0.474015748,0.563670412,0.891044466,0.540574802,b070ede58ddac744884ccf026b043e7b23b0e30f05cbc17029050373db8d51e4,not fixed; not saved,45.14348769,PASS,2026-09-05T15:02:40
dnn_oof_v1_fixed_5fold_10run_73configs,gpcr,GPCR,26,MSCMF__LatentDiffusion__80_20,Diffusion Model,MSCMF,LatentDiffusion,80_20,80/20,3,5,21185,20550,635,0.978286523,0.694013304,0.492913386,0.576427256,0.883903366,0.552204029,b070ede58ddac744884ccf026b043e7b23b0e30f05cbc17029050373db8d51e4,not fixed; not saved,44.77905178,PASS,2026-09-05T15:07:52
dnn_oof_v1_fixed_5fold_10run_73configs,gpcr,GPCR,26,MSCMF__LatentDiffusion__80_20,Diffusion Model,MSCMF,LatentDiffusion,80_20,80/20,4,5,21185,20550,635,0.978003304,0.711779449,0.447244094,0.549323017,0.866871238,0.512627739,b070ede58ddac744884ccf026b043e7b23b0e30f05cbc17029050373db8d51e4,not fixed; not saved,44.94870615,PASS,2026-09-05T15:13:07
dnn_oof_v1_fixed_5fold_10run_73configs,gpcr,GPCR,26,MSCMF__LatentDiffusion__80_20,Diffusion Model,MSCMF,LatentDiffusion,80_20,80/20,5,5,21185,20550,635,0.977295256,0.683333333,0.451968504,0.544075829,0.883136157,0.521841905,b070ede58ddac744884ccf026b043e7b23b0e30f05cbc17029050373db8d51e4,not fixed; not saved,44.44374394,PASS,2026-09-05T15:18:22
dnn_oof_v1_fixed_5fold_10run_73configs,gpcr,GPCR,26,MSCMF__LatentDiffusion__80_20,Diffusion Model,MSCMF,LatentDiffusion,80_20,80/20,6,5,21185,20550,635,0.975312721,0.624444444,0.442519685,0.51797235,0.867182673,0.475056386,b070ede58ddac744884ccf026b043e7b23b0e30f05cbc17029050373db8d51e4,not fixed; not saved,44.0725863,PASS,2026-09-05T15:23:37
dnn_oof_v1_fixed_5fold_10run_73configs,gpcr,GPCR,26,MSCMF__LatentDiffusion__80_20,Diffusion Model,MSCMF,LatentDiffusion,80_20,80/20,7,5,21185,20550,635,0.978900165,0.751336898,0.442519685,0.556987116,0.895977393,0.564471884,b070ede58ddac744884ccf026b043e7b23b0e30f05cbc17029050373db8d51e4,not fixed; not saved,44.86635184,PASS,2026-09-05T15:28:52
dnn_oof_v1_fixed_5fold_10run_73configs,gpcr,GPCR,26,MSCMF__LatentDiffusion__80_20,Diffusion Model,MSCMF,LatentDiffusion,80_20,80/20,8,5,21185,20550,635,0.978758556,0.714617169,0.48503937,0.577861163,0.879178037,0.557581955,b070ede58ddac744884ccf026b043e7b23b0e30f05cbc17029050373db8d51e4,not fixed; not saved,44.93107772,PASS,2026-09-05T15:34:08
dnn_oof_v1_fixed_5fold_10run_73configs,gpcr,GPCR,26,MSCMF__LatentDiffusion__80_20,Diffusion Model,MSCMF,LatentDiffusion,80_20,80/20,9,5,21185,20550,635,0.974274251,0.587890625,0.474015748,0.524847428,0.861709753,0.49558418,b070ede58ddac744884ccf026b043e7b23b0e30f05cbc17029050373db8d51e4,not fixed; not saved,43.79508328,PASS,2026-09-05T15:39:23
dnn_oof_v1_fixed_5fold_10run_73configs,gpcr,GPCR,26,MSCMF__LatentDiffusion__80_20,Diffusion Model,MSCMF,LatentDiffusion,80_20,80/20,10,5,21185,20550,635,0.978050507,0.714646465,0.445669291,0.548981571,0.886597736,0.556646793,b070ede58ddac744884ccf026b043e7b23b0e30f05cbc17029050373db8d51e4,not fixed; not saved,45.35016537,PASS,2026-09-05T15:44:40
dnn_oof_v1_fixed_5fold_10run_73configs,gpcr,GPCR,27,MSCMF__LatentDiffusion__85_15,Diffusion Model,MSCMF,LatentDiffusion,85_15,85/15,1,5,21185,20550,635,0.975407128,0.627802691,0.440944882,0.518038853,0.888846562,0.493128383,b070ede58ddac744884ccf026b043e7b23b0e30f05cbc17029050373db8d51e4,not fixed; not saved,42.04752636,PASS,2026-09-05T15:49:56
dnn_oof_v1_fixed_5fold_10run_73configs,gpcr,GPCR,27,MSCMF__LatentDiffusion__85_15,Diffusion Model,MSCMF,LatentDiffusion,85_15,85/15,2,5,21185,20550,635,0.978852962,0.722090261,0.478740157,0.575757576,0.89576604,0.559582503,b070ede58ddac744884ccf026b043e7b23b0e30f05cbc17029050373db8d51e4,not fixed; not saved,43.10947204,PASS,2026-09-05T15:55:11
dnn_oof_v1_fixed_5fold_10run_73configs,gpcr,GPCR,27,MSCMF__LatentDiffusion__85_15,Diffusion Model,MSCMF,LatentDiffusion,85_15,85/15,3,5,21185,20550,635,0.978144914,0.703791469,0.467716535,0.561967833,0.86872211,0.546170736,b070ede58ddac744884ccf026b043e7b23b0e30f05cbc17029050373db8d51e4,not fixed; not saved,42.96993279,PASS,2026-09-05T16:00:25
dnn_oof_v1_fixed_5fold_10run_73configs,gpcr,GPCR,27,MSCMF__LatentDiffusion__85_15,Diffusion Model,MSCMF,LatentDiffusion,85_15,85/15,4,5,21185,20550,635,0.978664149,0.708428246,0.48976378,0.579143389,0.889845164,0.568375586,b070ede58ddac744884ccf026b043e7b23b0e30f05cbc17029050373db8d51e4,not fixed; not saved,44.12228012,PASS,2026-09-05T16:05:40
dnn_oof_v1_fixed_5fold_10run_73configs,gpcr,GPCR,27,MSCMF__LatentDiffusion__85_15,Diffusion Model,MSCMF,LatentDiffusion,85_15,85/15,5,5,21185,20550,635,0.97956101,0.74754902,0.480314961,0.58485139,0.889304098,0.566100954,b070ede58ddac744884ccf026b043e7b23b0e30f05cbc17029050373db8d51e4,not fixed; not saved,42.17437649,PASS,2026-09-05T16:10:58
dnn_oof_v1_fixed_5fold_10run_73configs,gpcr,GPCR,27,MSCMF__LatentDiffusion__85_15,Diffusion Model,MSCMF,LatentDiffusion,85_15,85/15,6,5,21185,20550,635,0.976492802,0.644820296,0.480314961,0.550541516,0.880013066,0.515301586,b070ede58ddac744884ccf026b043e7b23b0e30f05cbc17029050373db8d51e4,not fixed; not saved,41.87803197,PASS,2026-09-05T16:16:11
dnn_oof_v1_fixed_5fold_10run_73configs,gpcr,GPCR,27,MSCMF__LatentDiffusion__85_15,Diffusion Model,MSCMF,LatentDiffusion,85_15,85/15,7,5,21185,20550,635,0.978003304,0.685714286,0.491338583,0.572477064,0.875520471,0.545079111,b070ede58ddac744884ccf026b043e7b23b0e30f05cbc17029050373db8d51e4,not fixed; not saved,44.29787636,PASS,2026-09-05T16:21:26
dnn_oof_v1_fixed_5fold_10run_73configs,gpcr,GPCR,27,MSCMF__LatentDiffusion__85_15,Diffusion Model,MSCMF,LatentDiffusion,85_15,85/15,8,5,21185,20550,635,0.977956101,0.71761658,0.436220472,0.542605289,0.882492404,0.519690079,b070ede58ddac744884ccf026b043e7b23b0e30f05cbc17029050373db8d51e4,not fixed; not saved,42.28026795,PASS,2026-09-05T16:26:43
dnn_oof_v1_fixed_5fold_10run_73configs,gpcr,GPCR,27,MSCMF__LatentDiffusion__85_15,Diffusion Model,MSCMF,LatentDiffusion,85_15,85/15,9,5,21185,20550,635,0.978333727,0.710526316,0.467716535,0.564102564,0.877499397,0.553565316,b070ede58ddac744884ccf026b043e7b23b0e30f05cbc17029050373db8d51e4,not fixed; not saved,42.00247431,PASS,2026-09-05T16:32:00
dnn_oof_v1_fixed_5fold_10run_73configs,gpcr,GPCR,27,MSCMF__LatentDiffusion__85_15,Diffusion Model,MSCMF,LatentDiffusion,85_15,85/15,10,5,21185,20550,635,0.978003304,0.707616708,0.453543307,0.552783109,0.891128686,0.549295282,b070ede58ddac744884ccf026b043e7b23b0e30f05cbc17029050373db8d51e4,not fixed; not saved,43.97244573,PASS,2026-09-05T16:37:18
dnn_oof_v1_fixed_5fold_10run_73configs,gpcr,GPCR,28,MSCMF__LatentDiffusion__90_10,Diffusion Model,MSCMF,LatentDiffusion,90_10,Oct-90,1,5,21185,20550,635,0.979136181,0.741854637,0.466141732,0.572533849,0.885878575,0.556428572,b070ede58ddac744884ccf026b043e7b23b0e30f05cbc17029050373db8d51e4,not fixed; not saved,40.74368024,PASS,2026-09-05T16:42:36
dnn_oof_v1_fixed_5fold_10run_73configs,gpcr,GPCR,28,MSCMF__LatentDiffusion__90_10,Diffusion Model,MSCMF,LatentDiffusion,90_10,Oct-90,2,5,21185,20550,635,0.978475336,0.749303621,0.423622047,0.541247485,0.889696151,0.567820911,b070ede58ddac744884ccf026b043e7b23b0e30f05cbc17029050373db8d51e4,not fixed; not saved,41.93107414,PASS,2026-09-05T16:47:56
dnn_oof_v1_fixed_5fold_10run_73configs,gpcr,GPCR,28,MSCMF__LatentDiffusion__90_10,Diffusion Model,MSCMF,LatentDiffusion,90_10,Oct-90,3,5,21185,20550,635,0.97705924,0.697612732,0.414173228,0.519762846,0.885368048,0.520458523,b070ede58ddac744884ccf026b043e7b23b0e30f05cbc17029050373db8d51e4,not fixed; not saved,41.30679631,PASS,2026-09-05T16:53:13
dnn_oof_v1_fixed_5fold_10run_73configs,gpcr,GPCR,28,MSCMF__LatentDiffusion__90_10,Diffusion Model,MSCMF,LatentDiffusion,90_10,Oct-90,4,5,21185,20550,635,0.978758556,0.715617716,0.483464567,0.577067669,0.887544878,0.549615052,b070ede58ddac744884ccf026b043e7b23b0e30f05cbc17029050373db8d51e4,not fixed; not saved,41.19707131,PASS,2026-09-05T16:58:31
dnn_oof_v1_fixed_5fold_10run_73configs,gpcr,GPCR,28,MSCMF__LatentDiffusion__90_10,Diffusion Model,MSCMF,LatentDiffusion,90_10,Oct-90,5,5,21185,20550,635,0.978805759,0.729064039,0.466141732,0.568683958,0.883106692,0.547653925,b070ede58ddac744884ccf026b043e7b23b0e30f05cbc17029050373db8d51e4,not fixed; not saved,40.79065323,PASS,2026-09-05T17:03:47
dnn_oof_v1_fixed_5fold_10run_73configs,gpcr,GPCR,28,MSCMF__LatentDiffusion__90_10,Diffusion Model,MSCMF,LatentDiffusion,90_10,Oct-90,6,5,21185,20550,635,0.977861695,0.7075,0.445669291,0.546859903,0.864908405,0.53173871,b070ede58ddac744884ccf026b043e7b23b0e30f05cbc17029050373db8d51e4,not fixed; not saved,42.24800253,PASS,2026-09-05T17:09:02
dnn_oof_v1_fixed_5fold_10run_73configs,gpcr,GPCR,28,MSCMF__LatentDiffusion__90_10,Diffusion Model,MSCMF,LatentDiffusion,90_10,Oct-90,7,5,21185,20550,635,0.978664149,0.745308311,0.437795276,0.551587302,0.897312719,0.553480671,b070ede58ddac744884ccf026b043e7b23b0e30f05cbc17029050373db8d51e4,not fixed; not saved,43.84631181,PASS,2026-09-05T17:14:19
dnn_oof_v1_fixed_5fold_10run_73configs,gpcr,GPCR,28,MSCMF__LatentDiffusion__90_10,Diffusion Model,MSCMF,LatentDiffusion,90_10,Oct-90,8,5,21185,20550,635,0.97705924,0.69250646,0.422047244,0.52446184,0.869671284,0.505247543,b070ede58ddac744884ccf026b043e7b23b0e30f05cbc17029050373db8d51e4,not fixed; not saved,41.89371109,PASS,2026-09-05T17:19:39
dnn_oof_v1_fixed_5fold_10run_73configs,gpcr,GPCR,28,MSCMF__LatentDiffusion__90_10,Diffusion Model,MSCMF,LatentDiffusion,90_10,Oct-90,9,5,21185,20550,635,0.978805759,0.736040609,0.456692913,0.563654033,0.878307106,0.551309241,b070ede58ddac744884ccf026b043e7b23b0e30f05cbc17029050373db8d51e4,not fixed; not saved,41.16300988,PASS,2026-09-05T17:24:58
dnn_oof_v1_fixed_5fold_10run_73configs,gpcr,GPCR,28,MSCMF__LatentDiffusion__90_10,Diffusion Model,MSCMF,LatentDiffusion,90_10,Oct-90,10,5,21185,20550,635,0.978428133,0.710900474,0.472440945,0.567644276,0.87452003,0.542142416,b070ede58ddac744884ccf026b043e7b23b0e30f05cbc17029050373db8d51e4,not fixed; not saved,42.90936327,PASS,2026-09-05T17:30:18
dnn_oof_v1_fixed_5fold_10run_73configs,gpcr,GPCR,29,MSCMF__ADASYN__50_50,ADASYN,MSCMF,ADASYN,50_50,50/50,1,5,21185,20550,635,0.977342459,0.694235589,0.436220472,0.535783366,0.889927582,0.507432239,b070ede58ddac744884ccf026b043e7b23b0e30f05cbc17029050373db8d51e4,not fixed; not saved,64.14238906,PASS,2026-09-05T17:36:01
dnn_oof_v1_fixed_5fold_10run_73configs,gpcr,GPCR,29,MSCMF__ADASYN__50_50,ADASYN,MSCMF,ADASYN,50_50,50/50,2,5,21185,20550,635,0.976964834,0.668965517,0.458267717,0.543925234,0.892419219,0.534438296,b070ede58ddac744884ccf026b043e7b23b0e30f05cbc17029050373db8d51e4,not fixed; not saved,64.64720249,PASS,2026-09-05T17:41:39
dnn_oof_v1_fixed_5fold_10run_73configs,gpcr,GPCR,29,MSCMF__ADASYN__50_50,ADASYN,MSCMF,ADASYN,50_50,50/50,3,5,21185,20550,635,0.978097711,0.706024096,0.461417323,0.558095238,0.890092381,0.524234864,b070ede58ddac744884ccf026b043e7b23b0e30f05cbc17029050373db8d51e4,not fixed; not saved,62.8390007,PASS,2026-09-05T17:47:20
dnn_oof_v1_fixed_5fold_10run_73configs,gpcr,GPCR,29,MSCMF__ADASYN__50_50,ADASYN,MSCMF,ADASYN,50_50,50/50,4,5,21185,20550,635,0.978569743,0.712941176,0.477165354,0.571698113,0.895927084,0.546389901,b070ede58ddac744884ccf026b043e7b23b0e30f05cbc17029050373db8d51e4,not fixed; not saved,63.68220592,PASS,2026-09-05T17:53:03
dnn_oof_v1_fixed_5fold_10run_73configs,gpcr,GPCR,29,MSCMF__ADASYN__50_50,ADASYN,MSCMF,ADASYN,50_50,50/50,5,5,21185,20550,635,0.97823932,0.706161137,0.469291339,0.563859981,0.894320976,0.533866021,b070ede58ddac744884ccf026b043e7b23b0e30f05cbc17029050373db8d51e4,not fixed; not saved,62.72148299,PASS,2026-09-05T17:58:46
dnn_oof_v1_fixed_5fold_10run_73configs,gpcr,GPCR,29,MSCMF__ADASYN__50_50,ADASYN,MSCMF,ADASYN,50_50,50/50,6,5,21185,20550,635,0.972952561,0.554006969,0.500787402,0.526054591,0.880533939,0.498260872,b070ede58ddac744884ccf026b043e7b23b0e30f05cbc17029050373db8d51e4,not fixed; not saved,65.23805213,PASS,2026-09-05T18:04:29
dnn_oof_v1_fixed_5fold_10run_73configs,gpcr,GPCR,29,MSCMF__ADASYN__50_50,ADASYN,MSCMF,ADASYN,50_50,50/50,7,5,21185,20550,635,0.978003304,0.712846348,0.445669291,0.548449612,0.89019185,0.519092134,b070ede58ddac744884ccf026b043e7b23b0e30f05cbc17029050373db8d51e4,not fixed; not saved,63.85450268,PASS,2026-09-05T18:10:13
dnn_oof_v1_fixed_5fold_10run_73configs,gpcr,GPCR,29,MSCMF__ADASYN__50_50,ADASYN,MSCMF,ADASYN,50_50,50/50,8,5,21185,20550,635,0.978144914,0.706730769,0.462992126,0.559467174,0.896883691,0.531817989,b070ede58ddac744884ccf026b043e7b23b0e30f05cbc17029050373db8d51e4,not fixed; not saved,63.0155654,PASS,2026-09-05T18:15:58
dnn_oof_v1_fixed_5fold_10run_73configs,gpcr,GPCR,29,MSCMF__ADASYN__50_50,ADASYN,MSCMF,ADASYN,50_50,50/50,9,5,21185,20550,635,0.978616946,0.720873786,0.467716535,0.567335244,0.885004847,0.537136267,b070ede58ddac744884ccf026b043e7b23b0e30f05cbc17029050373db8d51e4,not fixed; not saved,64.18540239,PASS,2026-09-05T18:21:41
dnn_oof_v1_fixed_5fold_10run_73configs,gpcr,GPCR,29,MSCMF__ADASYN__50_50,ADASYN,MSCMF,ADASYN,50_50,50/50,10,5,21185,20550,635,0.977767288,0.684684685,0.478740157,0.563484708,0.878115026,0.523402594,b070ede58ddac744884ccf026b043e7b23b0e30f05cbc17029050373db8d51e4,not fixed; not saved,63.99312782,PASS,2026-09-05T18:27:25
dnn_oof_v1_fixed_5fold_10run_73configs,gpcr,GPCR,30,MSCMF__ADASYN__80_20,ADASYN,MSCMF,ADASYN,80_20,80/20,1,5,21185,20550,635,0.977861695,0.700483092,0.456692913,0.552907531,0.886629576,0.544471802,b070ede58ddac744884ccf026b043e7b23b0e30f05cbc17029050373db8d51e4,not fixed; not saved,46.32646632,PASS,2026-09-05T18:32:49
dnn_oof_v1_fixed_5fold_10run_73configs,gpcr,GPCR,30,MSCMF__ADASYN__80_20,ADASYN,MSCMF,ADASYN,80_20,80/20,2,5,21185,20550,635,0.978994572,0.74611399,0.453543307,0.564152791,0.892426308,0.553628032,b070ede58ddac744884ccf026b043e7b23b0e30f05cbc17029050373db8d51e4,not fixed; not saved,46.57608509,PASS,2026-09-05T18:38:18
dnn_oof_v1_fixed_5fold_10run_73configs,gpcr,GPCR,30,MSCMF__ADASYN__80_20,ADASYN,MSCMF,ADASYN,80_20,80/20,3,5,21185,20550,635,0.979277791,0.743781095,0.470866142,0.576663452,0.899458015,0.564384838,b070ede58ddac744884ccf026b043e7b23b0e30f05cbc17029050373db8d51e4,not fixed; not saved,45.11163807,PASS,2026-09-05T18:43:46
dnn_oof_v1_fixed_5fold_10run_73configs,gpcr,GPCR,30,MSCMF__ADASYN__80_20,ADASYN,MSCMF,ADASYN,80_20,80/20,4,5,21185,20550,635,0.978947368,0.727710843,0.475590551,0.575238095,0.887280878,0.561896344,b070ede58ddac744884ccf026b043e7b23b0e30f05cbc17029050373db8d51e4,not fixed; not saved,44.47983932,PASS,2026-09-05T18:49:13
dnn_oof_v1_fixed_5fold_10run_73configs,gpcr,GPCR,30,MSCMF__ADASYN__80_20,ADASYN,MSCMF,ADASYN,80_20,80/20,5,5,21185,20550,635,0.977578475,0.680995475,0.474015748,0.558960074,0.879901795,0.54518479,b070ede58ddac744884ccf026b043e7b23b0e30f05cbc17029050373db8d51e4,not fixed; not saved,44.27143908,PASS,2026-09-05T18:54:42
dnn_oof_v1_fixed_5fold_10run_73configs,gpcr,GPCR,30,MSCMF__ADASYN__80_20,ADASYN,MSCMF,ADASYN,80_20,80/20,6,5,21185,20550,635,0.977531272,0.678651685,0.475590551,0.559259259,0.878043527,0.537125162,b070ede58ddac744884ccf026b043e7b23b0e30f05cbc17029050373db8d51e4,not fixed; not saved,44.24514055,PASS,2026-09-05T19:00:11
dnn_oof_v1_fixed_5fold_10run_73configs,gpcr,GPCR,30,MSCMF__ADASYN__80_20,ADASYN,MSCMF,ADASYN,80_20,80/20,7,5,21185,20550,635,0.978569743,0.726817043,0.456692913,0.560928433,0.891613771,0.553156258,b070ede58ddac744884ccf026b043e7b23b0e30f05cbc17029050373db8d51e4,not fixed; not saved,44.07470632,PASS,2026-09-05T19:05:39
dnn_oof_v1_fixed_5fold_10run_73configs,gpcr,GPCR,30,MSCMF__ADASYN__80_20,ADASYN,MSCMF,ADASYN,80_20,80/20,8,5,21185,20550,635,0.979136181,0.731414868,0.480314961,0.579847909,0.895735924,0.58224861,b070ede58ddac744884ccf026b043e7b23b0e30f05cbc17029050373db8d51e4,not fixed; not saved,44.51401615,PASS,2026-09-05T19:11:08
dnn_oof_v1_fixed_5fold_10run_73configs,gpcr,GPCR,30,MSCMF__ADASYN__80_20,ADASYN,MSCMF,ADASYN,80_20,80/20,9,5,21185,20550,635,0.978569743,0.731457801,0.450393701,0.557504873,0.88778834,0.550825795,b070ede58ddac744884ccf026b043e7b23b0e30f05cbc17029050373db8d51e4,not fixed; not saved,45.43776274,PASS,2026-09-05T19:16:35
dnn_oof_v1_fixed_5fold_10run_73configs,gpcr,GPCR,30,MSCMF__ADASYN__80_20,ADASYN,MSCMF,ADASYN,80_20,80/20,10,5,21185,20550,635,0.97852254,0.709302326,0.480314961,0.572769953,0.885322566,0.55602527,b070ede58ddac744884ccf026b043e7b23b0e30f05cbc17029050373db8d51e4,not fixed; not saved,44.77559924,PASS,2026-09-05T19:22:04
dnn_oof_v1_fixed_5fold_10run_73configs,gpcr,GPCR,31,MSCMF__ADASYN__85_15,ADASYN,MSCMF,ADASYN,85_15,85/15,1,5,21185,20550,635,0.977012037,0.671296296,0.456692913,0.543580131,0.881028488,0.514307433,b070ede58ddac744884ccf026b043e7b23b0e30f05cbc17029050373db8d51e4,not fixed; not saved,42.66120863,PASS,2026-09-05T19:27:30
dnn_oof_v1_fixed_5fold_10run_73configs,gpcr,GPCR,31,MSCMF__ADASYN__85_15,ADASYN,MSCMF,ADASYN,85_15,85/15,2,5,21185,20550,635,0.978050507,0.70531401,0.45984252,0.556720686,0.889968274,0.560414443,b070ede58ddac744884ccf026b043e7b23b0e30f05cbc17029050373db8d51e4,not fixed; not saved,43.78406811,PASS,2026-09-05T19:32:54
dnn_oof_v1_fixed_5fold_10run_73configs,gpcr,GPCR,31,MSCMF__ADASYN__85_15,ADASYN,MSCMF,ADASYN,85_15,85/15,3,5,21185,20550,635,0.978711352,0.731155779,0.458267717,0.563407551,0.892895914,0.555403759,b070ede58ddac744884ccf026b043e7b23b0e30f05cbc17029050373db8d51e4,not fixed; not saved,43.45608854,PASS,2026-09-05T19:38:21
dnn_oof_v1_fixed_5fold_10run_73configs,gpcr,GPCR,31,MSCMF__ADASYN__85_15,ADASYN,MSCMF,ADASYN,85_15,85/15,4,5,21185,20550,635,0.978994572,0.729468599,0.475590551,0.575786463,0.893567523,0.555829596,b070ede58ddac744884ccf026b043e7b23b0e30f05cbc17029050373db8d51e4,not fixed; not saved,43.31841993,PASS,2026-09-05T19:43:50
dnn_oof_v1_fixed_5fold_10run_73configs,gpcr,GPCR,31,MSCMF__ADASYN__85_15,ADASYN,MSCMF,ADASYN,85_15,85/15,5,5,21185,20550,635,0.978664149,0.736434109,0.448818898,0.557729941,0.888722724,0.553221845,b070ede58ddac744884ccf026b043e7b23b0e30f05cbc17029050373db8d51e4,not fixed; not saved,43.38541007,PASS,2026-09-05T19:49:19
dnn_oof_v1_fixed_5fold_10run_73configs,gpcr,GPCR,31,MSCMF__ADASYN__85_15,ADASYN,MSCMF,ADASYN,85_15,85/15,6,5,21185,20550,635,0.978758556,0.725060827,0.469291339,0.569789675,0.887667414,0.551768211,b070ede58ddac744884ccf026b043e7b23b0e30f05cbc17029050373db8d51e4,not fixed; not saved,43.92272186,PASS,2026-09-05T19:54:48
dnn_oof_v1_fixed_5fold_10run_73configs,gpcr,GPCR,31,MSCMF__ADASYN__85_15,ADASYN,MSCMF,ADASYN,85_15,85/15,7,5,21185,20550,635,0.978050507,0.699530516,0.469291339,0.561734213,0.885842366,0.544022201,b070ede58ddac744884ccf026b043e7b23b0e30f05cbc17029050373db8d51e4,not fixed; not saved,41.3081286,PASS,2026-09-05T20:00:18
dnn_oof_v1_fixed_5fold_10run_73configs,gpcr,GPCR,31,MSCMF__ADASYN__85_15,ADASYN,MSCMF,ADASYN,85_15,85/15,8,5,21185,20550,635,0.979513807,0.763779528,0.458267717,0.572834646,0.894439565,0.555147169,b070ede58ddac744884ccf026b043e7b23b0e30f05cbc17029050373db8d51e4,not fixed; not saved,41.70477319,PASS,2026-09-05T20:05:48
dnn_oof_v1_fixed_5fold_10run_73configs,gpcr,GPCR,31,MSCMF__ADASYN__85_15,ADASYN,MSCMF,ADASYN,85_15,85/15,9,5,21185,20550,635,0.979230588,0.719101124,0.503937008,0.592592593,0.890636742,0.558697792,b070ede58ddac744884ccf026b043e7b23b0e30f05cbc17029050373db8d51e4,not fixed; not saved,42.92180085,PASS,2026-09-05T20:11:17
dnn_oof_v1_fixed_5fold_10run_73configs,gpcr,GPCR,31,MSCMF__ADASYN__85_15,ADASYN,MSCMF,ADASYN,85_15,85/15,10,5,21185,20550,635,0.979372197,0.734597156,0.488188976,0.586565752,0.892362933,0.556519302,b070ede58ddac744884ccf026b043e7b23b0e30f05cbc17029050373db8d51e4,not fixed; not saved,44.55948496,PASS,2026-09-05T20:16:48
dnn_oof_v1_fixed_5fold_10run_73configs,gpcr,GPCR,32,MSCMF__ADASYN__90_10,ADASYN,MSCMF,ADASYN,90_10,Oct-90,1,5,21185,20550,635,0.979136181,0.730310263,0.481889764,0.580645161,0.88189781,0.566188864,b070ede58ddac744884ccf026b043e7b23b0e30f05cbc17029050373db8d51e4,not fixed; not saved,40.87023211,PASS,2026-09-05T20:22:18
dnn_oof_v1_fixed_5fold_10run_73configs,gpcr,GPCR,32,MSCMF__ADASYN__90_10,ADASYN,MSCMF,ADASYN,90_10,Oct-90,2,5,21185,20550,635,0.978428133,0.713942308,0.467716535,0.565176023,0.886555013,0.560172719,b070ede58ddac744884ccf026b043e7b23b0e30f05cbc17029050373db8d51e4,not fixed; not saved,42.32513714,PASS,2026-09-05T20:27:46
dnn_oof_v1_fixed_5fold_10run_73configs,gpcr,GPCR,32,MSCMF__ADASYN__90_10,ADASYN,MSCMF,ADASYN,90_10,Oct-90,3,5,21185,20550,635,0.979749823,0.768229167,0.464566929,0.578999019,0.884179857,0.569836581,b070ede58ddac744884ccf026b043e7b23b0e30f05cbc17029050373db8d51e4,not fixed; not saved,41.46782279,PASS,2026-09-05T20:33:17
dnn_oof_v1_fixed_5fold_10run_73configs,gpcr,GPCR,32,MSCMF__ADASYN__90_10,ADASYN,MSCMF,ADASYN,90_10,Oct-90,4,5,21185,20550,635,0.978711352,0.704444444,0.499212598,0.584331797,0.884509493,0.547410224,b070ede58ddac744884ccf026b043e7b23b0e30f05cbc17029050373db8d51e4,not fixed; not saved,40.64757228,PASS,2026-09-05T20:38:50
dnn_oof_v1_fixed_5fold_10run_73configs,gpcr,GPCR,32,MSCMF__ADASYN__90_10,ADASYN,MSCMF,ADASYN,90_10,Oct-90,5,5,21185,20550,635,0.979419401,0.744471744,0.477165354,0.581573896,0.877328889,0.544598804,b070ede58ddac744884ccf026b043e7b23b0e30f05cbc17029050373db8d51e4,not fixed; not saved,41.71125507,PASS,2026-09-05T20:44:24
dnn_oof_v1_fixed_5fold_10run_73configs,gpcr,GPCR,32,MSCMF__ADASYN__90_10,ADASYN,MSCMF,ADASYN,90_10,Oct-90,6,5,21185,20550,635,0.977012037,0.661572052,0.477165354,0.554437328,0.876429986,0.535684539,b070ede58ddac744884ccf026b043e7b23b0e30f05cbc17029050373db8d51e4,not fixed; not saved,42.56219649,PASS,2026-09-05T20:49:54
dnn_oof_v1_fixed_5fold_10run_73configs,gpcr,GPCR,32,MSCMF__ADASYN__90_10,ADASYN,MSCMF,ADASYN,90_10,Oct-90,7,5,21185,20550,635,0.977625679,0.693975904,0.453543307,0.548571429,0.893387359,0.550728833,b070ede58ddac744884ccf026b043e7b23b0e30f05cbc17029050373db8d51e4,not fixed; not saved,40.6622088,PASS,2026-09-05T20:55:25
dnn_oof_v1_fixed_5fold_10run_73configs,gpcr,GPCR,32,MSCMF__ADASYN__90_10,ADASYN,MSCMF,ADASYN,90_10,Oct-90,8,5,21185,20550,635,0.978428133,0.701357466,0.488188976,0.575673166,0.88703163,0.559539778,b070ede58ddac744884ccf026b043e7b23b0e30f05cbc17029050373db8d51e4,not fixed; not saved,41.02579951,PASS,2026-09-05T21:00:58
dnn_oof_v1_fixed_5fold_10run_73configs,gpcr,GPCR,32,MSCMF__ADASYN__90_10,ADASYN,MSCMF,ADASYN,90_10,Oct-90,9,5,21185,20550,635,0.978333727,0.715686275,0.45984252,0.559923298,0.88908512,0.547405541,b070ede58ddac744884ccf026b043e7b23b0e30f05cbc17029050373db8d51e4,not fixed; not saved,41.03046298,PASS,2026-09-05T21:06:30
dnn_oof_v1_fixed_5fold_10run_73configs,gpcr,GPCR,32,MSCMF__ADASYN__90_10,ADASYN,MSCMF,ADASYN,90_10,Oct-90,10,5,21185,20550,635,0.979324994,0.726436782,0.497637795,0.590654206,0.886288369,0.559370339,b070ede58ddac744884ccf026b043e7b23b0e30f05cbc17029050373db8d51e4,not fixed; not saved,41.71389341,PASS,2026-09-05T21:12:00
dnn_oof_v1_fixed_5fold_10run_73configs,gpcr,GPCR,33,MSCMF__LatentSampling__50_50,Latent Sampling,MSCMF,LatentSampling,50_50,50/50,1,5,21185,20550,635,0.976162379,0.63,0.496062992,0.555066079,0.85770301,0.5228483,b070ede58ddac744884ccf026b043e7b23b0e30f05cbc17029050373db8d51e4,not fixed; not saved,61.93498993,PASS,2026-09-05T21:17:55
dnn_oof_v1_fixed_5fold_10run_73configs,gpcr,GPCR,33,MSCMF__LatentSampling__50_50,Latent Sampling,MSCMF,LatentSampling,50_50,50/50,2,5,21185,20550,635,0.977153646,0.679334917,0.450393701,0.541666667,0.873884859,0.520661074,b070ede58ddac744884ccf026b043e7b23b0e30f05cbc17029050373db8d51e4,not fixed; not saved,63.89313555,PASS,2026-09-05T21:23:50
dnn_oof_v1_fixed_5fold_10run_73configs,gpcr,GPCR,33,MSCMF__LatentSampling__50_50,Latent Sampling,MSCMF,LatentSampling,50_50,50/50,3,5,21185,20550,635,0.977436866,0.682134571,0.462992126,0.551594747,0.865848152,0.521672781,b070ede58ddac744884ccf026b043e7b23b0e30f05cbc17029050373db8d51e4,not fixed; not saved,64.78572822,PASS,2026-09-05T21:29:45
dnn_oof_v1_fixed_5fold_10run_73configs,gpcr,GPCR,33,MSCMF__LatentSampling__50_50,Latent Sampling,MSCMF,LatentSampling,50_50,50/50,4,5,21185,20550,635,0.97691763,0.660792952,0.472440945,0.550964187,0.870656245,0.514392723,b070ede58ddac744884ccf026b043e7b23b0e30f05cbc17029050373db8d51e4,not fixed; not saved,62.96117473,PASS,2026-09-05T21:35:39
dnn_oof_v1_fixed_5fold_10run_73configs,gpcr,GPCR,33,MSCMF__LatentSampling__50_50,Latent Sampling,MSCMF,LatentSampling,50_50,50/50,5,5,21185,20550,635,0.97720085,0.675925926,0.45984252,0.54732896,0.870473935,0.499832437,b070ede58ddac744884ccf026b043e7b23b0e30f05cbc17029050373db8d51e4,not fixed; not saved,65.10089517,PASS,2026-09-05T21:41:31
dnn_oof_v1_fixed_5fold_10run_73configs,gpcr,GPCR,33,MSCMF__LatentSampling__50_50,Latent Sampling,MSCMF,LatentSampling,50_50,50/50,6,5,21185,20550,635,0.975265518,0.636363636,0.407874016,0.497120921,0.86546108,0.480484868,b070ede58ddac744884ccf026b043e7b23b0e30f05cbc17029050373db8d51e4,not fixed; not saved,62.36427951,PASS,2026-09-05T21:47:27
dnn_oof_v1_fixed_5fold_10run_73configs,gpcr,GPCR,33,MSCMF__LatentSampling__50_50,Latent Sampling,MSCMF,LatentSampling,50_50,50/50,7,5,21185,20550,635,0.977908898,0.692840647,0.472440945,0.561797753,0.883085311,0.527701675,b070ede58ddac744884ccf026b043e7b23b0e30f05cbc17029050373db8d51e4,not fixed; not saved,65.44534183,PASS,2026-09-05T21:53:38
dnn_oof_v1_fixed_5fold_10run_73configs,gpcr,GPCR,33,MSCMF__LatentSampling__50_50,Latent Sampling,MSCMF,LatentSampling,50_50,50/50,8,5,21185,20550,635,0.975218315,0.609126984,0.483464567,0.539069359,0.867172749,0.500209281,b070ede58ddac744884ccf026b043e7b23b0e30f05cbc17029050373db8d51e4,not fixed; not saved,63.80930853,PASS,2026-09-05T21:59:39
dnn_oof_v1_fixed_5fold_10run_73configs,gpcr,GPCR,33,MSCMF__LatentSampling__50_50,Latent Sampling,MSCMF,LatentSampling,50_50,50/50,9,5,21185,20550,635,0.977153646,0.673563218,0.461417323,0.547663551,0.872455735,0.505815536,b070ede58ddac744884ccf026b043e7b23b0e30f05cbc17029050373db8d51e4,not fixed; not saved,64.24436736,PASS,2026-09-05T22:05:36
dnn_oof_v1_fixed_5fold_10run_73configs,gpcr,GPCR,33,MSCMF__LatentSampling__50_50,Latent Sampling,MSCMF,LatentSampling,50_50,50/50,10,5,21185,20550,635,0.977153646,0.671981777,0.464566929,0.549348231,0.874624825,0.507630355,b070ede58ddac744884ccf026b043e7b23b0e30f05cbc17029050373db8d51e4,not fixed; not saved,65.18407822,PASS,2026-09-05T22:11:33
dnn_oof_v1_fixed_5fold_10run_73configs,gpcr,GPCR,34,MSCMF__LatentSampling__80_20,Latent Sampling,MSCMF,LatentSampling,80_20,80/20,1,5,21185,20550,635,0.978994572,0.725118483,0.481889764,0.578997162,0.882472058,0.563485407,b070ede58ddac744884ccf026b043e7b23b0e30f05cbc17029050373db8d51e4,not fixed; not saved,43.9380064,PASS,2026-09-05T22:17:07
dnn_oof_v1_fixed_5fold_10run_73configs,gpcr,GPCR,34,MSCMF__LatentSampling__80_20,Latent Sampling,MSCMF,LatentSampling,80_20,80/20,2,5,21185,20550,635,0.97838093,0.702517162,0.483464567,0.572761194,0.880831772,0.554129157,b070ede58ddac744884ccf026b043e7b23b0e30f05cbc17029050373db8d51e4,not fixed; not saved,43.67652392,PASS,2026-09-05T22:22:41
dnn_oof_v1_fixed_5fold_10run_73configs,gpcr,GPCR,34,MSCMF__LatentSampling__80_20,Latent Sampling,MSCMF,LatentSampling,80_20,80/20,3,5,21185,20550,635,0.978286523,0.696629213,0.488188976,0.574074074,0.870687856,0.521546323,b070ede58ddac744884ccf026b043e7b23b0e30f05cbc17029050373db8d51e4,not fixed; not saved,46.2419517,PASS,2026-09-05T22:28:21
dnn_oof_v1_fixed_5fold_10run_73configs,gpcr,GPCR,34,MSCMF__LatentSampling__80_20,Latent Sampling,MSCMF,LatentSampling,80_20,80/20,4,5,21185,20550,635,0.978003304,0.684901532,0.492913386,0.573260073,0.870258444,0.531676517,b070ede58ddac744884ccf026b043e7b23b0e30f05cbc17029050373db8d51e4,not fixed; not saved,46.65460539,PASS,2026-09-05T22:34:01
dnn_oof_v1_fixed_5fold_10run_73configs,gpcr,GPCR,34,MSCMF__LatentSampling__80_20,Latent Sampling,MSCMF,LatentSampling,80_20,80/20,5,5,21185,20550,635,0.977814491,0.68707483,0.477165354,0.563197026,0.885146081,0.529002878,b070ede58ddac744884ccf026b043e7b23b0e30f05cbc17029050373db8d51e4,not fixed; not saved,47.95278573,PASS,2026-09-05T22:39:37
dnn_oof_v1_fixed_5fold_10run_73configs,gpcr,GPCR,34,MSCMF__LatentSampling__80_20,Latent Sampling,MSCMF,LatentSampling,80_20,80/20,6,5,21185,20550,635,0.978144914,0.691111111,0.48976378,0.573271889,0.875291492,0.53692759,b070ede58ddac744884ccf026b043e7b23b0e30f05cbc17029050373db8d51e4,not fixed; not saved,47.51321292,PASS,2026-09-05T22:45:14
dnn_oof_v1_fixed_5fold_10run_73configs,gpcr,GPCR,34,MSCMF__LatentSampling__80_20,Latent Sampling,MSCMF,LatentSampling,80_20,80/20,7,5,21185,20550,635,0.978475336,0.71990172,0.461417323,0.562380038,0.875870912,0.531210897,b070ede58ddac744884ccf026b043e7b23b0e30f05cbc17029050373db8d51e4,not fixed; not saved,45.87879944,PASS,2026-09-05T22:50:53
dnn_oof_v1_fixed_5fold_10run_73configs,gpcr,GPCR,34,MSCMF__LatentSampling__80_20,Latent Sampling,MSCMF,LatentSampling,80_20,80/20,8,5,21185,20550,635,0.977295256,0.675799087,0.466141732,0.551724138,0.886175681,0.520551193,b070ede58ddac744884ccf026b043e7b23b0e30f05cbc17029050373db8d51e4,not fixed; not saved,43.98570347,PASS,2026-09-05T22:56:29
dnn_oof_v1_fixed_5fold_10run_73configs,gpcr,GPCR,34,MSCMF__LatentSampling__80_20,Latent Sampling,MSCMF,LatentSampling,80_20,80/20,9,5,21185,20550,635,0.977672882,0.695652174,0.453543307,0.549094376,0.878322164,0.513994277,b070ede58ddac744884ccf026b043e7b23b0e30f05cbc17029050373db8d51e4,not fixed; not saved,43.35727048,PASS,2026-09-05T23:02:05
dnn_oof_v1_fixed_5fold_10run_73configs,gpcr,GPCR,34,MSCMF__LatentSampling__80_20,Latent Sampling,MSCMF,LatentSampling,80_20,80/20,10,5,21185,20550,635,0.977248053,0.665226782,0.48503937,0.561020036,0.875412495,0.526895647,b070ede58ddac744884ccf026b043e7b23b0e30f05cbc17029050373db8d51e4,not fixed; not saved,43.42918372,PASS,2026-09-05T23:07:43
dnn_oof_v1_fixed_5fold_10run_73configs,gpcr,GPCR,35,MSCMF__LatentSampling__85_15,Latent Sampling,MSCMF,LatentSampling,85_15,85/15,1,5,21185,20550,635,0.976492802,0.641237113,0.48976378,0.555357143,0.883814319,0.529645011,b070ede58ddac744884ccf026b043e7b23b0e30f05cbc17029050373db8d51e4,not fixed; not saved,42.23671603,PASS,2026-09-05T23:13:22
dnn_oof_v1_fixed_5fold_10run_73configs,gpcr,GPCR,35,MSCMF__LatentSampling__85_15,Latent Sampling,MSCMF,LatentSampling,85_15,85/15,2,5,21185,20550,635,0.976492802,0.655328798,0.45511811,0.537174721,0.869131099,0.537550291,b070ede58ddac744884ccf026b043e7b23b0e30f05cbc17029050373db8d51e4,not fixed; not saved,41.73848963,PASS,2026-09-05T23:18:58
dnn_oof_v1_fixed_5fold_10run_73configs,gpcr,GPCR,35,MSCMF__LatentSampling__85_15,Latent Sampling,MSCMF,LatentSampling,85_15,85/15,3,5,21185,20550,635,0.97852254,0.70361991,0.48976378,0.577530176,0.884579803,0.544094213,b070ede58ddac744884ccf026b043e7b23b0e30f05cbc17029050373db8d51e4,not fixed; not saved,42.11439848,PASS,2026-09-05T23:24:37
dnn_oof_v1_fixed_5fold_10run_73configs,gpcr,GPCR,35,MSCMF__LatentSampling__85_15,Latent Sampling,MSCMF,LatentSampling,85_15,85/15,4,5,21185,20550,635,0.977861695,0.696682464,0.462992126,0.556291391,0.885155392,0.535263214,b070ede58ddac744884ccf026b043e7b23b0e30f05cbc17029050373db8d51e4,not fixed; not saved,41.59747219,PASS,2026-09-05T23:30:16
dnn_oof_v1_fixed_5fold_10run_73configs,gpcr,GPCR,35,MSCMF__LatentSampling__85_15,Latent Sampling,MSCMF,LatentSampling,85_15,85/15,5,5,21185,20550,635,0.977672882,0.682432432,0.477165354,0.56163114,0.878684522,0.534600655,b070ede58ddac744884ccf026b043e7b23b0e30f05cbc17029050373db8d51e4,not fixed; not saved,42.8416822,PASS,2026-09-05T23:35:53
dnn_oof_v1_fixed_5fold_10run_73configs,gpcr,GPCR,35,MSCMF__LatentSampling__85_15,Latent Sampling,MSCMF,LatentSampling,85_15,85/15,6,5,21185,20550,635,0.975973566,0.626,0.492913386,0.55154185,0.88293764,0.525945039,b070ede58ddac744884ccf026b043e7b23b0e30f05cbc17029050373db8d51e4,not fixed; not saved,41.82194138,PASS,2026-09-05T23:41:33
dnn_oof_v1_fixed_5fold_10run_73configs,gpcr,GPCR,35,MSCMF__LatentSampling__85_15,Latent Sampling,MSCMF,LatentSampling,85_15,85/15,7,5,21185,20550,635,0.976776021,0.649895178,0.488188976,0.557553957,0.878722302,0.532125971,b070ede58ddac744884ccf026b043e7b23b0e30f05cbc17029050373db8d51e4,not fixed; not saved,41.2618413,PASS,2026-09-05T23:47:11
dnn_oof_v1_fixed_5fold_10run_73configs,gpcr,GPCR,35,MSCMF__LatentSampling__85_15,Latent Sampling,MSCMF,LatentSampling,85_15,85/15,8,5,21185,20550,635,0.977861695,0.686098655,0.481889764,0.566142461,0.882917984,0.535881698,b070ede58ddac744884ccf026b043e7b23b0e30f05cbc17029050373db8d51e4,not fixed; not saved,42.24382234,PASS,2026-09-05T23:52:48
dnn_oof_v1_fixed_5fold_10run_73configs,gpcr,GPCR,35,MSCMF__LatentSampling__85_15,Latent Sampling,MSCMF,LatentSampling,85_15,85/15,9,5,21185,20550,635,0.977578475,0.680995475,0.474015748,0.558960074,0.885104661,0.531220071,b070ede58ddac744884ccf026b043e7b23b0e30f05cbc17029050373db8d51e4,not fixed; not saved,42.27345729,PASS,2026-09-05T23:58:28
dnn_oof_v1_fixed_5fold_10run_73configs,gpcr,GPCR,35,MSCMF__LatentSampling__85_15,Latent Sampling,MSCMF,LatentSampling,85_15,85/15,10,5,21185,20550,635,0.978569743,0.704288939,0.491338583,0.578849722,0.892978792,0.560275207,b070ede58ddac744884ccf026b043e7b23b0e30f05cbc17029050373db8d51e4,not fixed; not saved,42.27906585,PASS,2026-09-06T00:04:15
dnn_oof_v1_fixed_5fold_10run_73configs,gpcr,GPCR,36,MSCMF__LatentSampling__90_10,Latent Sampling,MSCMF,LatentSampling,90_10,Oct-90,1,5,21185,20550,635,0.978286523,0.703962704,0.475590551,0.567669173,0.868995268,0.536009752,b070ede58ddac744884ccf026b043e7b23b0e30f05cbc17029050373db8d51e4,not fixed; not saved,40.32790565,PASS,2026-09-06T00:09:54
dnn_oof_v1_fixed_5fold_10run_73configs,gpcr,GPCR,36,MSCMF__LatentSampling__90_10,Latent Sampling,MSCMF,LatentSampling,90_10,Oct-90,2,5,21185,20550,635,0.977956101,0.673553719,0.513385827,0.582663092,0.883418817,0.544211526,b070ede58ddac744884ccf026b043e7b23b0e30f05cbc17029050373db8d51e4,not fixed; not saved,42.41784334,PASS,2026-09-06T00:15:33
dnn_oof_v1_fixed_5fold_10run_73configs,gpcr,GPCR,36,MSCMF__LatentSampling__90_10,Latent Sampling,MSCMF,LatentSampling,90_10,Oct-90,3,5,21185,20550,635,0.978333727,0.722222222,0.450393701,0.554801164,0.883619097,0.54491798,b070ede58ddac744884ccf026b043e7b23b0e30f05cbc17029050373db8d51e4,not fixed; not saved,40.71322393,PASS,2026-09-06T00:21:11
dnn_oof_v1_fixed_5fold_10run_73configs,gpcr,GPCR,36,MSCMF__LatentSampling__90_10,Latent Sampling,MSCMF,LatentSampling,90_10,Oct-90,4,5,21185,20550,635,0.978144914,0.691964286,0.488188976,0.572483841,0.892564783,0.526169965,b070ede58ddac744884ccf026b043e7b23b0e30f05cbc17029050373db8d51e4,not fixed; not saved,40.64166355,PASS,2026-09-06T00:26:50
dnn_oof_v1_fixed_5fold_10run_73configs,gpcr,GPCR,36,MSCMF__LatentSampling__90_10,Latent Sampling,MSCMF,LatentSampling,90_10,Oct-90,5,5,21185,20550,635,0.97823932,0.697727273,0.483464567,0.571162791,0.875564496,0.539312119,b070ede58ddac744884ccf026b043e7b23b0e30f05cbc17029050373db8d51e4,not fixed; not saved,40.11956406,PASS,2026-09-06T00:32:29
dnn_oof_v1_fixed_5fold_10run_73configs,gpcr,GPCR,36,MSCMF__LatentSampling__90_10,Latent Sampling,MSCMF,LatentSampling,90_10,Oct-90,6,5,21185,20550,635,0.97691763,0.657327586,0.480314961,0.555050045,0.879968427,0.537999164,b070ede58ddac744884ccf026b043e7b23b0e30f05cbc17029050373db8d51e4,not fixed; not saved,40.43641543,PASS,2026-09-06T00:38:10
dnn_oof_v1_fixed_5fold_10run_73configs,gpcr,GPCR,36,MSCMF__LatentSampling__90_10,Latent Sampling,MSCMF,LatentSampling,90_10,Oct-90,7,5,21185,20550,635,0.977436866,0.673289183,0.480314961,0.560661765,0.870106979,0.514548426,b070ede58ddac744884ccf026b043e7b23b0e30f05cbc17029050373db8d51e4,not fixed; not saved,39.75229287,PASS,2026-09-06T00:43:51
dnn_oof_v1_fixed_5fold_10run_73configs,gpcr,GPCR,36,MSCMF__LatentSampling__90_10,Latent Sampling,MSCMF,LatentSampling,90_10,Oct-90,8,5,21185,20550,635,0.978286523,0.688984881,0.502362205,0.581056466,0.87837324,0.545622305,b070ede58ddac744884ccf026b043e7b23b0e30f05cbc17029050373db8d51e4,not fixed; not saved,39.93167281,PASS,2026-09-06T00:49:33
dnn_oof_v1_fixed_5fold_10run_73configs,gpcr,GPCR,36,MSCMF__LatentSampling__90_10,Latent Sampling,MSCMF,LatentSampling,90_10,Oct-90,9,5,21185,20550,635,0.978428133,0.69017094,0.508661417,0.585675431,0.883317202,0.536811876,b070ede58ddac744884ccf026b043e7b23b0e30f05cbc17029050373db8d51e4,not fixed; not saved,41.18077159,PASS,2026-09-06T00:55:11
dnn_oof_v1_fixed_5fold_10run_73configs,gpcr,GPCR,36,MSCMF__LatentSampling__90_10,Latent Sampling,MSCMF,LatentSampling,90_10,Oct-90,10,5,21185,20550,635,0.978192117,0.682875264,0.508661417,0.583032491,0.888080848,0.542551598,b070ede58ddac744884ccf026b043e7b23b0e30f05cbc17029050373db8d51e4,not fixed; not saved,40.88817596,PASS,2026-09-06T01:00:54
dnn_oof_v1_fixed_5fold_10run_73configs,gpcr,GPCR,37,MSCMF__NoiseInjection__50_50,Noise Injection,MSCMF,NoiseInjection,50_50,50/50,1,5,21185,20550,635,0.97823932,0.708133971,0.466141732,0.562203229,0.893170067,0.542028172,b070ede58ddac744884ccf026b043e7b23b0e30f05cbc17029050373db8d51e4,not fixed; not saved,61.74536371,PASS,2026-09-06T01:06:56
dnn_oof_v1_fixed_5fold_10run_73configs,gpcr,GPCR,37,MSCMF__NoiseInjection__50_50,Noise Injection,MSCMF,NoiseInjection,50_50,50/50,2,5,21185,20550,635,0.977625679,0.670912951,0.497637795,0.571428571,0.881789222,0.545593447,b070ede58ddac744884ccf026b043e7b23b0e30f05cbc17029050373db8d51e4,not fixed; not saved,62.50647926,PASS,2026-09-06T01:13:00
dnn_oof_v1_fixed_5fold_10run_73configs,gpcr,GPCR,37,MSCMF__NoiseInjection__50_50,Noise Injection,MSCMF,NoiseInjection,50_50,50/50,3,5,21185,20550,635,0.977814491,0.672955975,0.505511811,0.577338129,0.880569305,0.517177567,b070ede58ddac744884ccf026b043e7b23b0e30f05cbc17029050373db8d51e4,not fixed; not saved,63.75465107,PASS,2026-09-06T01:19:04
dnn_oof_v1_fixed_5fold_10run_73configs,gpcr,GPCR,37,MSCMF__NoiseInjection__50_50,Noise Injection,MSCMF,NoiseInjection,50_50,50/50,4,5,21185,20550,635,0.977861695,0.671487603,0.511811024,0.580875782,0.883501734,0.559708849,b070ede58ddac744884ccf026b043e7b23b0e30f05cbc17029050373db8d51e4,not fixed; not saved,64.89878273,PASS,2026-09-06T01:25:09
dnn_oof_v1_fixed_5fold_10run_73configs,gpcr,GPCR,37,MSCMF__NoiseInjection__50_50,Noise Injection,MSCMF,NoiseInjection,50_50,50/50,5,5,21185,20550,635,0.977625679,0.668058455,0.503937008,0.574506284,0.879157959,0.544490085,b070ede58ddac744884ccf026b043e7b23b0e30f05cbc17029050373db8d51e4,not fixed; not saved,61.19833326,PASS,2026-09-06T01:31:11
dnn_oof_v1_fixed_5fold_10run_73configs,gpcr,GPCR,37,MSCMF__NoiseInjection__50_50,Noise Injection,MSCMF,NoiseInjection,50_50,50/50,6,5,21185,20550,635,0.977861695,0.676595745,0.500787402,0.575565611,0.893445562,0.543908857,b070ede58ddac744884ccf026b043e7b23b0e30f05cbc17029050373db8d51e4,not fixed; not saved,62.04514408,PASS,2026-09-06T01:37:14
dnn_oof_v1_fixed_5fold_10run_73configs,gpcr,GPCR,37,MSCMF__NoiseInjection__50_50,Noise Injection,MSCMF,NoiseInjection,50_50,50/50,7,5,21185,20550,635,0.97705924,0.654885655,0.496062992,0.564516129,0.885361304,0.52258178,b070ede58ddac744884ccf026b043e7b23b0e30f05cbc17029050373db8d51e4,not fixed; not saved,63.04931688,PASS,2026-09-06T01:43:19
dnn_oof_v1_fixed_5fold_10run_73configs,gpcr,GPCR,37,MSCMF__NoiseInjection__50_50,Noise Injection,MSCMF,NoiseInjection,50_50,50/50,8,5,21185,20550,635,0.978569743,0.70521542,0.48976378,0.578066914,0.90058283,0.566436701,b070ede58ddac744884ccf026b043e7b23b0e30f05cbc17029050373db8d51e4,not fixed; not saved,63.00902557,PASS,2026-09-06T01:49:25
dnn_oof_v1_fixed_5fold_10run_73configs,gpcr,GPCR,37,MSCMF__NoiseInjection__50_50,Noise Injection,MSCMF,NoiseInjection,50_50,50/50,9,5,21185,20550,635,0.976776021,0.637236084,0.522834646,0.574394464,0.879660862,0.547916699,b070ede58ddac744884ccf026b043e7b23b0e30f05cbc17029050373db8d51e4,not fixed; not saved,65.71682,PASS,2026-09-06T01:55:35
dnn_oof_v1_fixed_5fold_10run_73configs,gpcr,GPCR,37,MSCMF__NoiseInjection__50_50,Noise Injection,MSCMF,NoiseInjection,50_50,50/50,10,5,21185,20550,635,0.977484069,0.670995671,0.488188976,0.565177758,0.888619384,0.555634966,b070ede58ddac744884ccf026b043e7b23b0e30f05cbc17029050373db8d51e4,not fixed; not saved,61.52556658,PASS,2026-09-06T02:01:40
dnn_oof_v1_fixed_5fold_10run_73configs,gpcr,GPCR,38,MSCMF__NoiseInjection__80_20,Noise Injection,MSCMF,NoiseInjection,80_20,80/20,1,5,21185,20550,635,0.977861695,0.677350427,0.499212598,0.574796011,0.889310995,0.550582836,b070ede58ddac744884ccf026b043e7b23b0e30f05cbc17029050373db8d51e4,not fixed; not saved,43.41336012,PASS,2026-09-06T02:07:26
dnn_oof_v1_fixed_5fold_10run_73configs,gpcr,GPCR,38,MSCMF__NoiseInjection__80_20,Noise Injection,MSCMF,NoiseInjection,80_20,80/20,2,5,21185,20550,635,0.978805759,0.724637681,0.472440945,0.571973308,0.890220702,0.562945867,b070ede58ddac744884ccf026b043e7b23b0e30f05cbc17029050373db8d51e4,not fixed; not saved,43.0193193,PASS,2026-09-06T02:13:13
dnn_oof_v1_fixed_5fold_10run_73configs,gpcr,GPCR,38,MSCMF__NoiseInjection__80_20,Noise Injection,MSCMF,NoiseInjection,80_20,80/20,3,5,21185,20550,635,0.978286523,0.702078522,0.478740157,0.56928839,0.884087055,0.560548343,b070ede58ddac744884ccf026b043e7b23b0e30f05cbc17029050373db8d51e4,not fixed; not saved,43.29745746,PASS,2026-09-06T02:19:01
dnn_oof_v1_fixed_5fold_10run_73configs,gpcr,GPCR,38,MSCMF__NoiseInjection__80_20,Noise Injection,MSCMF,NoiseInjection,80_20,80/20,4,5,21185,20550,635,0.978664149,0.702882483,0.499212598,0.583793738,0.898036669,0.558642904,b070ede58ddac744884ccf026b043e7b23b0e30f05cbc17029050373db8d51e4,not fixed; not saved,43.67219949,PASS,2026-09-06T02:24:51
dnn_oof_v1_fixed_5fold_10run_73configs,gpcr,GPCR,38,MSCMF__NoiseInjection__80_20,Noise Injection,MSCMF,NoiseInjection,80_20,80/20,5,5,21185,20550,635,0.978616946,0.717703349,0.472440945,0.56980057,0.889311416,0.553223063,b070ede58ddac744884ccf026b043e7b23b0e30f05cbc17029050373db8d51e4,not fixed; not saved,43.48091149,PASS,2026-09-06T02:30:41
dnn_oof_v1_fixed_5fold_10run_73configs,gpcr,GPCR,38,MSCMF__NoiseInjection__80_20,Noise Injection,MSCMF,NoiseInjection,80_20,80/20,6,5,21185,20550,635,0.978711352,0.722222222,0.470866142,0.57006673,0.900049122,0.576987035,b070ede58ddac744884ccf026b043e7b23b0e30f05cbc17029050373db8d51e4,not fixed; not saved,45.17428279,PASS,2026-09-06T02:36:31
dnn_oof_v1_fixed_5fold_10run_73configs,gpcr,GPCR,38,MSCMF__NoiseInjection__80_20,Noise Injection,MSCMF,NoiseInjection,80_20,80/20,7,5,21185,20550,635,0.97852254,0.695652174,0.503937008,0.584474886,0.889453915,0.553335452,b070ede58ddac744884ccf026b043e7b23b0e30f05cbc17029050373db8d51e4,not fixed; not saved,46.42437053,PASS,2026-09-06T02:42:20
dnn_oof_v1_fixed_5fold_10run_73configs,gpcr,GPCR,38,MSCMF__NoiseInjection__80_20,Noise Injection,MSCMF,NoiseInjection,80_20,80/20,8,5,21185,20550,635,0.978711352,0.701754386,0.503937008,0.586617782,0.903041018,0.564508528,b070ede58ddac744884ccf026b043e7b23b0e30f05cbc17029050373db8d51e4,not fixed; not saved,47.04464388,PASS,2026-09-06T02:48:09
dnn_oof_v1_fixed_5fold_10run_73configs,gpcr,GPCR,38,MSCMF__NoiseInjection__80_20,Noise Injection,MSCMF,NoiseInjection,80_20,80/20,9,5,21185,20550,635,0.978758556,0.709750567,0.492913386,0.581784387,0.897697914,0.554762657,b070ede58ddac744884ccf026b043e7b23b0e30f05cbc17029050373db8d51e4,not fixed; not saved,45.4016943,PASS,2026-09-06T02:53:58
dnn_oof_v1_fixed_5fold_10run_73configs,gpcr,GPCR,38,MSCMF__NoiseInjection__80_20,Noise Injection,MSCMF,NoiseInjection,80_20,80/20,10,5,21185,20550,635,0.979608213,0.727069351,0.511811024,0.600739372,0.885230607,0.56482671,b070ede58ddac744884ccf026b043e7b23b0e30f05cbc17029050373db8d51e4,not fixed; not saved,44.09943748,PASS,2026-09-06T02:59:47
dnn_oof_v1_fixed_5fold_10run_73configs,gpcr,GPCR,39,MSCMF__NoiseInjection__85_15,Noise Injection,MSCMF,NoiseInjection,85_15,85/15,1,5,21185,20550,635,0.978900165,0.733830846,0.464566929,0.568948891,0.899151139,0.563521963,b070ede58ddac744884ccf026b043e7b23b0e30f05cbc17029050373db8d51e4,not fixed; not saved,41.12742496,PASS,2026-09-06T03:05:36
dnn_oof_v1_fixed_5fold_10run_73configs,gpcr,GPCR,39,MSCMF__NoiseInjection__85_15,Noise Injection,MSCMF,NoiseInjection,85_15,85/15,2,5,21185,20550,635,0.977342459,0.656565657,0.511811024,0.575221239,0.884014177,0.543859537,b070ede58ddac744884ccf026b043e7b23b0e30f05cbc17029050373db8d51e4,not fixed; not saved,41.29040408,PASS,2026-09-06T03:11:25
dnn_oof_v1_fixed_5fold_10run_73configs,gpcr,GPCR,39,MSCMF__NoiseInjection__85_15,Noise Injection,MSCMF,NoiseInjection,85_15,85/15,3,5,21185,20550,635,0.977908898,0.684326711,0.488188976,0.569852941,0.886903577,0.539782746,b070ede58ddac744884ccf026b043e7b23b0e30f05cbc17029050373db8d51e4,not fixed; not saved,42.09797788,PASS,2026-09-06T03:17:15
dnn_oof_v1_fixed_5fold_10run_73configs,gpcr,GPCR,39,MSCMF__NoiseInjection__85_15,Noise Injection,MSCMF,NoiseInjection,85_15,85/15,4,5,21185,20550,635,0.978333727,0.695555556,0.492913386,0.576958525,0.895817308,0.545403899,b070ede58ddac744884ccf026b043e7b23b0e30f05cbc17029050373db8d51e4,not fixed; not saved,42.00397873,PASS,2026-09-06T03:23:04
dnn_oof_v1_fixed_5fold_10run_73configs,gpcr,GPCR,39,MSCMF__NoiseInjection__85_15,Noise Injection,MSCMF,NoiseInjection,85_15,85/15,5,5,21185,20550,635,0.977814491,0.689655172,0.472440945,0.560747664,0.891992835,0.555635618,b070ede58ddac744884ccf026b043e7b23b0e30f05cbc17029050373db8d51e4,not fixed; not saved,44.40655971,PASS,2026-09-06T03:28:56
dnn_oof_v1_fixed_5fold_10run_73configs,gpcr,GPCR,39,MSCMF__NoiseInjection__85_15,Noise Injection,MSCMF,NoiseInjection,85_15,85/15,6,5,21185,20550,635,0.979041775,0.733496333,0.472440945,0.574712644,0.897970535,0.565428225,b070ede58ddac744884ccf026b043e7b23b0e30f05cbc17029050373db8d51e4,not fixed; not saved,43.07303548,PASS,2026-09-06T03:34:49
dnn_oof_v1_fixed_5fold_10run_73configs,gpcr,GPCR,39,MSCMF__NoiseInjection__85_15,Noise Injection,MSCMF,NoiseInjection,85_15,85/15,7,5,21185,20550,635,0.977531272,0.669509595,0.494488189,0.56884058,0.889232178,0.553316384,b070ede58ddac744884ccf026b043e7b23b0e30f05cbc17029050373db8d51e4,not fixed; not saved,42.50110245,PASS,2026-09-06T03:40:43
dnn_oof_v1_fixed_5fold_10run_73configs,gpcr,GPCR,39,MSCMF__NoiseInjection__85_15,Noise Injection,MSCMF,NoiseInjection,85_15,85/15,8,5,21185,20550,635,0.978664149,0.732824427,0.453543307,0.560311284,0.888350135,0.55228775,b070ede58ddac744884ccf026b043e7b23b0e30f05cbc17029050373db8d51e4,not fixed; not saved,41.50121975,PASS,2026-09-06T03:46:36
dnn_oof_v1_fixed_5fold_10run_73configs,gpcr,GPCR,39,MSCMF__NoiseInjection__85_15,Noise Injection,MSCMF,NoiseInjection,85_15,85/15,9,5,21185,20550,635,0.978333727,0.70754717,0.472440945,0.566572238,0.894050348,0.560295291,b070ede58ddac744884ccf026b043e7b23b0e30f05cbc17029050373db8d51e4,not fixed; not saved,42.46468902,PASS,2026-09-06T03:52:27
dnn_oof_v1_fixed_5fold_10run_73configs,gpcr,GPCR,39,MSCMF__NoiseInjection__85_15,Noise Injection,MSCMF,NoiseInjection,85_15,85/15,10,5,21185,20550,635,0.979324994,0.727482679,0.496062992,0.58988764,0.888353584,0.555213434,b070ede58ddac744884ccf026b043e7b23b0e30f05cbc17029050373db8d51e4,not fixed; not saved,41.04873633,PASS,2026-09-06T03:58:18
dnn_oof_v1_fixed_5fold_10run_73configs,gpcr,GPCR,40,MSCMF__NoiseInjection__90_10,Noise Injection,MSCMF,NoiseInjection,90_10,Oct-90,1,5,21185,20550,635,0.97823932,0.704225352,0.472440945,0.565504241,0.894199322,0.554671007,b070ede58ddac744884ccf026b043e7b23b0e30f05cbc17029050373db8d51e4,not fixed; not saved,41.22243643,PASS,2026-09-06T04:04:12
dnn_oof_v1_fixed_5fold_10run_73configs,gpcr,GPCR,40,MSCMF__NoiseInjection__90_10,Noise Injection,MSCMF,NoiseInjection,90_10,Oct-90,2,5,21185,20550,635,0.978900165,0.710762332,0.499212598,0.586493987,0.891331226,0.557814406,b070ede58ddac744884ccf026b043e7b23b0e30f05cbc17029050373db8d51e4,not fixed; not saved,41.8538177,PASS,2026-09-06T04:10:03
dnn_oof_v1_fixed_5fold_10run_73configs,gpcr,GPCR,40,MSCMF__NoiseInjection__90_10,Noise Injection,MSCMF,NoiseInjection,90_10,Oct-90,3,5,21185,20550,635,0.979513807,0.731034483,0.500787402,0.594392523,0.896844493,0.573838358,b070ede58ddac744884ccf026b043e7b23b0e30f05cbc17029050373db8d51e4,not fixed; not saved,41.76931,PASS,2026-09-06T04:15:54
dnn_oof_v1_fixed_5fold_10run_73configs,gpcr,GPCR,40,MSCMF__NoiseInjection__90_10,Noise Injection,MSCMF,NoiseInjection,90_10,Oct-90,4,5,21185,20550,635,0.97852254,0.729591837,0.450393701,0.556962025,0.894909439,0.565096964,b070ede58ddac744884ccf026b043e7b23b0e30f05cbc17029050373db8d51e4,not fixed; not saved,40.70361733,PASS,2026-09-06T04:21:47
dnn_oof_v1_fixed_5fold_10run_73configs,gpcr,GPCR,40,MSCMF__NoiseInjection__90_10,Noise Injection,MSCMF,NoiseInjection,90_10,Oct-90,5,5,21185,20550,635,0.979088978,0.74742268,0.456692913,0.566959922,0.899519551,0.574708007,b070ede58ddac744884ccf026b043e7b23b0e30f05cbc17029050373db8d51e4,not fixed; not saved,41.33552742,PASS,2026-09-06T04:27:38
dnn_oof_v1_fixed_5fold_10run_73configs,gpcr,GPCR,40,MSCMF__NoiseInjection__90_10,Noise Injection,MSCMF,NoiseInjection,90_10,Oct-90,6,5,21185,20550,635,0.978097711,0.703087886,0.466141732,0.560606061,0.879777573,0.550473258,b070ede58ddac744884ccf026b043e7b23b0e30f05cbc17029050373db8d51e4,not fixed; not saved,41.90492797,PASS,2026-09-06T04:33:29
dnn_oof_v1_fixed_5fold_10run_73configs,gpcr,GPCR,40,MSCMF__NoiseInjection__90_10,Noise Injection,MSCMF,NoiseInjection,90_10,Oct-90,7,5,21185,20550,635,0.977295256,0.6925,0.436220472,0.5352657,0.891942679,0.53104271,b070ede58ddac744884ccf026b043e7b23b0e30f05cbc17029050373db8d51e4,not fixed; not saved,40.11682153,PASS,2026-09-06T04:39:21
dnn_oof_v1_fixed_5fold_10run_73configs,gpcr,GPCR,40,MSCMF__NoiseInjection__90_10,Noise Injection,MSCMF,NoiseInjection,90_10,Oct-90,8,5,21185,20550,635,0.97852254,0.725,0.456692913,0.560386473,0.893365596,0.565856499,b070ede58ddac744884ccf026b043e7b23b0e30f05cbc17029050373db8d51e4,not fixed; not saved,39.58230186,PASS,2026-09-06T04:45:14
dnn_oof_v1_fixed_5fold_10run_73configs,gpcr,GPCR,40,MSCMF__NoiseInjection__90_10,Noise Injection,MSCMF,NoiseInjection,90_10,Oct-90,9,5,21185,20550,635,0.978050507,0.693181818,0.480314961,0.56744186,0.891436558,0.565772185,b070ede58ddac744884ccf026b043e7b23b0e30f05cbc17029050373db8d51e4,not fixed; not saved,39.76010418,PASS,2026-09-06T04:51:09
dnn_oof_v1_fixed_5fold_10run_73configs,gpcr,GPCR,40,MSCMF__NoiseInjection__90_10,Noise Injection,MSCMF,NoiseInjection,90_10,Oct-90,10,5,21185,20550,635,0.975501534,0.617408907,0.480314961,0.540301151,0.876443665,0.506335082,b070ede58ddac744884ccf026b043e7b23b0e30f05cbc17029050373db8d51e4,not fixed; not saved,40.48555636,PASS,2026-09-06T04:57:02
dnn_oof_v1_fixed_5fold_10run_73configs,gpcr,GPCR,41,MSCMF__RandomOver__50_50,Random Over-Sampling,MSCMF,RandomOver,50_50,50/50,1,5,21185,20550,635,0.978286523,0.691466083,0.497637795,0.578754579,0.868760465,0.54536749,b070ede58ddac744884ccf026b043e7b23b0e30f05cbc17029050373db8d51e4,not fixed; not saved,61.8787241,PASS,2026-09-06T05:03:18
dnn_oof_v1_fixed_5fold_10run_73configs,gpcr,GPCR,41,MSCMF__RandomOver__50_50,Random Over-Sampling,MSCMF,RandomOver,50_50,50/50,2,5,21185,20550,635,0.97852254,0.705479452,0.486614173,0.575955266,0.882683104,0.563349485,b070ede58ddac744884ccf026b043e7b23b0e30f05cbc17029050373db8d51e4,not fixed; not saved,63.11575937,PASS,2026-09-06T05:09:33
dnn_oof_v1_fixed_5fold_10run_73configs,gpcr,GPCR,41,MSCMF__RandomOver__50_50,Random Over-Sampling,MSCMF,RandomOver,50_50,50/50,3,5,21185,20550,635,0.978050507,0.674897119,0.516535433,0.585191793,0.892387264,0.544507413,b070ede58ddac744884ccf026b043e7b23b0e30f05cbc17029050373db8d51e4,not fixed; not saved,66.00061131,PASS,2026-09-06T05:15:58
dnn_oof_v1_fixed_5fold_10run_73configs,gpcr,GPCR,41,MSCMF__RandomOver__50_50,Random Over-Sampling,MSCMF,RandomOver,50_50,50/50,4,5,21185,20550,635,0.977484069,0.664583333,0.502362205,0.572197309,0.886369791,0.536455046,b070ede58ddac744884ccf026b043e7b23b0e30f05cbc17029050373db8d51e4,not fixed; not saved,61.44229698,PASS,2026-09-06T05:22:13
dnn_oof_v1_fixed_5fold_10run_73configs,gpcr,GPCR,41,MSCMF__RandomOver__50_50,Random Over-Sampling,MSCMF,RandomOver,50_50,50/50,5,5,21185,20550,635,0.97720085,0.656378601,0.502362205,0.569134701,0.889804203,0.559406908,b070ede58ddac744884ccf026b043e7b23b0e30f05cbc17029050373db8d51e4,not fixed; not saved,62.00921035,PASS,2026-09-06T05:28:27
dnn_oof_v1_fixed_5fold_10run_73configs,gpcr,GPCR,41,MSCMF__RandomOver__50_50,Random Over-Sampling,MSCMF,RandomOver,50_50,50/50,6,5,21185,20550,635,0.978947368,0.722352941,0.483464567,0.579245283,0.89318298,0.553232028,b070ede58ddac744884ccf026b043e7b23b0e30f05cbc17029050373db8d51e4,not fixed; not saved,61.9624052,PASS,2026-09-06T05:34:44
dnn_oof_v1_fixed_5fold_10run_73configs,gpcr,GPCR,41,MSCMF__RandomOver__50_50,Random Over-Sampling,MSCMF,RandomOver,50_50,50/50,7,5,21185,20550,635,0.977625679,0.685057471,0.469291339,0.557009346,0.881038259,0.531936357,b070ede58ddac744884ccf026b043e7b23b0e30f05cbc17029050373db8d51e4,not fixed; not saved,62.90921593,PASS,2026-09-06T05:41:01
dnn_oof_v1_fixed_5fold_10run_73configs,gpcr,GPCR,41,MSCMF__RandomOver__50_50,Random Over-Sampling,MSCMF,RandomOver,50_50,50/50,8,5,21185,20550,635,0.978616946,0.708715596,0.486614173,0.577030812,0.89191375,0.548539203,b070ede58ddac744884ccf026b043e7b23b0e30f05cbc17029050373db8d51e4,not fixed; not saved,64.23202014,PASS,2026-09-06T05:47:18
dnn_oof_v1_fixed_5fold_10run_73configs,gpcr,GPCR,41,MSCMF__RandomOver__50_50,Random Over-Sampling,MSCMF,RandomOver,50_50,50/50,9,5,21185,20550,635,0.978805759,0.713302752,0.48976378,0.58076564,0.896754603,0.572304586,b070ede58ddac744884ccf026b043e7b23b0e30f05cbc17029050373db8d51e4,not fixed; not saved,63.03607225,PASS,2026-09-06T05:53:38
dnn_oof_v1_fixed_5fold_10run_73configs,gpcr,GPCR,41,MSCMF__RandomOver__50_50,Random Over-Sampling,MSCMF,RandomOver,50_50,50/50,10,5,21185,20550,635,0.978947368,0.724465558,0.480314961,0.577651515,0.886649156,0.547818277,b070ede58ddac744884ccf026b043e7b23b0e30f05cbc17029050373db8d51e4,not fixed; not saved,63.07245398,PASS,2026-09-06T05:59:55
dnn_oof_v1_fixed_5fold_10run_73configs,gpcr,GPCR,42,MSCMF__RandomOver__80_20,Random Over-Sampling,MSCMF,RandomOver,80_20,80/20,1,5,21185,20550,635,0.977814491,0.674418605,0.502362205,0.575812274,0.88596973,0.541551383,b070ede58ddac744884ccf026b043e7b23b0e30f05cbc17029050373db8d51e4,not fixed; not saved,44.7327373,PASS,2026-09-06T06:05:56
dnn_oof_v1_fixed_5fold_10run_73configs,gpcr,GPCR,42,MSCMF__RandomOver__80_20,Random Over-Sampling,MSCMF,RandomOver,80_20,80/20,2,5,21185,20550,635,0.978428133,0.703196347,0.48503937,0.574091333,0.897165584,0.554007558,b070ede58ddac744884ccf026b043e7b23b0e30f05cbc17029050373db8d51e4,not fixed; not saved,43.40416288,PASS,2026-09-06T06:11:56
dnn_oof_v1_fixed_5fold_10run_73configs,gpcr,GPCR,42,MSCMF__RandomOver__80_20,Random Over-Sampling,MSCMF,RandomOver,80_20,80/20,3,5,21185,20550,635,0.978711352,0.718009479,0.477165354,0.573320719,0.887880644,0.541065556,b070ede58ddac744884ccf026b043e7b23b0e30f05cbc17029050373db8d51e4,not fixed; not saved,44.23222518,PASS,2026-09-06T06:18:00
dnn_oof_v1_fixed_5fold_10run_73configs,gpcr,GPCR,42,MSCMF__RandomOver__80_20,Random Over-Sampling,MSCMF,RandomOver,80_20,80/20,4,5,21185,20550,635,0.978616946,0.706818182,0.48976378,0.578604651,0.888596433,0.565059376,b070ede58ddac744884ccf026b043e7b23b0e30f05cbc17029050373db8d51e4,not fixed; not saved,44.15594149,PASS,2026-09-06T06:24:02
dnn_oof_v1_fixed_5fold_10run_73configs,gpcr,GPCR,42,MSCMF__RandomOver__80_20,Random Over-Sampling,MSCMF,RandomOver,80_20,80/20,5,5,21185,20550,635,0.978097711,0.687912088,0.492913386,0.574311927,0.886467383,0.539326474,b070ede58ddac744884ccf026b043e7b23b0e30f05cbc17029050373db8d51e4,not fixed; not saved,44.02790594,PASS,2026-09-06T06:30:07
dnn_oof_v1_fixed_5fold_10run_73configs,gpcr,GPCR,42,MSCMF__RandomOver__80_20,Random Over-Sampling,MSCMF,RandomOver,80_20,80/20,6,5,21185,20550,635,0.977956101,0.690909091,0.478740157,0.565581395,0.885902906,0.538279347,b070ede58ddac744884ccf026b043e7b23b0e30f05cbc17029050373db8d51e4,not fixed; not saved,44.12848306,PASS,2026-09-06T06:36:16
dnn_oof_v1_fixed_5fold_10run_73configs,gpcr,GPCR,42,MSCMF__RandomOver__80_20,Random Over-Sampling,MSCMF,RandomOver,80_20,80/20,7,5,21185,20550,635,0.97838093,0.711217184,0.469291339,0.565464896,0.894137901,0.567443496,b070ede58ddac744884ccf026b043e7b23b0e30f05cbc17029050373db8d51e4,not fixed; not saved,44.19540715,PASS,2026-09-06T06:42:23
dnn_oof_v1_fixed_5fold_10run_73configs,gpcr,GPCR,42,MSCMF__RandomOver__80_20,Random Over-Sampling,MSCMF,RandomOver,80_20,80/20,8,5,21185,20550,635,0.977956101,0.678723404,0.502362205,0.577375566,0.8919472,0.566967819,b070ede58ddac744884ccf026b043e7b23b0e30f05cbc17029050373db8d51e4,not fixed; not saved,43.72298455,PASS,2026-09-06T06:48:30
dnn_oof_v1_fixed_5fold_10run_73configs,gpcr,GPCR,42,MSCMF__RandomOver__80_20,Random Over-Sampling,MSCMF,RandomOver,80_20,80/20,9,5,21185,20550,635,0.978758556,0.700650759,0.508661417,0.589416058,0.899708029,0.5604017,b070ede58ddac744884ccf026b043e7b23b0e30f05cbc17029050373db8d51e4,not fixed; not saved,46.12770557,PASS,2026-09-06T06:54:48
dnn_oof_v1_fixed_5fold_10run_73configs,gpcr,GPCR,42,MSCMF__RandomOver__80_20,Random Over-Sampling,MSCMF,RandomOver,80_20,80/20,10,5,21185,20550,635,0.977578475,0.670940171,0.494488189,0.569356301,0.884517156,0.548463599,b070ede58ddac744884ccf026b043e7b23b0e30f05cbc17029050373db8d51e4,not fixed; not saved,44.89595866,PASS,2026-09-06T07:00:57
dnn_oof_v1_fixed_5fold_10run_73configs,gpcr,GPCR,43,MSCMF__RandomOver__85_15,Random Over-Sampling,MSCMF,RandomOver,85_15,85/15,1,5,21185,20550,635,0.978947368,0.732186732,0.469291339,0.571976967,0.895190681,0.562231092,b070ede58ddac744884ccf026b043e7b23b0e30f05cbc17029050373db8d51e4,not fixed; not saved,42.34214997,PASS,2026-09-06T07:07:05
dnn_oof_v1_fixed_5fold_10run_73configs,gpcr,GPCR,43,MSCMF__RandomOver__85_15,Random Over-Sampling,MSCMF,RandomOver,85_15,85/15,2,5,21185,20550,635,0.978900165,0.735,0.462992126,0.568115942,0.879463111,0.549655831,b070ede58ddac744884ccf026b043e7b23b0e30f05cbc17029050373db8d51e4,not fixed; not saved,42.84779096,PASS,2026-09-06T07:13:14
dnn_oof_v1_fixed_5fold_10run_73configs,gpcr,GPCR,43,MSCMF__RandomOver__85_15,Random Over-Sampling,MSCMF,RandomOver,85_15,85/15,3,5,21185,20550,635,0.979513807,0.735362998,0.494488189,0.5913371,0.89718252,0.57915832,b070ede58ddac744884ccf026b043e7b23b0e30f05cbc17029050373db8d51e4,not fixed; not saved,43.2399478,PASS,2026-09-06T07:19:22
dnn_oof_v1_fixed_5fold_10run_73configs,gpcr,GPCR,43,MSCMF__RandomOver__85_15,Random Over-Sampling,MSCMF,RandomOver,85_15,85/15,4,5,21185,20550,635,0.978192117,0.696145125,0.483464567,0.57063197,0.883671207,0.544859026,b070ede58ddac744884ccf026b043e7b23b0e30f05cbc17029050373db8d51e4,not fixed; not saved,43.18762279,PASS,2026-09-06T07:25:32
dnn_oof_v1_fixed_5fold_10run_73configs,gpcr,GPCR,43,MSCMF__RandomOver__85_15,Random Over-Sampling,MSCMF,RandomOver,85_15,85/15,5,5,21185,20550,635,0.979088978,0.734146341,0.474015748,0.576076555,0.894861697,0.556693384,b070ede58ddac744884ccf026b043e7b23b0e30f05cbc17029050373db8d51e4,not fixed; not saved,43.20377636,PASS,2026-09-06T07:31:38
dnn_oof_v1_fixed_5fold_10run_73configs,gpcr,GPCR,43,MSCMF__RandomOver__85_15,Random Over-Sampling,MSCMF,RandomOver,85_15,85/15,6,5,21185,20550,635,0.97956101,0.74754902,0.480314961,0.58485139,0.894511447,0.577102066,b070ede58ddac744884ccf026b043e7b23b0e30f05cbc17029050373db8d51e4,not fixed; not saved,47.10928035,PASS,2026-09-06T07:37:44
dnn_oof_v1_fixed_5fold_10run_73configs,gpcr,GPCR,43,MSCMF__RandomOver__85_15,Random Over-Sampling,MSCMF,RandomOver,85_15,85/15,7,5,21185,20550,635,0.979230588,0.73381295,0.481889764,0.581749049,0.893579746,0.551176801,b070ede58ddac744884ccf026b043e7b23b0e30f05cbc17029050373db8d51e4,not fixed; not saved,43.85755563,PASS,2026-09-06T07:43:50
dnn_oof_v1_fixed_5fold_10run_73configs,gpcr,GPCR,43,MSCMF__RandomOver__85_15,Random Over-Sampling,MSCMF,RandomOver,85_15,85/15,8,5,21185,20550,635,0.978711352,0.737113402,0.450393701,0.559139785,0.88377355,0.554751225,b070ede58ddac744884ccf026b043e7b23b0e30f05cbc17029050373db8d51e4,not fixed; not saved,42.92908311,PASS,2026-09-06T07:49:59
dnn_oof_v1_fixed_5fold_10run_73configs,gpcr,GPCR,43,MSCMF__RandomOver__85_15,Random Over-Sampling,MSCMF,RandomOver,85_15,85/15,9,5,21185,20550,635,0.979136181,0.722863741,0.492913386,0.586142322,0.899068644,0.561918695,b070ede58ddac744884ccf026b043e7b23b0e30f05cbc17029050373db8d51e4,not fixed; not saved,42.73688293,PASS,2026-09-06T07:56:07
dnn_oof_v1_fixed_5fold_10run_73configs,gpcr,GPCR,43,MSCMF__RandomOver__85_15,Random Over-Sampling,MSCMF,RandomOver,85_15,85/15,10,5,21185,20550,635,0.977531272,0.665970772,0.502362205,0.572710952,0.879515451,0.544730548,b070ede58ddac744884ccf026b043e7b23b0e30f05cbc17029050373db8d51e4,not fixed; not saved,43.44289899,PASS,2026-09-06T08:02:15
dnn_oof_v1_fixed_5fold_10run_73configs,gpcr,GPCR,44,MSCMF__RandomOver__90_10,Random Over-Sampling,MSCMF,RandomOver,90_10,Oct-90,1,5,21185,20550,635,0.979041775,0.718535469,0.494488189,0.585820896,0.890483438,0.566113698,b070ede58ddac744884ccf026b043e7b23b0e30f05cbc17029050373db8d51e4,not fixed; not saved,43.34758639,PASS,2026-09-06T08:08:22
dnn_oof_v1_fixed_5fold_10run_73configs,gpcr,GPCR,44,MSCMF__RandomOver__90_10,Random Over-Sampling,MSCMF,RandomOver,90_10,Oct-90,2,5,21185,20550,635,0.979230588,0.73955774,0.474015748,0.577735125,0.894348334,0.56327231,b070ede58ddac744884ccf026b043e7b23b0e30f05cbc17029050373db8d51e4,not fixed; not saved,41.27898169,PASS,2026-09-06T08:14:32
dnn_oof_v1_fixed_5fold_10run_73configs,gpcr,GPCR,44,MSCMF__RandomOver__90_10,Random Over-Sampling,MSCMF,RandomOver,90_10,Oct-90,3,5,21185,20550,635,0.978286523,0.71393643,0.45984252,0.559386973,0.884649846,0.537153091,b070ede58ddac744884ccf026b043e7b23b0e30f05cbc17029050373db8d51e4,not fixed; not saved,40.85775137,PASS,2026-09-06T08:20:42
dnn_oof_v1_fixed_5fold_10run_73configs,gpcr,GPCR,44,MSCMF__RandomOver__90_10,Random Over-Sampling,MSCMF,RandomOver,90_10,Oct-90,4,5,21185,20550,635,0.979608213,0.741092637,0.491338583,0.590909091,0.887479779,0.563293663,b070ede58ddac744884ccf026b043e7b23b0e30f05cbc17029050373db8d51e4,not fixed; not saved,41.32235289,PASS,2026-09-06T08:26:52
dnn_oof_v1_fixed_5fold_10run_73configs,gpcr,GPCR,44,MSCMF__RandomOver__90_10,Random Over-Sampling,MSCMF,RandomOver,90_10,Oct-90,5,5,21185,20550,635,0.978097711,0.687089716,0.494488189,0.575091575,0.888832538,0.548719903,b070ede58ddac744884ccf026b043e7b23b0e30f05cbc17029050373db8d51e4,not fixed; not saved,41.51580358,PASS,2026-09-06T08:33:02
dnn_oof_v1_fixed_5fold_10run_73configs,gpcr,GPCR,44,MSCMF__RandomOver__90_10,Random Over-Sampling,MSCMF,RandomOver,90_10,Oct-90,6,5,21185,20550,635,0.97823932,0.732620321,0.431496063,0.543111992,0.899582428,0.573548344,b070ede58ddac744884ccf026b043e7b23b0e30f05cbc17029050373db8d51e4,not fixed; not saved,42.32473755,PASS,2026-09-06T08:39:09
dnn_oof_v1_fixed_5fold_10run_73configs,gpcr,GPCR,44,MSCMF__RandomOver__90_10,Random Over-Sampling,MSCMF,RandomOver,90_10,Oct-90,7,5,21185,20550,635,0.979372197,0.745049505,0.474015748,0.579403272,0.887153974,0.565651954,b070ede58ddac744884ccf026b043e7b23b0e30f05cbc17029050373db8d51e4,not fixed; not saved,41.25867629,PASS,2026-09-06T08:45:18
dnn_oof_v1_fixed_5fold_10run_73configs,gpcr,GPCR,44,MSCMF__RandomOver__90_10,Random Over-Sampling,MSCMF,RandomOver,90_10,Oct-90,8,5,21185,20550,635,0.978852962,0.722090261,0.478740157,0.575757576,0.89507623,0.562869211,b070ede58ddac744884ccf026b043e7b23b0e30f05cbc17029050373db8d51e4,not fixed; not saved,41.72112179,PASS,2026-09-06T08:51:29
dnn_oof_v1_fixed_5fold_10run_73configs,gpcr,GPCR,44,MSCMF__RandomOver__90_10,Random Over-Sampling,MSCMF,RandomOver,90_10,Oct-90,9,5,21185,20550,635,0.976823224,0.659292035,0.469291339,0.548298068,0.886551947,0.525509091,b070ede58ddac744884ccf026b043e7b23b0e30f05cbc17029050373db8d51e4,not fixed; not saved,41.46079969,PASS,2026-09-06T08:57:40
dnn_oof_v1_fixed_5fold_10run_73configs,gpcr,GPCR,44,MSCMF__RandomOver__90_10,Random Over-Sampling,MSCMF,RandomOver,90_10,Oct-90,10,5,21185,20550,635,0.977248053,0.667396061,0.480314961,0.558608059,0.890514091,0.537443918,b070ede58ddac744884ccf026b043e7b23b0e30f05cbc17029050373db8d51e4,not fixed; not saved,41.58964157,PASS,2026-09-06T09:03:53
dnn_oof_v1_fixed_5fold_10run_73configs,gpcr,GPCR,45,MSCMF__SMOTE__50_50,SMOTE,MSCMF,SMOTE,50_50,50/50,1,5,21185,20550,635,0.975171112,0.603024575,0.502362205,0.548109966,0.885958159,0.513241687,b070ede58ddac744884ccf026b043e7b23b0e30f05cbc17029050373db8d51e4,not fixed; not saved,62.11181879,PASS,2026-09-06T09:10:27
dnn_oof_v1_fixed_5fold_10run_73configs,gpcr,GPCR,45,MSCMF__SMOTE__50_50,SMOTE,MSCMF,SMOTE,50_50,50/50,2,5,21185,20550,635,0.978664149,0.724815725,0.464566929,0.56621881,0.898689963,0.552995232,b070ede58ddac744884ccf026b043e7b23b0e30f05cbc17029050373db8d51e4,not fixed; not saved,64.0078032,PASS,2026-09-06T09:17:01
dnn_oof_v1_fixed_5fold_10run_73configs,gpcr,GPCR,45,MSCMF__SMOTE__50_50,SMOTE,MSCMF,SMOTE,50_50,50/50,3,5,21185,20550,635,0.977861695,0.695754717,0.464566929,0.557129367,0.895857731,0.546591272,b070ede58ddac744884ccf026b043e7b23b0e30f05cbc17029050373db8d51e4,not fixed; not saved,65.85179996,PASS,2026-09-06T09:23:36
dnn_oof_v1_fixed_5fold_10run_73configs,gpcr,GPCR,45,MSCMF__SMOTE__50_50,SMOTE,MSCMF,SMOTE,50_50,50/50,4,5,21185,20550,635,0.977295256,0.671875,0.474015748,0.555863343,0.881971071,0.533975999,b070ede58ddac744884ccf026b043e7b23b0e30f05cbc17029050373db8d51e4,not fixed; not saved,65.74471092,PASS,2026-09-06T09:30:09
dnn_oof_v1_fixed_5fold_10run_73configs,gpcr,GPCR,45,MSCMF__SMOTE__50_50,SMOTE,MSCMF,SMOTE,50_50,50/50,5,5,21185,20550,635,0.978144914,0.703791469,0.467716535,0.561967833,0.890014713,0.529639747,b070ede58ddac744884ccf026b043e7b23b0e30f05cbc17029050373db8d51e4,not fixed; not saved,66.50229549,PASS,2026-09-06T09:36:44
dnn_oof_v1_fixed_5fold_10run_73configs,gpcr,GPCR,45,MSCMF__SMOTE__50_50,SMOTE,MSCMF,SMOTE,50_50,50/50,6,5,21185,20550,635,0.978900165,0.717592593,0.488188976,0.581068416,0.885086997,0.542229305,b070ede58ddac744884ccf026b043e7b23b0e30f05cbc17029050373db8d51e4,not fixed; not saved,63.75446296,PASS,2026-09-06T09:43:19
dnn_oof_v1_fixed_5fold_10run_73configs,gpcr,GPCR,45,MSCMF__SMOTE__50_50,SMOTE,MSCMF,SMOTE,50_50,50/50,7,5,21185,20550,635,0.978286523,0.717121588,0.45511811,0.556840077,0.900750886,0.550611104,b070ede58ddac744884ccf026b043e7b23b0e30f05cbc17029050373db8d51e4,not fixed; not saved,63.63003397,PASS,2026-09-06T09:49:56
dnn_oof_v1_fixed_5fold_10run_73configs,gpcr,GPCR,45,MSCMF__SMOTE__50_50,SMOTE,MSCMF,SMOTE,50_50,50/50,8,5,21185,20550,635,0.978428133,0.710900474,0.472440945,0.567644276,0.889614116,0.539708049,b070ede58ddac744884ccf026b043e7b23b0e30f05cbc17029050373db8d51e4,not fixed; not saved,65.66776276,PASS,2026-09-06T09:56:33
dnn_oof_v1_fixed_5fold_10run_73configs,gpcr,GPCR,45,MSCMF__SMOTE__50_50,SMOTE,MSCMF,SMOTE,50_50,50/50,9,5,21185,20550,635,0.978664149,0.706546275,0.492913386,0.580705009,0.889955285,0.548131717,b070ede58ddac744884ccf026b043e7b23b0e30f05cbc17029050373db8d51e4,not fixed; not saved,65.88670874,PASS,2026-09-06T10:03:08
dnn_oof_v1_fixed_5fold_10run_73configs,gpcr,GPCR,45,MSCMF__SMOTE__50_50,SMOTE,MSCMF,SMOTE,50_50,50/50,10,5,21185,20550,635,0.978711352,0.720095694,0.474015748,0.571699905,0.895632814,0.550820782,b070ede58ddac744884ccf026b043e7b23b0e30f05cbc17029050373db8d51e4,not fixed; not saved,62.8900063,PASS,2026-09-06T10:09:43
dnn_oof_v1_fixed_5fold_10run_73configs,gpcr,GPCR,46,MSCMF__SMOTE__80_20,SMOTE,MSCMF,SMOTE,80_20,80/20,1,5,21185,20550,635,0.978050507,0.68722467,0.491338583,0.573002755,0.888988371,0.549800392,b070ede58ddac744884ccf026b043e7b23b0e30f05cbc17029050373db8d51e4,not fixed; not saved,44.65113688,PASS,2026-09-06T10:16:02
dnn_oof_v1_fixed_5fold_10run_73configs,gpcr,GPCR,46,MSCMF__SMOTE__80_20,SMOTE,MSCMF,SMOTE,80_20,80/20,2,5,21185,20550,635,0.978003304,0.687361419,0.488188976,0.570902394,0.899794011,0.540641215,b070ede58ddac744884ccf026b043e7b23b0e30f05cbc17029050373db8d51e4,not fixed; not saved,44.19777155,PASS,2026-09-06T10:22:18
dnn_oof_v1_fixed_5fold_10run_73configs,gpcr,GPCR,46,MSCMF__SMOTE__80_20,SMOTE,MSCMF,SMOTE,80_20,80/20,3,5,21185,20550,635,0.978003304,0.691609977,0.480314961,0.566914498,0.888239401,0.543366906,b070ede58ddac744884ccf026b043e7b23b0e30f05cbc17029050373db8d51e4,not fixed; not saved,43.78649354,PASS,2026-09-06T10:28:36
dnn_oof_v1_fixed_5fold_10run_73configs,gpcr,GPCR,46,MSCMF__SMOTE__80_20,SMOTE,MSCMF,SMOTE,80_20,80/20,4,5,21185,20550,635,0.978805759,0.727941176,0.467716535,0.569511026,0.900223155,0.536072276,b070ede58ddac744884ccf026b043e7b23b0e30f05cbc17029050373db8d51e4,not fixed; not saved,45.06946301,PASS,2026-09-06T10:34:56
dnn_oof_v1_fixed_5fold_10run_73configs,gpcr,GPCR,46,MSCMF__SMOTE__80_20,SMOTE,MSCMF,SMOTE,80_20,80/20,5,5,21185,20550,635,0.978097711,0.70212766,0.467716535,0.561436673,0.893198919,0.54182486,b070ede58ddac744884ccf026b043e7b23b0e30f05cbc17029050373db8d51e4,not fixed; not saved,44.10459328,PASS,2026-09-06T10:41:16
dnn_oof_v1_fixed_5fold_10run_73configs,gpcr,GPCR,46,MSCMF__SMOTE__80_20,SMOTE,MSCMF,SMOTE,80_20,80/20,6,5,21185,20550,635,0.977956101,0.686666667,0.486614173,0.569585253,0.888555319,0.545483883,b070ede58ddac744884ccf026b043e7b23b0e30f05cbc17029050373db8d51e4,not fixed; not saved,44.76604676,PASS,2026-09-06T10:47:35
dnn_oof_v1_fixed_5fold_10run_73configs,gpcr,GPCR,46,MSCMF__SMOTE__80_20,SMOTE,MSCMF,SMOTE,80_20,80/20,7,5,21185,20550,635,0.977672882,0.670886076,0.500787402,0.57348963,0.883120486,0.532622852,b070ede58ddac744884ccf026b043e7b23b0e30f05cbc17029050373db8d51e4,not fixed; not saved,43.67760539,PASS,2026-09-06T10:53:57
dnn_oof_v1_fixed_5fold_10run_73configs,gpcr,GPCR,46,MSCMF__SMOTE__80_20,SMOTE,MSCMF,SMOTE,80_20,80/20,8,5,21185,20550,635,0.979230588,0.741935484,0.470866142,0.5761079,0.903564726,0.554914292,b070ede58ddac744884ccf026b043e7b23b0e30f05cbc17029050373db8d51e4,not fixed; not saved,44.01162076,PASS,2026-09-06T11:00:20
dnn_oof_v1_fixed_5fold_10run_73configs,gpcr,GPCR,46,MSCMF__SMOTE__80_20,SMOTE,MSCMF,SMOTE,80_20,80/20,9,5,21185,20550,635,0.978994572,0.726190476,0.480314961,0.578199052,0.895564611,0.561788742,b070ede58ddac744884ccf026b043e7b23b0e30f05cbc17029050373db8d51e4,not fixed; not saved,44.77450109,PASS,2026-09-06T11:06:41
dnn_oof_v1_fixed_5fold_10run_73configs,gpcr,GPCR,46,MSCMF__SMOTE__80_20,SMOTE,MSCMF,SMOTE,80_20,80/20,10,5,21185,20550,635,0.978097711,0.693877551,0.481889764,0.568773234,0.902802192,0.55043422,b070ede58ddac744884ccf026b043e7b23b0e30f05cbc17029050373db8d51e4,not fixed; not saved,43.76328135,PASS,2026-09-06T11:13:05
dnn_oof_v1_fixed_5fold_10run_73configs,gpcr,GPCR,47,MSCMF__SMOTE__85_15,SMOTE,MSCMF,SMOTE,85_15,85/15,1,5,21185,20550,635,0.979608213,0.755667506,0.472440945,0.581395349,0.893964098,0.560389864,b070ede58ddac744884ccf026b043e7b23b0e30f05cbc17029050373db8d51e4,not fixed; not saved,43.08752036,PASS,2026-09-06T11:19:28
dnn_oof_v1_fixed_5fold_10run_73configs,gpcr,GPCR,47,MSCMF__SMOTE__85_15,SMOTE,MSCMF,SMOTE,85_15,85/15,2,5,21185,20550,635,0.977578475,0.68018018,0.475590551,0.559777572,0.886798513,0.539466783,b070ede58ddac744884ccf026b043e7b23b0e30f05cbc17029050373db8d51e4,not fixed; not saved,42.3532002,PASS,2026-09-06T11:25:48
dnn_oof_v1_fixed_5fold_10run_73configs,gpcr,GPCR,47,MSCMF__SMOTE__85_15,SMOTE,MSCMF,SMOTE,85_15,85/15,3,5,21185,20550,635,0.978003304,0.720626632,0.434645669,0.542239686,0.892488381,0.554846104,b070ede58ddac744884ccf026b043e7b23b0e30f05cbc17029050373db8d51e4,not fixed; not saved,42.37078047,PASS,2026-09-06T11:32:09
dnn_oof_v1_fixed_5fold_10run_73configs,gpcr,GPCR,47,MSCMF__SMOTE__85_15,SMOTE,MSCMF,SMOTE,85_15,85/15,4,5,21185,20550,635,0.977248053,0.663811563,0.488188976,0.56261343,0.891309845,0.553006927,b070ede58ddac744884ccf026b043e7b23b0e30f05cbc17029050373db8d51e4,not fixed; not saved,43.27730489,PASS,2026-09-06T11:38:30
dnn_oof_v1_fixed_5fold_10run_73configs,gpcr,GPCR,47,MSCMF__SMOTE__85_15,SMOTE,MSCMF,SMOTE,85_15,85/15,5,5,21185,20550,635,0.978050507,0.70531401,0.45984252,0.556720686,0.891284212,0.548638216,b070ede58ddac744884ccf026b043e7b23b0e30f05cbc17029050373db8d51e4,not fixed; not saved,44.74750209,PASS,2026-09-06T11:44:48
dnn_oof_v1_fixed_5fold_10run_73configs,gpcr,GPCR,47,MSCMF__SMOTE__85_15,SMOTE,MSCMF,SMOTE,85_15,85/15,6,5,21185,20550,635,0.97823932,0.71969697,0.448818898,0.5528613,0.89143537,0.545169313,b070ede58ddac744884ccf026b043e7b23b0e30f05cbc17029050373db8d51e4,not fixed; not saved,45.02386141,PASS,2026-09-06T11:51:06
dnn_oof_v1_fixed_5fold_10run_73configs,gpcr,GPCR,47,MSCMF__SMOTE__85_15,SMOTE,MSCMF,SMOTE,85_15,85/15,7,5,21185,20550,635,0.977861695,0.682819383,0.488188976,0.56932966,0.888007625,0.540561072,b070ede58ddac744884ccf026b043e7b23b0e30f05cbc17029050373db8d51e4,not fixed; not saved,43.5394392,PASS,2026-09-06T11:57:27
dnn_oof_v1_fixed_5fold_10run_73configs,gpcr,GPCR,47,MSCMF__SMOTE__85_15,SMOTE,MSCMF,SMOTE,85_15,85/15,8,5,21185,20550,635,0.978144914,0.706730769,0.462992126,0.559467174,0.902252965,0.556132429,b070ede58ddac744884ccf026b043e7b23b0e30f05cbc17029050373db8d51e4,not fixed; not saved,42.28622389,PASS,2026-09-06T12:03:48
dnn_oof_v1_fixed_5fold_10run_73configs,gpcr,GPCR,47,MSCMF__SMOTE__85_15,SMOTE,MSCMF,SMOTE,85_15,85/15,9,5,21185,20550,635,0.977389662,0.661825726,0.502362205,0.571172784,0.893616875,0.529559918,b070ede58ddac744884ccf026b043e7b23b0e30f05cbc17029050373db8d51e4,not fixed; not saved,42.74246526,PASS,2026-09-06T12:10:11
dnn_oof_v1_fixed_5fold_10run_73configs,gpcr,GPCR,47,MSCMF__SMOTE__85_15,SMOTE,MSCMF,SMOTE,85_15,85/15,10,5,21185,20550,635,0.979277791,0.747474747,0.466141732,0.574199806,0.902228979,0.568370306,b070ede58ddac744884ccf026b043e7b23b0e30f05cbc17029050373db8d51e4,not fixed; not saved,44.28810811,PASS,2026-09-06T12:16:30
dnn_oof_v1_fixed_5fold_10run_73configs,gpcr,GPCR,48,MSCMF__SMOTE__90_10,SMOTE,MSCMF,SMOTE,90_10,Oct-90,1,5,21185,20550,635,0.977908898,0.680345572,0.496062992,0.573770492,0.891520432,0.553345073,b070ede58ddac744884ccf026b043e7b23b0e30f05cbc17029050373db8d51e4,not fixed; not saved,42.12638307,PASS,2026-09-06T12:22:50
dnn_oof_v1_fixed_5fold_10run_73configs,gpcr,GPCR,48,MSCMF__SMOTE__90_10,SMOTE,MSCMF,SMOTE,90_10,Oct-90,2,5,21185,20550,635,0.979088978,0.755319149,0.447244094,0.56181998,0.893211832,0.538760995,b070ede58ddac744884ccf026b043e7b23b0e30f05cbc17029050373db8d51e4,not fixed; not saved,47.86813498,PASS,2026-09-06T12:29:15
dnn_oof_v1_fixed_5fold_10run_73configs,gpcr,GPCR,48,MSCMF__SMOTE__90_10,SMOTE,MSCMF,SMOTE,90_10,Oct-90,3,5,21185,20550,635,0.977720085,0.693586698,0.45984252,0.553030303,0.883897121,0.532503296,b070ede58ddac744884ccf026b043e7b23b0e30f05cbc17029050373db8d51e4,not fixed; not saved,41.61492443,PASS,2026-09-06T12:35:37
dnn_oof_v1_fixed_5fold_10run_73configs,gpcr,GPCR,48,MSCMF__SMOTE__90_10,SMOTE,MSCMF,SMOTE,90_10,Oct-90,4,5,21185,20550,635,0.978333727,0.702764977,0.480314961,0.570626754,0.880736211,0.549522697,b070ede58ddac744884ccf026b043e7b23b0e30f05cbc17029050373db8d51e4,not fixed; not saved,41.67943692,PASS,2026-09-06T12:42:02
dnn_oof_v1_fixed_5fold_10run_73configs,gpcr,GPCR,48,MSCMF__SMOTE__90_10,SMOTE,MSCMF,SMOTE,90_10,Oct-90,5,5,21185,20550,635,0.977342459,0.6849642,0.451968504,0.54459203,0.877398165,0.515894137,b070ede58ddac744884ccf026b043e7b23b0e30f05cbc17029050373db8d51e4,not fixed; not saved,41.00125933,PASS,2026-09-06T12:48:26
dnn_oof_v1_fixed_5fold_10run_73configs,gpcr,GPCR,48,MSCMF__SMOTE__90_10,SMOTE,MSCMF,SMOTE,90_10,Oct-90,6,5,21185,20550,635,0.97823932,0.71969697,0.448818898,0.5528613,0.886994463,0.530766568,b070ede58ddac744884ccf026b043e7b23b0e30f05cbc17029050373db8d51e4,not fixed; not saved,41.26403022,PASS,2026-09-06T12:54:50
dnn_oof_v1_fixed_5fold_10run_73configs,gpcr,GPCR,48,MSCMF__SMOTE__90_10,SMOTE,MSCMF,SMOTE,90_10,Oct-90,7,5,21185,20550,635,0.978852962,0.722090261,0.478740157,0.575757576,0.887452076,0.54175198,b070ede58ddac744884ccf026b043e7b23b0e30f05cbc17029050373db8d51e4,not fixed; not saved,41.32964468,PASS,2026-09-06T13:01:16
dnn_oof_v1_fixed_5fold_10run_73configs,gpcr,GPCR,48,MSCMF__SMOTE__90_10,SMOTE,MSCMF,SMOTE,90_10,Oct-90,8,5,21185,20550,635,0.978333727,0.70657277,0.474015748,0.567389255,0.895689178,0.547256726,b070ede58ddac744884ccf026b043e7b23b0e30f05cbc17029050373db8d51e4,not fixed; not saved,42.15724015,PASS,2026-09-06T13:07:40
dnn_oof_v1_fixed_5fold_10run_73configs,gpcr,GPCR,48,MSCMF__SMOTE__90_10,SMOTE,MSCMF,SMOTE,90_10,Oct-90,9,5,21185,20550,635,0.978097711,0.72922252,0.428346457,0.53968254,0.892790505,0.539268646,b070ede58ddac744884ccf026b043e7b23b0e30f05cbc17029050373db8d51e4,not fixed; not saved,40.8697741,PASS,2026-09-06T13:14:06
dnn_oof_v1_fixed_5fold_10run_73configs,gpcr,GPCR,48,MSCMF__SMOTE__90_10,SMOTE,MSCMF,SMOTE,90_10,Oct-90,10,5,21185,20550,635,0.978758556,0.713625866,0.486614173,0.578651685,0.890743529,0.554940091,b070ede58ddac744884ccf026b043e7b23b0e30f05cbc17029050373db8d51e4,not fixed; not saved,41.79400873,PASS,2026-09-06T13:20:34
dnn_oof_v1_fixed_5fold_10run_73configs,gpcr,GPCR,49,MSCMF__BasicSMOTE__50_50,Basic SMOTE,MSCMF,BasicSMOTE,50_50,50/50,1,5,21185,20550,635,0.97469908,0.588550984,0.518110236,0.551088777,0.898532559,0.509987685,b070ede58ddac744884ccf026b043e7b23b0e30f05cbc17029050373db8d51e4,not fixed; not saved,65.77111864,PASS,2026-09-06T13:27:20
dnn_oof_v1_fixed_5fold_10run_73configs,gpcr,GPCR,49,MSCMF__BasicSMOTE__50_50,Basic SMOTE,MSCMF,BasicSMOTE,50_50,50/50,2,5,21185,20550,635,0.978144914,0.7,0.474015748,0.565258216,0.888066785,0.558511328,b070ede58ddac744884ccf026b043e7b23b0e30f05cbc17029050373db8d51e4,not fixed; not saved,64.93349171,PASS,2026-09-06T13:34:05
dnn_oof_v1_fixed_5fold_10run_73configs,gpcr,GPCR,49,MSCMF__BasicSMOTE__50_50,Basic SMOTE,MSCMF,BasicSMOTE,50_50,50/50,3,5,21185,20550,635,0.979324994,0.733966746,0.486614173,0.585227273,0.904966186,0.567400955,b070ede58ddac744884ccf026b043e7b23b0e30f05cbc17029050373db8d51e4,not fixed; not saved,66.8788507,PASS,2026-09-06T13:40:50
dnn_oof_v1_fixed_5fold_10run_73configs,gpcr,GPCR,49,MSCMF__BasicSMOTE__50_50,Basic SMOTE,MSCMF,BasicSMOTE,50_50,50/50,4,5,21185,20550,635,0.97823932,0.692477876,0.492913386,0.575896964,0.896185298,0.537295246,b070ede58ddac744884ccf026b043e7b23b0e30f05cbc17029050373db8d51e4,not fixed; not saved,63.03004479,PASS,2026-09-06T13:47:36
dnn_oof_v1_fixed_5fold_10run_73configs,gpcr,GPCR,49,MSCMF__BasicSMOTE__50_50,Basic SMOTE,MSCMF,BasicSMOTE,50_50,50/50,5,5,21185,20550,635,0.978192117,0.690949227,0.492913386,0.575367647,0.887470698,0.515562898,b070ede58ddac744884ccf026b043e7b23b0e30f05cbc17029050373db8d51e4,not fixed; not saved,63.81400108,PASS,2026-09-06T13:54:21
dnn_oof_v1_fixed_5fold_10run_73configs,gpcr,GPCR,49,MSCMF__BasicSMOTE__50_50,Basic SMOTE,MSCMF,BasicSMOTE,50_50,50/50,6,5,21185,20550,635,0.979088978,0.73880597,0.467716535,0.572806172,0.886845183,0.552909709,b070ede58ddac744884ccf026b043e7b23b0e30f05cbc17029050373db8d51e4,not fixed; not saved,63.96103978,PASS,2026-09-06T14:01:06
dnn_oof_v1_fixed_5fold_10run_73configs,gpcr,GPCR,49,MSCMF__BasicSMOTE__50_50,Basic SMOTE,MSCMF,BasicSMOTE,50_50,50/50,7,5,21185,20550,635,0.97838093,0.724050633,0.450393701,0.555339806,0.881340192,0.540074527,b070ede58ddac744884ccf026b043e7b23b0e30f05cbc17029050373db8d51e4,not fixed; not saved,64.09892821,PASS,2026-09-06T14:07:55
dnn_oof_v1_fixed_5fold_10run_73configs,gpcr,GPCR,49,MSCMF__BasicSMOTE__50_50,Basic SMOTE,MSCMF,BasicSMOTE,50_50,50/50,8,5,21185,20550,635,0.977153646,0.682808717,0.444094488,0.538167939,0.889706037,0.524520126,b070ede58ddac744884ccf026b043e7b23b0e30f05cbc17029050373db8d51e4,not fixed; not saved,66.35209966,PASS,2026-09-06T14:14:42
dnn_oof_v1_fixed_5fold_10run_73configs,gpcr,GPCR,49,MSCMF__BasicSMOTE__50_50,Basic SMOTE,MSCMF,BasicSMOTE,50_50,50/50,9,5,21185,20550,635,0.977814491,0.679738562,0.491338583,0.570383912,0.885834933,0.535717928,b070ede58ddac744884ccf026b043e7b23b0e30f05cbc17029050373db8d51e4,not fixed; not saved,62.0802319,PASS,2026-09-06T14:21:28
dnn_oof_v1_fixed_5fold_10run_73configs,gpcr,GPCR,49,MSCMF__BasicSMOTE__50_50,Basic SMOTE,MSCMF,BasicSMOTE,50_50,50/50,10,5,21185,20550,635,0.978286523,0.698412698,0.48503937,0.572490706,0.897889112,0.553279491,b070ede58ddac744884ccf026b043e7b23b0e30f05cbc17029050373db8d51e4,not fixed; not saved,64.34739828,PASS,2026-09-06T14:28:14
dnn_oof_v1_fixed_5fold_10run_73configs,gpcr,GPCR,50,MSCMF__BasicSMOTE__80_20,Basic SMOTE,MSCMF,BasicSMOTE,80_20,80/20,1,5,21185,20550,635,0.978286523,0.69751693,0.486614173,0.573283859,0.892244612,0.556476013,b070ede58ddac744884ccf026b043e7b23b0e30f05cbc17029050373db8d51e4,not fixed; not saved,45.66629028,PASS,2026-09-06T14:34:48
dnn_oof_v1_fixed_5fold_10run_73configs,gpcr,GPCR,50,MSCMF__BasicSMOTE__80_20,Basic SMOTE,MSCMF,BasicSMOTE,80_20,80/20,2,5,21185,20550,635,0.978333727,0.700913242,0.483464567,0.5722274,0.887935514,0.555911513,b070ede58ddac744884ccf026b043e7b23b0e30f05cbc17029050373db8d51e4,not fixed; not saved,44.83476424,PASS,2026-09-06T14:41:21
dnn_oof_v1_fixed_5fold_10run_73configs,gpcr,GPCR,50,MSCMF__BasicSMOTE__80_20,Basic SMOTE,MSCMF,BasicSMOTE,80_20,80/20,3,5,21185,20550,635,0.978144914,0.684549356,0.502362205,0.579473206,0.882026707,0.558821856,b070ede58ddac744884ccf026b043e7b23b0e30f05cbc17029050373db8d51e4,not fixed; not saved,45.8179419,PASS,2026-09-06T14:47:53
dnn_oof_v1_fixed_5fold_10run_73configs,gpcr,GPCR,50,MSCMF__BasicSMOTE__80_20,Basic SMOTE,MSCMF,BasicSMOTE,80_20,80/20,4,5,21185,20550,635,0.978947368,0.749340369,0.447244094,0.560157791,0.89243765,0.551595215,b070ede58ddac744884ccf026b043e7b23b0e30f05cbc17029050373db8d51e4,not fixed; not saved,45.15053058,PASS,2026-09-06T14:54:23
dnn_oof_v1_fixed_5fold_10run_73configs,gpcr,GPCR,50,MSCMF__BasicSMOTE__80_20,Basic SMOTE,MSCMF,BasicSMOTE,80_20,80/20,5,5,21185,20550,635,0.977531272,0.685314685,0.462992126,0.552631579,0.898142767,0.551320259,b070ede58ddac744884ccf026b043e7b23b0e30f05cbc17029050373db8d51e4,not fixed; not saved,45.85429978,PASS,2026-09-06T15:00:56
dnn_oof_v1_fixed_5fold_10run_73configs,gpcr,GPCR,50,MSCMF__BasicSMOTE__80_20,Basic SMOTE,MSCMF,BasicSMOTE,80_20,80/20,6,5,21185,20550,635,0.976540005,0.651315789,0.467716535,0.544454629,0.886876104,0.512151197,b070ede58ddac744884ccf026b043e7b23b0e30f05cbc17029050373db8d51e4,not fixed; not saved,45.50245619,PASS,2026-09-06T15:07:30
dnn_oof_v1_fixed_5fold_10run_73configs,gpcr,GPCR,50,MSCMF__BasicSMOTE__80_20,Basic SMOTE,MSCMF,BasicSMOTE,80_20,80/20,7,5,21185,20550,635,0.977106443,0.665929204,0.474015748,0.553817847,0.898940782,0.536477713,b070ede58ddac744884ccf026b043e7b23b0e30f05cbc17029050373db8d51e4,not fixed; not saved,48.29252887,PASS,2026-09-06T15:14:03
dnn_oof_v1_fixed_5fold_10run_73configs,gpcr,GPCR,50,MSCMF__BasicSMOTE__80_20,Basic SMOTE,MSCMF,BasicSMOTE,80_20,80/20,8,5,21185,20550,635,0.978050507,0.68558952,0.494488189,0.574565416,0.886437458,0.531540429,b070ede58ddac744884ccf026b043e7b23b0e30f05cbc17029050373db8d51e4,not fixed; not saved,46.60846496,PASS,2026-09-06T15:20:37
dnn_oof_v1_fixed_5fold_10run_73configs,gpcr,GPCR,50,MSCMF__BasicSMOTE__80_20,Basic SMOTE,MSCMF,BasicSMOTE,80_20,80/20,9,5,21185,20550,635,0.97691763,0.653361345,0.48976378,0.559855986,0.888177711,0.528033573,b070ede58ddac744884ccf026b043e7b23b0e30f05cbc17029050373db8d51e4,not fixed; not saved,45.00627089,PASS,2026-09-06T15:27:08
dnn_oof_v1_fixed_5fold_10run_73configs,gpcr,GPCR,50,MSCMF__BasicSMOTE__80_20,Basic SMOTE,MSCMF,BasicSMOTE,80_20,80/20,10,5,21185,20550,635,0.976681614,0.659863946,0.458267717,0.540892193,0.887863325,0.514720051,b070ede58ddac744884ccf026b043e7b23b0e30f05cbc17029050373db8d51e4,not fixed; not saved,44.76247764,PASS,2026-09-06T15:33:43
dnn_oof_v1_fixed_5fold_10run_73configs,gpcr,GPCR,51,MSCMF__BasicSMOTE__85_15,Basic SMOTE,MSCMF,BasicSMOTE,85_15,85/15,1,5,21185,20550,635,0.979372197,0.75,0.467716535,0.57613967,0.900103761,0.566355454,b070ede58ddac744884ccf026b043e7b23b0e30f05cbc17029050373db8d51e4,not fixed; not saved,44.07313251,PASS,2026-09-06T15:40:20
dnn_oof_v1_fixed_5fold_10run_73configs,gpcr,GPCR,51,MSCMF__BasicSMOTE__85_15,Basic SMOTE,MSCMF,BasicSMOTE,85_15,85/15,2,5,21185,20550,635,0.978805759,0.71627907,0.48503937,0.578403756,0.895823132,0.56633898,b070ede58ddac744884ccf026b043e7b23b0e30f05cbc17029050373db8d51e4,not fixed; not saved,42.74293351,PASS,2026-09-06T15:46:52
dnn_oof_v1_fixed_5fold_10run_73configs,gpcr,GPCR,51,MSCMF__BasicSMOTE__85_15,Basic SMOTE,MSCMF,BasicSMOTE,85_15,85/15,3,5,21185,20550,635,0.97852254,0.731958763,0.447244094,0.555229717,0.898956722,0.564948982,b070ede58ddac744884ccf026b043e7b23b0e30f05cbc17029050373db8d51e4,not fixed; not saved,42.70999765,PASS,2026-09-06T15:53:26
dnn_oof_v1_fixed_5fold_10run_73configs,gpcr,GPCR,51,MSCMF__BasicSMOTE__85_15,Basic SMOTE,MSCMF,BasicSMOTE,85_15,85/15,4,5,21185,20550,635,0.978144914,0.688596491,0.494488189,0.575618698,0.889374907,0.530134689,b070ede58ddac744884ccf026b043e7b23b0e30f05cbc17029050373db8d51e4,not fixed; not saved,43.42396021,PASS,2026-09-06T16:00:00
dnn_oof_v1_fixed_5fold_10run_73configs,gpcr,GPCR,51,MSCMF__BasicSMOTE__85_15,Basic SMOTE,MSCMF,BasicSMOTE,85_15,85/15,5,5,21185,20550,635,0.97852254,0.718446602,0.466141732,0.565425024,0.898545127,0.571918072,b070ede58ddac744884ccf026b043e7b23b0e30f05cbc17029050373db8d51e4,not fixed; not saved,42.790133,PASS,2026-09-06T16:06:31
dnn_oof_v1_fixed_5fold_10run_73configs,gpcr,GPCR,51,MSCMF__BasicSMOTE__85_15,Basic SMOTE,MSCMF,BasicSMOTE,85_15,85/15,6,5,21185,20550,635,0.978003304,0.690744921,0.481889764,0.567717996,0.890945227,0.550796939,b070ede58ddac744884ccf026b043e7b23b0e30f05cbc17029050373db8d51e4,not fixed; not saved,43.5148108,PASS,2026-09-06T16:13:02
dnn_oof_v1_fixed_5fold_10run_73configs,gpcr,GPCR,51,MSCMF__BasicSMOTE__85_15,Basic SMOTE,MSCMF,BasicSMOTE,85_15,85/15,7,5,21185,20550,635,0.977861695,0.680434783,0.492913386,0.571689498,0.900167941,0.550982157,b070ede58ddac744884ccf026b043e7b23b0e30f05cbc17029050373db8d51e4,not fixed; not saved,43.56292725,PASS,2026-09-06T16:19:35
dnn_oof_v1_fixed_5fold_10run_73configs,gpcr,GPCR,51,MSCMF__BasicSMOTE__85_15,Basic SMOTE,MSCMF,BasicSMOTE,85_15,85/15,8,5,21185,20550,635,0.978616946,0.709677419,0.48503937,0.576239476,0.891927161,0.556095033,b070ede58ddac744884ccf026b043e7b23b0e30f05cbc17029050373db8d51e4,not fixed; not saved,44.52188563,PASS,2026-09-06T16:26:10
dnn_oof_v1_fixed_5fold_10run_73configs,gpcr,GPCR,51,MSCMF__BasicSMOTE__85_15,Basic SMOTE,MSCMF,BasicSMOTE,85_15,85/15,9,5,21185,20550,635,0.976067973,0.636170213,0.470866142,0.541176471,0.888563557,0.531057169,b070ede58ddac744884ccf026b043e7b23b0e30f05cbc17029050373db8d51e4,not fixed; not saved,43.53334689,PASS,2026-09-06T16:32:41
dnn_oof_v1_fixed_5fold_10run_73configs,gpcr,GPCR,51,MSCMF__BasicSMOTE__85_15,Basic SMOTE,MSCMF,BasicSMOTE,85_15,85/15,10,5,21185,20550,635,0.978286523,0.69751693,0.486614173,0.573283859,0.894253769,0.547490531,b070ede58ddac744884ccf026b043e7b23b0e30f05cbc17029050373db8d51e4,not fixed; not saved,43.39023352,PASS,2026-09-06T16:39:13
dnn_oof_v1_fixed_5fold_10run_73configs,gpcr,GPCR,52,MSCMF__BasicSMOTE__90_10,Basic SMOTE,MSCMF,BasicSMOTE,90_10,Oct-90,1,5,21185,20550,635,0.977956101,0.688340807,0.483464567,0.567992599,0.889536372,0.533844267,b070ede58ddac744884ccf026b043e7b23b0e30f05cbc17029050373db8d51e4,not fixed; not saved,41.83638453,PASS,2026-09-06T16:45:46
dnn_oof_v1_fixed_5fold_10run_73configs,gpcr,GPCR,52,MSCMF__BasicSMOTE__90_10,Basic SMOTE,MSCMF,BasicSMOTE,90_10,Oct-90,2,5,21185,20550,635,0.978192117,0.696145125,0.483464567,0.57063197,0.897184436,0.548184022,b070ede58ddac744884ccf026b043e7b23b0e30f05cbc17029050373db8d51e4,not fixed; not saved,42.60952425,PASS,2026-09-06T16:52:20
dnn_oof_v1_fixed_5fold_10run_73configs,gpcr,GPCR,52,MSCMF__BasicSMOTE__90_10,Basic SMOTE,MSCMF,BasicSMOTE,90_10,Oct-90,3,5,21185,20550,635,0.978805759,0.712328767,0.491338583,0.581547064,0.891425791,0.552553581,b070ede58ddac744884ccf026b043e7b23b0e30f05cbc17029050373db8d51e4,not fixed; not saved,42.6251421,PASS,2026-09-06T16:58:54
dnn_oof_v1_fixed_5fold_10run_73configs,gpcr,GPCR,52,MSCMF__BasicSMOTE__90_10,Basic SMOTE,MSCMF,BasicSMOTE,90_10,Oct-90,4,5,21185,20550,635,0.978286523,0.711864407,0.462992126,0.561068702,0.895027185,0.548562042,b070ede58ddac744884ccf026b043e7b23b0e30f05cbc17029050373db8d51e4,not fixed; not saved,41.42041469,PASS,2026-09-06T17:05:29
dnn_oof_v1_fixed_5fold_10run_73configs,gpcr,GPCR,52,MSCMF__BasicSMOTE__90_10,Basic SMOTE,MSCMF,BasicSMOTE,90_10,Oct-90,5,5,21185,20550,635,0.978805759,0.726829268,0.469291339,0.570334928,0.89686959,0.569830916,b070ede58ddac744884ccf026b043e7b23b0e30f05cbc17029050373db8d51e4,not fixed; not saved,44.44248152,PASS,2026-09-06T17:12:05
dnn_oof_v1_fixed_5fold_10run_73configs,gpcr,GPCR,52,MSCMF__BasicSMOTE__90_10,Basic SMOTE,MSCMF,BasicSMOTE,90_10,Oct-90,6,5,21185,20550,635,0.978144914,0.7,0.474015748,0.565258216,0.889658256,0.560897848,b070ede58ddac744884ccf026b043e7b23b0e30f05cbc17029050373db8d51e4,not fixed; not saved,43.15218759,PASS,2026-09-06T17:18:41
dnn_oof_v1_fixed_5fold_10run_73configs,gpcr,GPCR,52,MSCMF__BasicSMOTE__90_10,Basic SMOTE,MSCMF,BasicSMOTE,90_10,Oct-90,7,5,21185,20550,635,0.979183384,0.734299517,0.478740157,0.579599619,0.903753013,0.569545818,b070ede58ddac744884ccf026b043e7b23b0e30f05cbc17029050373db8d51e4,not fixed; not saved,42.16787362,PASS,2026-09-06T17:25:14
dnn_oof_v1_fixed_5fold_10run_73configs,gpcr,GPCR,52,MSCMF__BasicSMOTE__90_10,Basic SMOTE,MSCMF,BasicSMOTE,90_10,Oct-90,8,5,21185,20550,635,0.97852254,0.712264151,0.475590551,0.570349386,0.89632477,0.56075457,b070ede58ddac744884ccf026b043e7b23b0e30f05cbc17029050373db8d51e4,not fixed; not saved,41.87814045,PASS,2026-09-06T17:31:51
dnn_oof_v1_fixed_5fold_10run_73configs,gpcr,GPCR,52,MSCMF__BasicSMOTE__90_10,Basic SMOTE,MSCMF,BasicSMOTE,90_10,Oct-90,9,5,21185,20550,635,0.976162379,0.631048387,0.492913386,0.553492485,0.892707244,0.521009185,b070ede58ddac744884ccf026b043e7b23b0e30f05cbc17029050373db8d51e4,not fixed; not saved,41.38814926,PASS,2026-09-06T17:38:25
dnn_oof_v1_fixed_5fold_10run_73configs,gpcr,GPCR,52,MSCMF__BasicSMOTE__90_10,Basic SMOTE,MSCMF,BasicSMOTE,90_10,Oct-90,10,5,21185,20550,635,0.978616946,0.736979167,0.445669291,0.555446516,0.885261452,0.530812222,b070ede58ddac744884ccf026b043e7b23b0e30f05cbc17029050373db8d51e4,not fixed; not saved,41.66917038,PASS,2026-09-06T17:45:02
dnn_oof_v1_fixed_5fold_10run_73configs,gpcr,GPCR,53,MSCMF__KMeansSMOTE__50_50,k-Means SMOTE,MSCMF,KMeansSMOTE,50_50,50/50,1,5,21185,20550,635,0.978711352,0.718009479,0.477165354,0.573320719,0.89751001,0.558463803,b070ede58ddac744884ccf026b043e7b23b0e30f05cbc17029050373db8d51e4,not fixed; not saved,64.50981784,PASS,2026-09-06T17:52:00
dnn_oof_v1_fixed_5fold_10run_73configs,gpcr,GPCR,53,MSCMF__KMeansSMOTE__50_50,k-Means SMOTE,MSCMF,KMeansSMOTE,50_50,50/50,2,5,21185,20550,635,0.977720085,0.699266504,0.450393701,0.54789272,0.88369094,0.530897346,b070ede58ddac744884ccf026b043e7b23b0e30f05cbc17029050373db8d51e4,not fixed; not saved,66.1719408,PASS,2026-09-06T17:58:56
dnn_oof_v1_fixed_5fold_10run_73configs,gpcr,GPCR,53,MSCMF__KMeansSMOTE__50_50,k-Means SMOTE,MSCMF,KMeansSMOTE,50_50,50/50,3,5,21185,20550,635,0.977153646,0.685503686,0.439370079,0.535508637,0.875085695,0.516922884,b070ede58ddac744884ccf026b043e7b23b0e30f05cbc17029050373db8d51e4,not fixed; not saved,62.15936184,PASS,2026-09-06T18:05:53
dnn_oof_v1_fixed_5fold_10run_73configs,gpcr,GPCR,53,MSCMF__KMeansSMOTE__50_50,k-Means SMOTE,MSCMF,KMeansSMOTE,50_50,50/50,4,5,21185,20550,635,0.978616946,0.719806763,0.469291339,0.568160153,0.90042876,0.555853295,b070ede58ddac744884ccf026b043e7b23b0e30f05cbc17029050373db8d51e4,not fixed; not saved,63.51525354,PASS,2026-09-06T18:12:51
dnn_oof_v1_fixed_5fold_10run_73configs,gpcr,GPCR,53,MSCMF__KMeansSMOTE__50_50,k-Means SMOTE,MSCMF,KMeansSMOTE,50_50,50/50,5,5,21185,20550,635,0.97838093,0.707259953,0.475590551,0.56873823,0.888798935,0.547625731,b070ede58ddac744884ccf026b043e7b23b0e30f05cbc17029050373db8d51e4,not fixed; not saved,64.37307167,PASS,2026-09-06T18:19:48
dnn_oof_v1_fixed_5fold_10run_73configs,gpcr,GPCR,53,MSCMF__KMeansSMOTE__50_50,k-Means SMOTE,MSCMF,KMeansSMOTE,50_50,50/50,6,5,21185,20550,635,0.978003304,0.690744921,0.481889764,0.567717996,0.897415215,0.552663193,b070ede58ddac744884ccf026b043e7b23b0e30f05cbc17029050373db8d51e4,not fixed; not saved,66.50144696,PASS,2026-09-06T18:26:48
dnn_oof_v1_fixed_5fold_10run_73configs,gpcr,GPCR,53,MSCMF__KMeansSMOTE__50_50,k-Means SMOTE,MSCMF,KMeansSMOTE,50_50,50/50,7,5,21185,20550,635,0.977578475,0.680995475,0.474015748,0.558960074,0.891569056,0.547462377,b070ede58ddac744884ccf026b043e7b23b0e30f05cbc17029050373db8d51e4,not fixed; not saved,63.96475053,PASS,2026-09-06T18:33:48
dnn_oof_v1_fixed_5fold_10run_73configs,gpcr,GPCR,53,MSCMF__KMeansSMOTE__50_50,k-Means SMOTE,MSCMF,KMeansSMOTE,50_50,50/50,8,5,21185,20550,635,0.977578475,0.668776371,0.499212598,0.571686204,0.897895128,0.553804645,b070ede58ddac744884ccf026b043e7b23b0e30f05cbc17029050373db8d51e4,not fixed; not saved,65.05749679,PASS,2026-09-06T18:40:48
dnn_oof_v1_fixed_5fold_10run_73configs,gpcr,GPCR,53,MSCMF__KMeansSMOTE__50_50,k-Means SMOTE,MSCMF,KMeansSMOTE,50_50,50/50,9,5,21185,20550,635,0.977012037,0.658119658,0.48503937,0.558476881,0.893255091,0.522436482,b070ede58ddac744884ccf026b043e7b23b0e30f05cbc17029050373db8d51e4,not fixed; not saved,63.68496919,PASS,2026-09-06T18:47:47
dnn_oof_v1_fixed_5fold_10run_73configs,gpcr,GPCR,53,MSCMF__KMeansSMOTE__50_50,k-Means SMOTE,MSCMF,KMeansSMOTE,50_50,50/50,10,5,21185,20550,635,0.978475336,0.708624709,0.478740157,0.571428571,0.90015909,0.559442587,b070ede58ddac744884ccf026b043e7b23b0e30f05cbc17029050373db8d51e4,not fixed; not saved,66.55524373,PASS,2026-09-06T18:54:48
dnn_oof_v1_fixed_5fold_10run_73configs,gpcr,GPCR,54,MSCMF__KMeansSMOTE__80_20,k-Means SMOTE,MSCMF,KMeansSMOTE,80_20,80/20,1,5,21185,20550,635,0.977861695,0.682017544,0.48976378,0.570119157,0.879933751,0.514731993,b070ede58ddac744884ccf026b043e7b23b0e30f05cbc17029050373db8d51e4,not fixed; not saved,45.8127265,PASS,2026-09-06T19:01:37
dnn_oof_v1_fixed_5fold_10run_73configs,gpcr,GPCR,54,MSCMF__KMeansSMOTE__80_20,k-Means SMOTE,MSCMF,KMeansSMOTE,80_20,80/20,2,5,21185,20550,635,0.977342459,0.667386609,0.486614173,0.56284153,0.889462728,0.537292951,b070ede58ddac744884ccf026b043e7b23b0e30f05cbc17029050373db8d51e4,not fixed; not saved,44.4379766,PASS,2026-09-06T19:08:20
dnn_oof_v1_fixed_5fold_10run_73configs,gpcr,GPCR,54,MSCMF__KMeansSMOTE__80_20,k-Means SMOTE,MSCMF,KMeansSMOTE,80_20,80/20,3,5,21185,20550,635,0.978050507,0.697674419,0.472440945,0.563380282,0.878638466,0.509900943,b070ede58ddac744884ccf026b043e7b23b0e30f05cbc17029050373db8d51e4,not fixed; not saved,43.49320221,PASS,2026-09-06T19:15:01
dnn_oof_v1_fixed_5fold_10run_73configs,gpcr,GPCR,54,MSCMF__KMeansSMOTE__80_20,k-Means SMOTE,MSCMF,KMeansSMOTE,80_20,80/20,4,5,21185,20550,635,0.978333727,0.704651163,0.477165354,0.569014085,0.899652624,0.544732297,b070ede58ddac744884ccf026b043e7b23b0e30f05cbc17029050373db8d51e4,not fixed; not saved,44.77505589,PASS,2026-09-06T19:21:45
dnn_oof_v1_fixed_5fold_10run_73configs,gpcr,GPCR,54,MSCMF__KMeansSMOTE__80_20,k-Means SMOTE,MSCMF,KMeansSMOTE,80_20,80/20,5,5,21185,20550,635,0.976964834,0.674584323,0.447244094,0.537878788,0.880738663,0.521713207,b070ede58ddac744884ccf026b043e7b23b0e30f05cbc17029050373db8d51e4,not fixed; not saved,44.72113824,PASS,2026-09-06T19:28:28
dnn_oof_v1_fixed_5fold_10run_73configs,gpcr,GPCR,54,MSCMF__KMeansSMOTE__80_20,k-Means SMOTE,MSCMF,KMeansSMOTE,80_20,80/20,6,5,21185,20550,635,0.97852254,0.708333333,0.481889764,0.573570759,0.890914574,0.541888157,b070ede58ddac744884ccf026b043e7b23b0e30f05cbc17029050373db8d51e4,not fixed; not saved,45.13753581,PASS,2026-09-06T19:35:11
dnn_oof_v1_fixed_5fold_10run_73configs,gpcr,GPCR,54,MSCMF__KMeansSMOTE__80_20,k-Means SMOTE,MSCMF,KMeansSMOTE,80_20,80/20,7,5,21185,20550,635,0.979088978,0.74,0.466141732,0.571980676,0.88483522,0.534814551,b070ede58ddac744884ccf026b043e7b23b0e30f05cbc17029050373db8d51e4,not fixed; not saved,45.06330681,PASS,2026-09-06T19:41:53
dnn_oof_v1_fixed_5fold_10run_73configs,gpcr,GPCR,54,MSCMF__KMeansSMOTE__80_20,k-Means SMOTE,MSCMF,KMeansSMOTE,80_20,80/20,8,5,21185,20550,635,0.976823224,0.66744186,0.451968504,0.538967136,0.899108071,0.497978241,b070ede58ddac744884ccf026b043e7b23b0e30f05cbc17029050373db8d51e4,not fixed; not saved,45.09639978,PASS,2026-09-06T19:48:35
dnn_oof_v1_fixed_5fold_10run_73configs,gpcr,GPCR,54,MSCMF__KMeansSMOTE__80_20,k-Means SMOTE,MSCMF,KMeansSMOTE,80_20,80/20,9,5,21185,20550,635,0.978664149,0.727047146,0.461417323,0.564547206,0.89101799,0.546014278,b070ede58ddac744884ccf026b043e7b23b0e30f05cbc17029050373db8d51e4,not fixed; not saved,44.30128813,PASS,2026-09-06T19:55:19
dnn_oof_v1_fixed_5fold_10run_73configs,gpcr,GPCR,54,MSCMF__KMeansSMOTE__80_20,k-Means SMOTE,MSCMF,KMeansSMOTE,80_20,80/20,10,5,21185,20550,635,0.978711352,0.723300971,0.469291339,0.569245463,0.895084468,0.559785675,b070ede58ddac744884ccf026b043e7b23b0e30f05cbc17029050373db8d51e4,not fixed; not saved,45.59504557,PASS,2026-09-06T20:02:06
dnn_oof_v1_fixed_5fold_10run_73configs,gpcr,GPCR,55,MSCMF__KMeansSMOTE__85_15,k-Means SMOTE,MSCMF,KMeansSMOTE,85_15,85/15,1,5,21185,20550,635,0.977814491,0.70471464,0.447244094,0.547206166,0.88833228,0.529337924,b070ede58ddac744884ccf026b043e7b23b0e30f05cbc17029050373db8d51e4,not fixed; not saved,42.7283144,PASS,2026-09-06T20:08:50
dnn_oof_v1_fixed_5fold_10run_73configs,gpcr,GPCR,55,MSCMF__KMeansSMOTE__85_15,k-Means SMOTE,MSCMF,KMeansSMOTE,85_15,85/15,2,5,21185,20550,635,0.977720085,0.679120879,0.486614173,0.566972477,0.887953446,0.539893926,b070ede58ddac744884ccf026b043e7b23b0e30f05cbc17029050373db8d51e4,not fixed; not saved,42.09971213,PASS,2026-09-06T20:15:34
dnn_oof_v1_fixed_5fold_10run_73configs,gpcr,GPCR,55,MSCMF__KMeansSMOTE__85_15,k-Means SMOTE,MSCMF,KMeansSMOTE,85_15,85/15,3,5,21185,20550,635,0.97852254,0.712264151,0.475590551,0.570349386,0.897306895,0.558150579,b070ede58ddac744884ccf026b043e7b23b0e30f05cbc17029050373db8d51e4,not fixed; not saved,42.70138097,PASS,2026-09-06T20:22:19
dnn_oof_v1_fixed_5fold_10run_73configs,gpcr,GPCR,55,MSCMF__KMeansSMOTE__85_15,k-Means SMOTE,MSCMF,KMeansSMOTE,85_15,85/15,4,5,21185,20550,635,0.978475336,0.722084367,0.458267717,0.560693642,0.892931931,0.532383611,b070ede58ddac744884ccf026b043e7b23b0e30f05cbc17029050373db8d51e4,not fixed; not saved,43.18422842,PASS,2026-09-06T20:29:05
dnn_oof_v1_fixed_5fold_10run_73configs,gpcr,GPCR,55,MSCMF__KMeansSMOTE__85_15,k-Means SMOTE,MSCMF,KMeansSMOTE,85_15,85/15,5,5,21185,20550,635,0.979088978,0.74,0.466141732,0.571980676,0.891097649,0.538787133,b070ede58ddac744884ccf026b043e7b23b0e30f05cbc17029050373db8d51e4,not fixed; not saved,43.24288774,PASS,2026-09-06T20:35:53
dnn_oof_v1_fixed_5fold_10run_73configs,gpcr,GPCR,55,MSCMF__KMeansSMOTE__85_15,k-Means SMOTE,MSCMF,KMeansSMOTE,85_15,85/15,6,5,21185,20550,635,0.978616946,0.720873786,0.467716535,0.567335244,0.899318811,0.543181926,b070ede58ddac744884ccf026b043e7b23b0e30f05cbc17029050373db8d51e4,not fixed; not saved,43.12383413,PASS,2026-09-06T20:42:42
dnn_oof_v1_fixed_5fold_10run_73configs,gpcr,GPCR,55,MSCMF__KMeansSMOTE__85_15,k-Means SMOTE,MSCMF,KMeansSMOTE,85_15,85/15,7,5,21185,20550,635,0.97705924,0.652351738,0.502362205,0.567615658,0.886013832,0.54028371,b070ede58ddac744884ccf026b043e7b23b0e30f05cbc17029050373db8d51e4,not fixed; not saved,42.08693171,PASS,2026-09-06T20:49:26
dnn_oof_v1_fixed_5fold_10run_73configs,gpcr,GPCR,55,MSCMF__KMeansSMOTE__85_15,k-Means SMOTE,MSCMF,KMeansSMOTE,85_15,85/15,8,5,21185,20550,635,0.978616946,0.740740741,0.440944882,0.552813425,0.887646033,0.551270266,b070ede58ddac744884ccf026b043e7b23b0e30f05cbc17029050373db8d51e4,not fixed; not saved,41.6122067,PASS,2026-09-06T20:56:11
dnn_oof_v1_fixed_5fold_10run_73configs,gpcr,GPCR,55,MSCMF__KMeansSMOTE__85_15,k-Means SMOTE,MSCMF,KMeansSMOTE,85_15,85/15,9,5,21185,20550,635,0.97838093,0.700680272,0.486614173,0.574349442,0.889200529,0.546004596,b070ede58ddac744884ccf026b043e7b23b0e30f05cbc17029050373db8d51e4,not fixed; not saved,41.90783668,PASS,2026-09-06T21:02:56
dnn_oof_v1_fixed_5fold_10run_73configs,gpcr,GPCR,55,MSCMF__KMeansSMOTE__85_15,k-Means SMOTE,MSCMF,KMeansSMOTE,85_15,85/15,10,5,21185,20550,635,0.978900165,0.725961538,0.475590551,0.574690771,0.884542905,0.545232189,b070ede58ddac744884ccf026b043e7b23b0e30f05cbc17029050373db8d51e4,not fixed; not saved,42.67898989,PASS,2026-09-06T21:09:43
dnn_oof_v1_fixed_5fold_10run_73configs,gpcr,GPCR,56,MSCMF__KMeansSMOTE__90_10,k-Means SMOTE,MSCMF,KMeansSMOTE,90_10,Oct-90,1,5,21185,20550,635,0.977578475,0.687793427,0.461417323,0.552309142,0.888259287,0.550108985,b070ede58ddac744884ccf026b043e7b23b0e30f05cbc17029050373db8d51e4,not fixed; not saved,40.59966326,PASS,2026-09-06T21:16:30
dnn_oof_v1_fixed_5fold_10run_73configs,gpcr,GPCR,56,MSCMF__KMeansSMOTE__90_10,k-Means SMOTE,MSCMF,KMeansSMOTE,90_10,Oct-90,2,5,21185,20550,635,0.977106443,0.664473684,0.477165354,0.555453712,0.892929747,0.537171389,b070ede58ddac744884ccf026b043e7b23b0e30f05cbc17029050373db8d51e4,not fixed; not saved,40.10148644,PASS,2026-09-06T21:23:15
dnn_oof_v1_fixed_5fold_10run_73configs,gpcr,GPCR,56,MSCMF__KMeansSMOTE__90_10,k-Means SMOTE,MSCMF,KMeansSMOTE,90_10,Oct-90,3,5,21185,20550,635,0.978616946,0.72979798,0.45511811,0.560620757,0.885292105,0.528809759,b070ede58ddac744884ccf026b043e7b23b0e30f05cbc17029050373db8d51e4,not fixed; not saved,40.38367915,PASS,2026-09-06T21:30:03
dnn_oof_v1_fixed_5fold_10run_73configs,gpcr,GPCR,56,MSCMF__KMeansSMOTE__90_10,k-Means SMOTE,MSCMF,KMeansSMOTE,90_10,Oct-90,4,5,21185,20550,635,0.978192117,0.705463183,0.467716535,0.5625,0.884831465,0.553058805,b070ede58ddac744884ccf026b043e7b23b0e30f05cbc17029050373db8d51e4,not fixed; not saved,46.92907405,PASS,2026-09-06T21:36:53
dnn_oof_v1_fixed_5fold_10run_73configs,gpcr,GPCR,56,MSCMF__KMeansSMOTE__90_10,k-Means SMOTE,MSCMF,KMeansSMOTE,90_10,Oct-90,5,5,21185,20550,635,0.97838093,0.713253012,0.466141732,0.563809524,0.886780275,0.537385122,b070ede58ddac744884ccf026b043e7b23b0e30f05cbc17029050373db8d51e4,not fixed; not saved,41.19500041,PASS,2026-09-06T21:43:41
dnn_oof_v1_fixed_5fold_10run_73configs,gpcr,GPCR,56,MSCMF__KMeansSMOTE__90_10,k-Means SMOTE,MSCMF,KMeansSMOTE,90_10,Oct-90,6,5,21185,20550,635,0.976634411,0.653508772,0.469291339,0.546287809,0.881910685,0.539406559,b070ede58ddac744884ccf026b043e7b23b0e30f05cbc17029050373db8d51e4,not fixed; not saved,40.75172734,PASS,2026-09-06T21:50:31
dnn_oof_v1_fixed_5fold_10run_73configs,gpcr,GPCR,56,MSCMF__KMeansSMOTE__90_10,k-Means SMOTE,MSCMF,KMeansSMOTE,90_10,Oct-90,7,5,21185,20550,635,0.978475336,0.691648822,0.508661417,0.586206897,0.890069429,0.542340761,b070ede58ddac744884ccf026b043e7b23b0e30f05cbc17029050373db8d51e4,not fixed; not saved,41.75078368,PASS,2026-09-06T21:57:22
dnn_oof_v1_fixed_5fold_10run_73configs,gpcr,GPCR,56,MSCMF__KMeansSMOTE__90_10,k-Means SMOTE,MSCMF,KMeansSMOTE,90_10,Oct-90,8,5,21185,20550,635,0.977153646,0.663774403,0.481889764,0.558394161,0.890859781,0.538088831,b070ede58ddac744884ccf026b043e7b23b0e30f05cbc17029050373db8d51e4,not fixed; not saved,40.86099863,PASS,2026-09-06T22:04:11
dnn_oof_v1_fixed_5fold_10run_73configs,gpcr,GPCR,56,MSCMF__KMeansSMOTE__90_10,k-Means SMOTE,MSCMF,KMeansSMOTE,90_10,Oct-90,9,5,21185,20550,635,0.977389662,0.705263158,0.422047244,0.528078818,0.882702991,0.508878102,b070ede58ddac744884ccf026b043e7b23b0e30f05cbc17029050373db8d51e4,not fixed; not saved,41.25299788,PASS,2026-09-06T22:11:01
dnn_oof_v1_fixed_5fold_10run_73configs,gpcr,GPCR,56,MSCMF__KMeansSMOTE__90_10,k-Means SMOTE,MSCMF,KMeansSMOTE,90_10,Oct-90,10,5,21185,20550,635,0.979041775,0.721577726,0.48976378,0.583489681,0.884707627,0.546790157,b070ede58ddac744884ccf026b043e7b23b0e30f05cbc17029050373db8d51e4,not fixed; not saved,40.43746901,PASS,2026-09-06T22:17:52
dnn_oof_v1_fixed_5fold_10run_73configs,gpcr,GPCR,57,MSCMF__SMOTETomekLinks__50_50,SMOTE + Tomek Links,MSCMF,SMOTETomekLinks,50_50,50/50,1,5,21185,20550,635,0.977861695,0.686098655,0.481889764,0.566142461,0.876483246,0.524656554,b070ede58ddac744884ccf026b043e7b23b0e30f05cbc17029050373db8d51e4,not fixed; not saved,63.71213818,PASS,2026-09-06T22:25:04
dnn_oof_v1_fixed_5fold_10run_73configs,gpcr,GPCR,57,MSCMF__SMOTETomekLinks__50_50,SMOTE + Tomek Links,MSCMF,SMOTETomekLinks,50_50,50/50,2,5,21185,20550,635,0.976728818,0.646694215,0.492913386,0.559428061,0.885226622,0.540582422,b070ede58ddac744884ccf026b043e7b23b0e30f05cbc17029050373db8d51e4,not fixed; not saved,62.96745086,PASS,2026-09-06T22:32:14
dnn_oof_v1_fixed_5fold_10run_73configs,gpcr,GPCR,57,MSCMF__SMOTETomekLinks__50_50,SMOTE + Tomek Links,MSCMF,SMOTETomekLinks,50_50,50/50,3,5,21185,20550,635,0.977956101,0.682608696,0.494488189,0.573515982,0.890462325,0.541595473,b070ede58ddac744884ccf026b043e7b23b0e30f05cbc17029050373db8d51e4,not fixed; not saved,65.14448571,PASS,2026-09-06T22:39:26
dnn_oof_v1_fixed_5fold_10run_73configs,gpcr,GPCR,57,MSCMF__SMOTETomekLinks__50_50,SMOTE + Tomek Links,MSCMF,SMOTETomekLinks,50_50,50/50,4,5,21185,20550,635,0.978428133,0.708920188,0.475590551,0.56927427,0.888339368,0.538936962,b070ede58ddac744884ccf026b043e7b23b0e30f05cbc17029050373db8d51e4,not fixed; not saved,66.59538293,PASS,2026-09-06T22:46:37
dnn_oof_v1_fixed_5fold_10run_73configs,gpcr,GPCR,57,MSCMF__SMOTETomekLinks__50_50,SMOTE + Tomek Links,MSCMF,SMOTETomekLinks,50_50,50/50,5,5,21185,20550,635,0.978852962,0.735516373,0.45984252,0.565891473,0.896665824,0.560942168,b070ede58ddac744884ccf026b043e7b23b0e30f05cbc17029050373db8d51e4,not fixed; not saved,63.08593345,PASS,2026-09-06T22:53:48
dnn_oof_v1_fixed_5fold_10run_73configs,gpcr,GPCR,57,MSCMF__SMOTETomekLinks__50_50,SMOTE + Tomek Links,MSCMF,SMOTETomekLinks,50_50,50/50,6,5,21185,20550,635,0.978616946,0.696969697,0.507086614,0.587055606,0.904932544,0.567478645,b070ede58ddac744884ccf026b043e7b23b0e30f05cbc17029050373db8d51e4,not fixed; not saved,62.97146034,PASS,2026-09-06T23:00:58
dnn_oof_v1_fixed_5fold_10run_73configs,gpcr,GPCR,57,MSCMF__SMOTETomekLinks__50_50,SMOTE + Tomek Links,MSCMF,SMOTETomekLinks,50_50,50/50,7,5,21185,20550,635,0.978758556,0.717647059,0.480314961,0.575471698,0.901818074,0.551894466,b070ede58ddac744884ccf026b043e7b23b0e30f05cbc17029050373db8d51e4,not fixed; not saved,64.06094408,PASS,2026-09-06T23:08:06
dnn_oof_v1_fixed_5fold_10run_73configs,gpcr,GPCR,57,MSCMF__SMOTETomekLinks__50_50,SMOTE + Tomek Links,MSCMF,SMOTETomekLinks,50_50,50/50,8,5,21185,20550,635,0.978947368,0.723404255,0.481889764,0.578449905,0.88109535,0.549742683,b070ede58ddac744884ccf026b043e7b23b0e30f05cbc17029050373db8d51e4,not fixed; not saved,63.85138965,PASS,2026-09-06T23:15:17
dnn_oof_v1_fixed_5fold_10run_73configs,gpcr,GPCR,57,MSCMF__SMOTETomekLinks__50_50,SMOTE + Tomek Links,MSCMF,SMOTETomekLinks,50_50,50/50,9,5,21185,20550,635,0.97691763,0.650205761,0.497637795,0.563782337,0.884356687,0.518753272,b070ede58ddac744884ccf026b043e7b23b0e30f05cbc17029050373db8d51e4,not fixed; not saved,64.10317254,PASS,2026-09-06T23:22:26
dnn_oof_v1_fixed_5fold_10run_73configs,gpcr,GPCR,57,MSCMF__SMOTETomekLinks__50_50,SMOTE + Tomek Links,MSCMF,SMOTETomekLinks,50_50,50/50,10,5,21185,20550,635,0.978805759,0.724637681,0.472440945,0.571973308,0.900922428,0.559044416,b070ede58ddac744884ccf026b043e7b23b0e30f05cbc17029050373db8d51e4,not fixed; not saved,63.56515455,PASS,2026-09-06T23:29:38
dnn_oof_v1_fixed_5fold_10run_73configs,gpcr,GPCR,58,MSCMF__SMOTETomekLinks__80_20,SMOTE + Tomek Links,MSCMF,SMOTETomekLinks,80_20,80/20,1,5,21185,20550,635,0.978286523,0.696629213,0.488188976,0.574074074,0.897618944,0.563580481,b070ede58ddac744884ccf026b043e7b23b0e30f05cbc17029050373db8d51e4,not fixed; not saved,47.16475368,PASS,2026-09-06T23:36:31
dnn_oof_v1_fixed_5fold_10run_73configs,gpcr,GPCR,58,MSCMF__SMOTETomekLinks__80_20,SMOTE + Tomek Links,MSCMF,SMOTETomekLinks,80_20,80/20,2,5,21185,20550,635,0.979419401,0.726651481,0.502362205,0.594040968,0.895054965,0.566734307,b070ede58ddac744884ccf026b043e7b23b0e30f05cbc17029050373db8d51e4,not fixed; not saved,45.63708329,PASS,2026-09-06T23:43:23
dnn_oof_v1_fixed_5fold_10run_73configs,gpcr,GPCR,58,MSCMF__SMOTETomekLinks__80_20,SMOTE + Tomek Links,MSCMF,SMOTETomekLinks,80_20,80/20,3,5,21185,20550,635,0.97852254,0.721674877,0.461417323,0.562920269,0.88723099,0.533607603,b070ede58ddac744884ccf026b043e7b23b0e30f05cbc17029050373db8d51e4,not fixed; not saved,44.38095021,PASS,2026-09-06T23:50:18
dnn_oof_v1_fixed_5fold_10run_73configs,gpcr,GPCR,58,MSCMF__SMOTETomekLinks__80_20,SMOTE + Tomek Links,MSCMF,SMOTETomekLinks,80_20,80/20,4,5,21185,20550,635,0.978758556,0.714617169,0.48503937,0.577861163,0.880361094,0.544105825,b070ede58ddac744884ccf026b043e7b23b0e30f05cbc17029050373db8d51e4,not fixed; not saved,44.60424185,PASS,2026-09-06T23:57:17
dnn_oof_v1_fixed_5fold_10run_73configs,gpcr,GPCR,58,MSCMF__SMOTETomekLinks__80_20,SMOTE + Tomek Links,MSCMF,SMOTETomekLinks,80_20,80/20,5,5,21185,20550,635,0.97838093,0.710213777,0.470866142,0.566287879,0.895005115,0.547100715,b070ede58ddac744884ccf026b043e7b23b0e30f05cbc17029050373db8d51e4,not fixed; not saved,45.26570845,PASS,2026-09-07T00:04:14
dnn_oof_v1_fixed_5fold_10run_73configs,gpcr,GPCR,58,MSCMF__SMOTETomekLinks__80_20,SMOTE + Tomek Links,MSCMF,SMOTETomekLinks,80_20,80/20,6,5,21185,20550,635,0.978097711,0.693877551,0.481889764,0.568773234,0.892995115,0.535740732,b070ede58ddac744884ccf026b043e7b23b0e30f05cbc17029050373db8d51e4,not fixed; not saved,43.62458348,PASS,2026-09-07T00:11:10
dnn_oof_v1_fixed_5fold_10run_73configs,gpcr,GPCR,58,MSCMF__SMOTETomekLinks__80_20,SMOTE + Tomek Links,MSCMF,SMOTETomekLinks,80_20,80/20,7,5,21185,20550,635,0.978428133,0.708920188,0.475590551,0.56927427,0.888654597,0.533087815,b070ede58ddac744884ccf026b043e7b23b0e30f05cbc17029050373db8d51e4,not fixed; not saved,43.79026842,PASS,2026-09-07T00:18:07
dnn_oof_v1_fixed_5fold_10run_73configs,gpcr,GPCR,58,MSCMF__SMOTETomekLinks__80_20,SMOTE + Tomek Links,MSCMF,SMOTETomekLinks,80_20,80/20,8,5,21185,20550,635,0.978900165,0.742268041,0.453543307,0.563049853,0.895609748,0.542457579,b070ede58ddac744884ccf026b043e7b23b0e30f05cbc17029050373db8d51e4,not fixed; not saved,43.56774688,PASS,2026-09-07T00:25:03
dnn_oof_v1_fixed_5fold_10run_73configs,gpcr,GPCR,58,MSCMF__SMOTETomekLinks__80_20,SMOTE + Tomek Links,MSCMF,SMOTETomekLinks,80_20,80/20,9,5,21185,20550,635,0.978569743,0.709006928,0.483464567,0.574906367,0.900973236,0.562643904,b070ede58ddac744884ccf026b043e7b23b0e30f05cbc17029050373db8d51e4,not fixed; not saved,44.04466462,PASS,2026-09-07T00:31:59
dnn_oof_v1_fixed_5fold_10run_73configs,gpcr,GPCR,58,MSCMF__SMOTETomekLinks__80_20,SMOTE + Tomek Links,MSCMF,SMOTETomekLinks,80_20,80/20,10,5,21185,20550,635,0.978711352,0.712962963,0.48503937,0.577319588,0.899451693,0.565142972,b070ede58ddac744884ccf026b043e7b23b0e30f05cbc17029050373db8d51e4,not fixed; not saved,44.07223749,PASS,2026-09-07T00:38:57
dnn_oof_v1_fixed_5fold_10run_73configs,gpcr,GPCR,59,MSCMF__SMOTETomekLinks__85_15,SMOTE + Tomek Links,MSCMF,SMOTETomekLinks,85_15,85/15,1,5,21185,20550,635,0.978711352,0.703539823,0.500787402,0.585096596,0.893891565,0.547013896,b070ede58ddac744884ccf026b043e7b23b0e30f05cbc17029050373db8d51e4,not fixed; not saved,42.5099349,PASS,2026-09-07T00:45:54
dnn_oof_v1_fixed_5fold_10run_73configs,gpcr,GPCR,59,MSCMF__SMOTETomekLinks__85_15,SMOTE + Tomek Links,MSCMF,SMOTETomekLinks,85_15,85/15,2,5,21185,20550,635,0.979088978,0.725352113,0.486614173,0.582469369,0.89444903,0.552058014,b070ede58ddac744884ccf026b043e7b23b0e30f05cbc17029050373db8d51e4,not fixed; not saved,42.75345087,PASS,2026-09-07T00:52:51
dnn_oof_v1_fixed_5fold_10run_73configs,gpcr,GPCR,59,MSCMF__SMOTETomekLinks__85_15,SMOTE + Tomek Links,MSCMF,SMOTETomekLinks,85_15,85/15,3,5,21185,20550,635,0.978428133,0.714975845,0.466141732,0.564346997,0.88981451,0.523779251,b070ede58ddac744884ccf026b043e7b23b0e30f05cbc17029050373db8d51e4,not fixed; not saved,42.30198026,PASS,2026-09-07T00:59:49
dnn_oof_v1_fixed_5fold_10run_73configs,gpcr,GPCR,59,MSCMF__SMOTETomekLinks__85_15,SMOTE + Tomek Links,MSCMF,SMOTETomekLinks,85_15,85/15,4,5,21185,20550,635,0.97838093,0.719602978,0.456692913,0.558766859,0.895612698,0.560259738,b070ede58ddac744884ccf026b043e7b23b0e30f05cbc17029050373db8d51e4,not fixed; not saved,43.40342975,PASS,2026-09-07T01:06:48
dnn_oof_v1_fixed_5fold_10run_73configs,gpcr,GPCR,59,MSCMF__SMOTETomekLinks__85_15,SMOTE + Tomek Links,MSCMF,SMOTETomekLinks,85_15,85/15,5,5,21185,20550,635,0.978097711,0.716455696,0.445669291,0.549514563,0.900472288,0.551574162,b070ede58ddac744884ccf026b043e7b23b0e30f05cbc17029050373db8d51e4,not fixed; not saved,42.48570943,PASS,2026-09-07T01:13:44
dnn_oof_v1_fixed_5fold_10run_73configs,gpcr,GPCR,59,MSCMF__SMOTETomekLinks__85_15,SMOTE + Tomek Links,MSCMF,SMOTETomekLinks,85_15,85/15,6,5,21185,20550,635,0.978097711,0.709046455,0.456692913,0.555555556,0.890192923,0.542902241,b070ede58ddac744884ccf026b043e7b23b0e30f05cbc17029050373db8d51e4,not fixed; not saved,43.73046088,PASS,2026-09-07T01:20:43
dnn_oof_v1_fixed_5fold_10run_73configs,gpcr,GPCR,59,MSCMF__SMOTETomekLinks__85_15,SMOTE + Tomek Links,MSCMF,SMOTETomekLinks,85_15,85/15,7,5,21185,20550,635,0.978192117,0.700696056,0.475590551,0.566604128,0.890284537,0.555868333,b070ede58ddac744884ccf026b043e7b23b0e30f05cbc17029050373db8d51e4,not fixed; not saved,42.02512312,PASS,2026-09-07T01:27:41
dnn_oof_v1_fixed_5fold_10run_73configs,gpcr,GPCR,59,MSCMF__SMOTETomekLinks__85_15,SMOTE + Tomek Links,MSCMF,SMOTETomekLinks,85_15,85/15,8,5,21185,20550,635,0.978333727,0.692139738,0.499212598,0.580054895,0.907285285,0.563245093,b070ede58ddac744884ccf026b043e7b23b0e30f05cbc17029050373db8d51e4,not fixed; not saved,42.82292509,PASS,2026-09-07T01:34:40
dnn_oof_v1_fixed_5fold_10run_73configs,gpcr,GPCR,59,MSCMF__SMOTETomekLinks__85_15,SMOTE + Tomek Links,MSCMF,SMOTETomekLinks,85_15,85/15,9,5,21185,20550,635,0.97852254,0.709302326,0.480314961,0.572769953,0.891785658,0.565640464,b070ede58ddac744884ccf026b043e7b23b0e30f05cbc17029050373db8d51e4,not fixed; not saved,43.33842373,PASS,2026-09-07T01:41:40
dnn_oof_v1_fixed_5fold_10run_73configs,gpcr,GPCR,59,MSCMF__SMOTETomekLinks__85_15,SMOTE + Tomek Links,MSCMF,SMOTETomekLinks,85_15,85/15,10,5,21185,20550,635,0.978144914,0.697247706,0.478740157,0.567693744,0.891261567,0.559375853,b070ede58ddac744884ccf026b043e7b23b0e30f05cbc17029050373db8d51e4,not fixed; not saved,42.3948648,PASS,2026-09-07T01:48:38
dnn_oof_v1_fixed_5fold_10run_73configs,gpcr,GPCR,60,MSCMF__SMOTETomekLinks__90_10,SMOTE + Tomek Links,MSCMF,SMOTETomekLinks,90_10,Oct-90,1,5,21185,20550,635,0.978050507,0.683189655,0.499212598,0.57688808,0.893511543,0.549247306,b070ede58ddac744884ccf026b043e7b23b0e30f05cbc17029050373db8d51e4,not fixed; not saved,41.70747566,PASS,2026-09-07T01:55:39
dnn_oof_v1_fixed_5fold_10run_73configs,gpcr,GPCR,60,MSCMF__SMOTETomekLinks__90_10,SMOTE + Tomek Links,MSCMF,SMOTETomekLinks,90_10,Oct-90,2,5,21185,20550,635,0.978711352,0.706278027,0.496062992,0.58279371,0.894775868,0.569181155,b070ede58ddac744884ccf026b043e7b23b0e30f05cbc17029050373db8d51e4,not fixed; not saved,40.9614985,PASS,2026-09-07T02:02:38
dnn_oof_v1_fixed_5fold_10run_73configs,gpcr,GPCR,60,MSCMF__SMOTETomekLinks__90_10,SMOTE + Tomek Links,MSCMF,SMOTETomekLinks,90_10,Oct-90,3,5,21185,20550,635,0.978616946,0.709677419,0.48503937,0.576239476,0.885642125,0.553838628,b070ede58ddac744884ccf026b043e7b23b0e30f05cbc17029050373db8d51e4,not fixed; not saved,41.75575972,PASS,2026-09-07T02:09:38
dnn_oof_v1_fixed_5fold_10run_73configs,gpcr,GPCR,60,MSCMF__SMOTETomekLinks__90_10,SMOTE + Tomek Links,MSCMF,SMOTETomekLinks,90_10,Oct-90,4,5,21185,20550,635,0.977153646,0.657620042,0.496062992,0.565529623,0.885067226,0.537105943,b070ede58ddac744884ccf026b043e7b23b0e30f05cbc17029050373db8d51e4,not fixed; not saved,40.66731286,PASS,2026-09-07T02:16:41
dnn_oof_v1_fixed_5fold_10run_73configs,gpcr,GPCR,60,MSCMF__SMOTETomekLinks__90_10,SMOTE + Tomek Links,MSCMF,SMOTETomekLinks,90_10,Oct-90,5,5,21185,20550,635,0.977814491,0.694117647,0.464566929,0.556603774,0.900451214,0.564775086,b070ede58ddac744884ccf026b043e7b23b0e30f05cbc17029050373db8d51e4,not fixed; not saved,41.09269452,PASS,2026-09-07T02:23:43
dnn_oof_v1_fixed_5fold_10run_73configs,gpcr,GPCR,60,MSCMF__SMOTETomekLinks__90_10,SMOTE + Tomek Links,MSCMF,SMOTETomekLinks,90_10,Oct-90,6,5,21185,20550,635,0.97852254,0.741935484,0.434645669,0.54816286,0.886589574,0.549559553,b070ede58ddac744884ccf026b043e7b23b0e30f05cbc17029050373db8d51e4,not fixed; not saved,40.50650883,PASS,2026-09-07T02:30:45
dnn_oof_v1_fixed_5fold_10run_73configs,gpcr,GPCR,60,MSCMF__SMOTETomekLinks__90_10,SMOTE + Tomek Links,MSCMF,SMOTETomekLinks,90_10,Oct-90,7,5,21185,20550,635,0.97838093,0.708235294,0.474015748,0.567924528,0.896302048,0.555001419,b070ede58ddac744884ccf026b043e7b23b0e30f05cbc17029050373db8d51e4,not fixed; not saved,40.52059293,PASS,2026-09-07T02:37:46
dnn_oof_v1_fixed_5fold_10run_73configs,gpcr,GPCR,60,MSCMF__SMOTETomekLinks__90_10,SMOTE + Tomek Links,MSCMF,SMOTETomekLinks,90_10,Oct-90,8,5,21185,20550,635,0.977908898,0.70617284,0.450393701,0.55,0.895075617,0.540706235,b070ede58ddac744884ccf026b043e7b23b0e30f05cbc17029050373db8d51e4,not fixed; not saved,40.58509111,PASS,2026-09-07T02:44:49
dnn_oof_v1_fixed_5fold_10run_73configs,gpcr,GPCR,60,MSCMF__SMOTETomekLinks__90_10,SMOTE + Tomek Links,MSCMF,SMOTETomekLinks,90_10,Oct-90,9,5,21185,20550,635,0.977908898,0.68596882,0.48503937,0.568265683,0.888359178,0.538734661,b070ede58ddac744884ccf026b043e7b23b0e30f05cbc17029050373db8d51e4,not fixed; not saved,41.16776109,PASS,2026-09-07T02:51:51
dnn_oof_v1_fixed_5fold_10run_73configs,gpcr,GPCR,60,MSCMF__SMOTETomekLinks__90_10,SMOTE + Tomek Links,MSCMF,SMOTETomekLinks,90_10,Oct-90,10,5,21185,20550,635,0.97705924,0.672853828,0.456692913,0.544090056,0.887019062,0.515635232,b070ede58ddac744884ccf026b043e7b23b0e30f05cbc17029050373db8d51e4,not fixed; not saved,41.25645733,PASS,2026-09-07T02:58:55
dnn_oof_v1_fixed_5fold_10run_73configs,gpcr,GPCR,61,MSCMF__CNNTomekLinks__50_50,CNN + Tomek Links,MSCMF,CNNTomekLinks,50_50,50/50,1,5,21185,20550,635,0.91073873,0.170168067,0.51023622,0.25521859,0.783171178,0.371919492,b070ede58ddac744884ccf026b043e7b23b0e30f05cbc17029050373db8d51e4,not fixed; not saved,14.22306347,PASS,2026-09-07T03:05:29
dnn_oof_v1_fixed_5fold_10run_73configs,gpcr,GPCR,61,MSCMF__CNNTomekLinks__50_50,CNN + Tomek Links,MSCMF,CNNTomekLinks,50_50,50/50,2,5,21185,20550,635,0.904696719,0.16407767,0.532283465,0.250834879,0.789625994,0.378809179,b070ede58ddac744884ccf026b043e7b23b0e30f05cbc17029050373db8d51e4,not fixed; not saved,13.17495942,PASS,2026-09-07T03:11:58
dnn_oof_v1_fixed_5fold_10run_73configs,gpcr,GPCR,61,MSCMF__CNNTomekLinks__50_50,CNN + Tomek Links,MSCMF,CNNTomekLinks,50_50,50/50,3,5,21185,20550,635,0.911021949,0.177169421,0.54015748,0.266822248,0.787972412,0.408439975,b070ede58ddac744884ccf026b043e7b23b0e30f05cbc17029050373db8d51e4,not fixed; not saved,12.98675871,PASS,2026-09-07T03:18:28
dnn_oof_v1_fixed_5fold_10run_73configs,gpcr,GPCR,61,MSCMF__CNNTomekLinks__50_50,CNN + Tomek Links,MSCMF,CNNTomekLinks,50_50,50/50,4,5,21185,20550,635,0.924663677,0.200249532,0.505511811,0.286863271,0.76829109,0.377402856,b070ede58ddac744884ccf026b043e7b23b0e30f05cbc17029050373db8d51e4,not fixed; not saved,14.65138102,PASS,2026-09-07T03:24:59
dnn_oof_v1_fixed_5fold_10run_73configs,gpcr,GPCR,61,MSCMF__CNNTomekLinks__50_50,CNN + Tomek Links,MSCMF,CNNTomekLinks,50_50,50/50,5,5,21185,20550,635,0.924899693,0.204573548,0.521259843,0.293830448,0.791723356,0.41220256,b070ede58ddac744884ccf026b043e7b23b0e30f05cbc17029050373db8d51e4,not fixed; not saved,14.22704291,PASS,2026-09-07T03:31:32
dnn_oof_v1_fixed_5fold_10run_73configs,gpcr,GPCR,61,MSCMF__CNNTomekLinks__50_50,CNN + Tomek Links,MSCMF,CNNTomekLinks,50_50,50/50,6,5,21185,20550,635,0.924946896,0.204700062,0.521259843,0.293960924,0.795723816,0.402943227,b070ede58ddac744884ccf026b043e7b23b0e30f05cbc17029050373db8d51e4,not fixed; not saved,12.93656158,PASS,2026-09-07T03:38:04
dnn_oof_v1_fixed_5fold_10run_73configs,gpcr,GPCR,61,MSCMF__CNNTomekLinks__50_50,CNN + Tomek Links,MSCMF,CNNTomekLinks,50_50,50/50,7,5,21185,20550,635,0.908000944,0.170511535,0.535433071,0.25865348,0.781856888,0.395334663,b070ede58ddac744884ccf026b043e7b23b0e30f05cbc17029050373db8d51e4,not fixed; not saved,14.31534743,PASS,2026-09-07T03:44:38
dnn_oof_v1_fixed_5fold_10run_73configs,gpcr,GPCR,61,MSCMF__CNNTomekLinks__50_50,CNN + Tomek Links,MSCMF,CNNTomekLinks,50_50,50/50,8,5,21185,20550,635,0.923814019,0.203153426,0.527559055,0.293345009,0.801940801,0.421522371,b070ede58ddac744884ccf026b043e7b23b0e30f05cbc17029050373db8d51e4,not fixed; not saved,13.90523314,PASS,2026-09-07T03:51:15
dnn_oof_v1_fixed_5fold_10run_73configs,gpcr,GPCR,61,MSCMF__CNNTomekLinks__50_50,CNN + Tomek Links,MSCMF,CNNTomekLinks,50_50,50/50,9,5,21185,20550,635,0.922303517,0.197124026,0.518110236,0.285590278,0.792866755,0.401076867,b070ede58ddac744884ccf026b043e7b23b0e30f05cbc17029050373db8d51e4,not fixed; not saved,13.37261844,PASS,2026-09-07T03:57:48
dnn_oof_v1_fixed_5fold_10run_73configs,gpcr,GPCR,61,MSCMF__CNNTomekLinks__50_50,CNN + Tomek Links,MSCMF,CNNTomekLinks,50_50,50/50,10,5,21185,20550,635,0.911116356,0.175,0.529133858,0.263013699,0.787305171,0.407806775,b070ede58ddac744884ccf026b043e7b23b0e30f05cbc17029050373db8d51e4,not fixed; not saved,13.07954359,PASS,2026-09-07T04:04:19
dnn_oof_v1_fixed_5fold_10run_73configs,gpcr,GPCR,62,MSCMF__CNNTomekLinks__80_20,CNN + Tomek Links,MSCMF,CNNTomekLinks,80_20,80/20,1,5,21185,20550,635,0.961576587,0.350083752,0.329133858,0.339285714,0.71421438,0.284292964,b070ede58ddac744884ccf026b043e7b23b0e30f05cbc17029050373db8d51e4,not fixed; not saved,13.1008544,PASS,2026-09-07T04:10:55
dnn_oof_v1_fixed_5fold_10run_73configs,gpcr,GPCR,62,MSCMF__CNNTomekLinks__80_20,CNN + Tomek Links,MSCMF,CNNTomekLinks,80_20,80/20,2,5,21185,20550,635,0.957328298,0.296520424,0.308661417,0.302469136,0.714869054,0.256744688,b070ede58ddac744884ccf026b043e7b23b0e30f05cbc17029050373db8d51e4,not fixed; not saved,12.75789976,PASS,2026-09-07T04:17:29
dnn_oof_v1_fixed_5fold_10run_73configs,gpcr,GPCR,62,MSCMF__CNNTomekLinks__80_20,CNN + Tomek Links,MSCMF,CNNTomekLinks,80_20,80/20,3,5,21185,20550,635,0.954024074,0.269387755,0.311811024,0.289051095,0.717769757,0.249420042,b070ede58ddac744884ccf026b043e7b23b0e30f05cbc17029050373db8d51e4,not fixed; not saved,13.55432153,PASS,2026-09-07T04:24:02
dnn_oof_v1_fixed_5fold_10run_73configs,gpcr,GPCR,62,MSCMF__CNNTomekLinks__80_20,CNN + Tomek Links,MSCMF,CNNTomekLinks,80_20,80/20,4,5,21185,20550,635,0.962001416,0.34929078,0.31023622,0.328607173,0.717544993,0.278949997,b070ede58ddac744884ccf026b043e7b23b0e30f05cbc17029050373db8d51e4,not fixed; not saved,13.87767506,PASS,2026-09-07T04:30:36
dnn_oof_v1_fixed_5fold_10run_73configs,gpcr,GPCR,62,MSCMF__CNNTomekLinks__80_20,CNN + Tomek Links,MSCMF,CNNTomekLinks,80_20,80/20,5,5,21185,20550,635,0.954590512,0.266094421,0.292913386,0.27886057,0.714226258,0.25090825,b070ede58ddac744884ccf026b043e7b23b0e30f05cbc17029050373db8d51e4,not fixed; not saved,12.46199226,PASS,2026-09-07T04:37:11
dnn_oof_v1_fixed_5fold_10run_73configs,gpcr,GPCR,62,MSCMF__CNNTomekLinks__80_20,CNN + Tomek Links,MSCMF,CNNTomekLinks,80_20,80/20,6,5,21185,20550,635,0.950861459,0.253640777,0.329133858,0.286497601,0.710469797,0.255723329,b070ede58ddac744884ccf026b043e7b23b0e30f05cbc17029050373db8d51e4,not fixed; not saved,13.55535817,PASS,2026-09-07T04:43:48
dnn_oof_v1_fixed_5fold_10run_73configs,gpcr,GPCR,62,MSCMF__CNNTomekLinks__80_20,CNN + Tomek Links,MSCMF,CNNTomekLinks,80_20,80/20,7,5,21185,20550,635,0.960066084,0.312611012,0.277165354,0.293823038,0.706126942,0.252253234,b070ede58ddac744884ccf026b043e7b23b0e30f05cbc17029050373db8d51e4,not fixed; not saved,13.94070816,PASS,2026-09-07T04:50:26
dnn_oof_v1_fixed_5fold_10run_73configs,gpcr,GPCR,62,MSCMF__CNNTomekLinks__80_20,CNN + Tomek Links,MSCMF,CNNTomekLinks,80_20,80/20,8,5,21185,20550,635,0.950247817,0.241676942,0.308661417,0.271092669,0.709857808,0.238583941,b070ede58ddac744884ccf026b043e7b23b0e30f05cbc17029050373db8d51e4,not fixed; not saved,13.77213955,PASS,2026-09-07T04:57:05
dnn_oof_v1_fixed_5fold_10run_73configs,gpcr,GPCR,62,MSCMF__CNNTomekLinks__80_20,CNN + Tomek Links,MSCMF,CNNTomekLinks,80_20,80/20,9,5,21185,20550,635,0.960868539,0.332758621,0.303937008,0.317695473,0.717760216,0.267524859,b070ede58ddac744884ccf026b043e7b23b0e30f05cbc17029050373db8d51e4,not fixed; not saved,14.76243734,PASS,2026-09-07T05:03:43
dnn_oof_v1_fixed_5fold_10run_73configs,gpcr,GPCR,62,MSCMF__CNNTomekLinks__80_20,CNN + Tomek Links,MSCMF,CNNTomekLinks,80_20,80/20,10,5,21185,20550,635,0.958933207,0.306425041,0.292913386,0.299516908,0.708483093,0.258692114,b070ede58ddac744884ccf026b043e7b23b0e30f05cbc17029050373db8d51e4,not fixed; not saved,13.30282092,PASS,2026-09-07T05:10:22
dnn_oof_v1_fixed_5fold_10run_73configs,gpcr,GPCR,63,MSCMF__CNNTomekLinks__85_15,CNN + Tomek Links,MSCMF,CNNTomekLinks,85_15,85/15,1,5,21185,20550,635,0.958366769,0.264761905,0.218897638,0.239655172,0.662799548,0.148765355,b070ede58ddac744884ccf026b043e7b23b0e30f05cbc17029050373db8d51e4,not fixed; not saved,12.70941591,PASS,2026-09-07T05:17:03
dnn_oof_v1_fixed_5fold_10run_73configs,gpcr,GPCR,63,MSCMF__CNNTomekLinks__85_15,CNN + Tomek Links,MSCMF,CNNTomekLinks,85_15,85/15,2,5,21185,20550,635,0.968515459,0.431623932,0.159055118,0.232451093,0.644001494,0.158273242,b070ede58ddac744884ccf026b043e7b23b0e30f05cbc17029050373db8d51e4,not fixed; not saved,13.670542,PASS,2026-09-07T05:23:42
dnn_oof_v1_fixed_5fold_10run_73configs,gpcr,GPCR,63,MSCMF__CNNTomekLinks__85_15,CNN + Tomek Links,MSCMF,CNNTomekLinks,85_15,85/15,3,5,21185,20550,635,0.967004956,0.387323944,0.173228346,0.239390642,0.644313006,0.193294876,b070ede58ddac744884ccf026b043e7b23b0e30f05cbc17029050373db8d51e4,not fixed; not saved,13.63154244,PASS,2026-09-07T05:30:22
dnn_oof_v1_fixed_5fold_10run_73configs,gpcr,GPCR,63,MSCMF__CNNTomekLinks__85_15,CNN + Tomek Links,MSCMF,CNNTomekLinks,85_15,85/15,4,5,21185,20550,635,0.958744395,0.229024943,0.159055118,0.187732342,0.636408951,0.1369712,b070ede58ddac744884ccf026b043e7b23b0e30f05cbc17029050373db8d51e4,not fixed; not saved,12.58526611,PASS,2026-09-07T05:36:57
dnn_oof_v1_fixed_5fold_10run_73configs,gpcr,GPCR,63,MSCMF__CNNTomekLinks__85_15,CNN + Tomek Links,MSCMF,CNNTomekLinks,85_15,85/15,5,5,21185,20550,635,0.960349304,0.283298097,0.211023622,0.241877256,0.66667092,0.185391951,b070ede58ddac744884ccf026b043e7b23b0e30f05cbc17029050373db8d51e4,not fixed; not saved,13.0195334,PASS,2026-09-07T05:43:35
dnn_oof_v1_fixed_5fold_10run_73configs,gpcr,GPCR,63,MSCMF__CNNTomekLinks__85_15,CNN + Tomek Links,MSCMF,CNNTomekLinks,85_15,85/15,6,5,21185,20550,635,0.967288176,0.402684564,0.188976378,0.257234727,0.664250666,0.195906418,b070ede58ddac744884ccf026b043e7b23b0e30f05cbc17029050373db8d51e4,not fixed; not saved,13.49940968,PASS,2026-09-07T05:50:17
dnn_oof_v1_fixed_5fold_10run_73configs,gpcr,GPCR,63,MSCMF__CNNTomekLinks__85_15,CNN + Tomek Links,MSCMF,CNNTomekLinks,85_15,85/15,7,5,21185,20550,635,0.969317914,0.468619247,0.176377953,0.256292906,0.655794318,0.202295145,b070ede58ddac744884ccf026b043e7b23b0e30f05cbc17029050373db8d51e4,not fixed; not saved,13.53687906,PASS,2026-09-07T05:56:59
dnn_oof_v1_fixed_5fold_10run_73configs,gpcr,GPCR,63,MSCMF__CNNTomekLinks__85_15,CNN + Tomek Links,MSCMF,CNNTomekLinks,85_15,85/15,8,5,21185,20550,635,0.956195421,0.248713551,0.228346457,0.238095238,0.677455907,0.185601516,b070ede58ddac744884ccf026b043e7b23b0e30f05cbc17029050373db8d51e4,not fixed; not saved,13.41314149,PASS,2026-09-07T06:03:45
dnn_oof_v1_fixed_5fold_10run_73configs,gpcr,GPCR,63,MSCMF__CNNTomekLinks__85_15,CNN + Tomek Links,MSCMF,CNNTomekLinks,85_15,85/15,9,5,21185,20550,635,0.9632287,0.30952381,0.184251969,0.230997038,0.651269115,0.188575688,b070ede58ddac744884ccf026b043e7b23b0e30f05cbc17029050373db8d51e4,not fixed; not saved,13.9013021,PASS,2026-09-07T06:10:29
dnn_oof_v1_fixed_5fold_10run_73configs,gpcr,GPCR,63,MSCMF__CNNTomekLinks__85_15,CNN + Tomek Links,MSCMF,CNNTomekLinks,85_15,85/15,10,5,21185,20550,635,0.96044371,0.266666667,0.182677165,0.21682243,0.662914995,0.163107099,b070ede58ddac744884ccf026b043e7b23b0e30f05cbc17029050373db8d51e4,not fixed; not saved,13.82630014,PASS,2026-09-07T06:17:10
dnn_oof_v1_fixed_5fold_10run_73configs,gpcr,GPCR,64,MSCMF__CNNTomekLinks__90_10,CNN + Tomek Links,MSCMF,CNNTomekLinks,90_10,Oct-90,1,5,21185,20550,635,0.970922823,0.59223301,0.096062992,0.165311653,0.623861295,0.1600333,b070ede58ddac744884ccf026b043e7b23b0e30f05cbc17029050373db8d51e4,not fixed; not saved,12.8859365,PASS,2026-09-07T06:23:55
dnn_oof_v1_fixed_5fold_10run_73configs,gpcr,GPCR,64,MSCMF__CNNTomekLinks__90_10,CNN + Tomek Links,MSCMF,CNNTomekLinks,90_10,Oct-90,2,5,21185,20550,635,0.971206042,0.727272727,0.062992126,0.115942029,0.625357779,0.167345965,b070ede58ddac744884ccf026b043e7b23b0e30f05cbc17029050373db8d51e4,not fixed; not saved,13.2222538,PASS,2026-09-07T06:30:35
dnn_oof_v1_fixed_5fold_10run_73configs,gpcr,GPCR,64,MSCMF__CNNTomekLinks__90_10,CNN + Tomek Links,MSCMF,CNNTomekLinks,90_10,Oct-90,3,5,21185,20550,635,0.969978759,0.496,0.097637795,0.163157895,0.627061325,0.14810577,b070ede58ddac744884ccf026b043e7b23b0e30f05cbc17029050373db8d51e4,not fixed; not saved,13.16839862,PASS,2026-09-07T06:37:18
dnn_oof_v1_fixed_5fold_10run_73configs,gpcr,GPCR,64,MSCMF__CNNTomekLinks__90_10,CNN + Tomek Links,MSCMF,CNNTomekLinks,90_10,Oct-90,4,5,21185,20550,635,0.970545197,0.587301587,0.058267717,0.106017192,0.627801904,0.134129853,b070ede58ddac744884ccf026b043e7b23b0e30f05cbc17029050373db8d51e4,not fixed; not saved,12.32367992,PASS,2026-09-07T06:44:00
dnn_oof_v1_fixed_5fold_10run_73configs,gpcr,GPCR,64,MSCMF__CNNTomekLinks__90_10,CNN + Tomek Links,MSCMF,CNNTomekLinks,90_10,Oct-90,5,5,21185,20550,635,0.969978759,0.495726496,0.091338583,0.154255319,0.625104661,0.151350267,b070ede58ddac744884ccf026b043e7b23b0e30f05cbc17029050373db8d51e4,not fixed; not saved,13.40700793,PASS,2026-09-07T06:50:45
dnn_oof_v1_fixed_5fold_10run_73configs,gpcr,GPCR,64,MSCMF__CNNTomekLinks__90_10,CNN + Tomek Links,MSCMF,CNNTomekLinks,90_10,Oct-90,6,5,21185,20550,635,0.969789946,0.476635514,0.080314961,0.137466307,0.634797939,0.146055016,b070ede58ddac744884ccf026b043e7b23b0e30f05cbc17029050373db8d51e4,not fixed; not saved,13.77934813,PASS,2026-09-07T06:57:29
dnn_oof_v1_fixed_5fold_10run_73configs,gpcr,GPCR,64,MSCMF__CNNTomekLinks__90_10,CNN + Tomek Links,MSCMF,CNNTomekLinks,90_10,Oct-90,7,5,21185,20550,635,0.968609865,0.394366197,0.088188976,0.144144144,0.633525452,0.130554127,b070ede58ddac744884ccf026b043e7b23b0e30f05cbc17029050373db8d51e4,not fixed; not saved,14.17362356,PASS,2026-09-07T07:04:11
dnn_oof_v1_fixed_5fold_10run_73configs,gpcr,GPCR,64,MSCMF__CNNTomekLinks__90_10,CNN + Tomek Links,MSCMF,CNNTomekLinks,90_10,Oct-90,8,5,21185,20550,635,0.967288176,0.304054054,0.070866142,0.114942529,0.637713125,0.113391551,b070ede58ddac744884ccf026b043e7b23b0e30f05cbc17029050373db8d51e4,not fixed; not saved,14.73406744,PASS,2026-09-07T07:10:56
dnn_oof_v1_fixed_5fold_10run_73configs,gpcr,GPCR,64,MSCMF__CNNTomekLinks__90_10,CNN + Tomek Links,MSCMF,CNNTomekLinks,90_10,Oct-90,9,5,21185,20550,635,0.971442058,0.720588235,0.077165354,0.13940256,0.636359638,0.145291931,b070ede58ddac744884ccf026b043e7b23b0e30f05cbc17029050373db8d51e4,not fixed; not saved,12.52239823,PASS,2026-09-07T07:17:39
dnn_oof_v1_fixed_5fold_10run_73configs,gpcr,GPCR,64,MSCMF__CNNTomekLinks__90_10,CNN + Tomek Links,MSCMF,CNNTomekLinks,90_10,Oct-90,10,5,21185,20550,635,0.971111636,0.666666667,0.072440945,0.130681818,0.624689963,0.151817804,b070ede58ddac744884ccf026b043e7b23b0e30f05cbc17029050373db8d51e4,not fixed; not saved,14.09294057,PASS,2026-09-07T07:24:23
dnn_oof_v1_fixed_5fold_10run_73configs,gpcr,GPCR,65,MSCMF__RandomUnder__50_50,Random Under-Sampling,MSCMF,RandomUnder,50_50,50/50,1,5,21185,20550,635,0.918763276,0.218068536,0.661417323,0.327996876,0.87027174,0.402236352,b070ede58ddac744884ccf026b043e7b23b0e30f05cbc17029050373db8d51e4,not fixed; not saved,16.43564153,PASS,2026-09-07T07:31:13
dnn_oof_v1_fixed_5fold_10run_73configs,gpcr,GPCR,65,MSCMF__RandomUnder__50_50,Random Under-Sampling,MSCMF,RandomUnder,50_50,50/50,2,5,21185,20550,635,0.911824404,0.202891566,0.662992126,0.310701107,0.873181332,0.412178407,b070ede58ddac744884ccf026b043e7b23b0e30f05cbc17029050373db8d51e4,not fixed; not saved,14.03052855,PASS,2026-09-07T07:38:01
dnn_oof_v1_fixed_5fold_10run_73configs,gpcr,GPCR,65,MSCMF__RandomUnder__50_50,Random Under-Sampling,MSCMF,RandomUnder,50_50,50/50,3,5,21185,20550,635,0.908614586,0.198703103,0.675590551,0.307086614,0.87177401,0.40627428,b070ede58ddac744884ccf026b043e7b23b0e30f05cbc17029050373db8d51e4,not fixed; not saved,16.15165043,PASS,2026-09-07T07:44:49
dnn_oof_v1_fixed_5fold_10run_73configs,gpcr,GPCR,65,MSCMF__RandomUnder__50_50,Random Under-Sampling,MSCMF,RandomUnder,50_50,50/50,4,5,21185,20550,635,0.923153174,0.230309614,0.667716535,0.342487884,0.86978447,0.43073454,b070ede58ddac744884ccf026b043e7b23b0e30f05cbc17029050373db8d51e4,not fixed; not saved,14.5026052,PASS,2026-09-07T07:51:33
dnn_oof_v1_fixed_5fold_10run_73configs,gpcr,GPCR,65,MSCMF__RandomUnder__50_50,Random Under-Sampling,MSCMF,RandomUnder,50_50,50/50,5,5,21185,20550,635,0.921406656,0.225772098,0.667716535,0.337445285,0.873502232,0.423124772,b070ede58ddac744884ccf026b043e7b23b0e30f05cbc17029050373db8d51e4,not fixed; not saved,14.14523602,PASS,2026-09-07T07:58:19
dnn_oof_v1_fixed_5fold_10run_73configs,gpcr,GPCR,65,MSCMF__RandomUnder__50_50,Random Under-Sampling,MSCMF,RandomUnder,50_50,50/50,6,5,21185,20550,635,0.907009677,0.194508009,0.669291339,0.30141844,0.865056306,0.419513841,b070ede58ddac744884ccf026b043e7b23b0e30f05cbc17029050373db8d51e4,not fixed; not saved,15.2697463,PASS,2026-09-07T08:05:06
dnn_oof_v1_fixed_5fold_10run_73configs,gpcr,GPCR,65,MSCMF__RandomUnder__50_50,Random Under-Sampling,MSCMF,RandomUnder,50_50,50/50,7,5,21185,20550,635,0.917016757,0.214829863,0.666141732,0.324884793,0.870545855,0.404017222,b070ede58ddac744884ccf026b043e7b23b0e30f05cbc17029050373db8d51e4,not fixed; not saved,14.83120346,PASS,2026-09-07T08:11:53
dnn_oof_v1_fixed_5fold_10run_73configs,gpcr,GPCR,65,MSCMF__RandomUnder__50_50,Random Under-Sampling,MSCMF,RandomUnder,50_50,50/50,8,5,21185,20550,635,0.906773661,0.191528545,0.65511811,0.296401853,0.871403337,0.400465877,b070ede58ddac744884ccf026b043e7b23b0e30f05cbc17029050373db8d51e4,not fixed; not saved,13.97400665,PASS,2026-09-07T08:18:41
dnn_oof_v1_fixed_5fold_10run_73configs,gpcr,GPCR,65,MSCMF__RandomUnder__50_50,Random Under-Sampling,MSCMF,RandomUnder,50_50,50/50,9,5,21185,20550,635,0.926315789,0.239007892,0.667716535,0.352013284,0.867616491,0.399472234,b070ede58ddac744884ccf026b043e7b23b0e30f05cbc17029050373db8d51e4,not fixed; not saved,15.21396232,PASS,2026-09-07T08:25:28
dnn_oof_v1_fixed_5fold_10run_73configs,gpcr,GPCR,65,MSCMF__RandomUnder__50_50,Random Under-Sampling,MSCMF,RandomUnder,50_50,50/50,10,5,21185,20550,635,0.920556998,0.222457627,0.661417323,0.33293698,0.87247156,0.449678163,b070ede58ddac744884ccf026b043e7b23b0e30f05cbc17029050373db8d51e4,not fixed; not saved,14.37794328,PASS,2026-09-07T08:32:15
dnn_oof_v1_fixed_5fold_10run_73configs,gpcr,GPCR,66,MSCMF__RandomUnder__80_20,Random Under-Sampling,MSCMF,RandomUnder,80_20,80/20,1,5,21185,20550,635,0.971819684,0.526836158,0.587401575,0.555472822,0.888906527,0.554983696,b070ede58ddac744884ccf026b043e7b23b0e30f05cbc17029050373db8d51e4,not fixed; not saved,16.77480197,PASS,2026-09-07T08:39:06
dnn_oof_v1_fixed_5fold_10run_73configs,gpcr,GPCR,66,MSCMF__RandomUnder__80_20,Random Under-Sampling,MSCMF,RandomUnder,80_20,80/20,2,5,21185,20550,635,0.972291716,0.534482759,0.585826772,0.558978212,0.882804069,0.571929244,b070ede58ddac744884ccf026b043e7b23b0e30f05cbc17029050373db8d51e4,not fixed; not saved,19.42537022,PASS,2026-09-07T08:45:57
dnn_oof_v1_fixed_5fold_10run_73configs,gpcr,GPCR,66,MSCMF__RandomUnder__80_20,Random Under-Sampling,MSCMF,RandomUnder,80_20,80/20,3,5,21185,20550,635,0.972433325,0.538116592,0.566929134,0.552147239,0.873040136,0.551754552,b070ede58ddac744884ccf026b043e7b23b0e30f05cbc17029050373db8d51e4,not fixed; not saved,17.37759423,PASS,2026-09-07T08:52:50
dnn_oof_v1_fixed_5fold_10run_73configs,gpcr,GPCR,66,MSCMF__RandomUnder__80_20,Random Under-Sampling,MSCMF,RandomUnder,80_20,80/20,4,5,21185,20550,635,0.971536464,0.522346369,0.588976378,0.553663953,0.888106941,0.544976127,b070ede58ddac744884ccf026b043e7b23b0e30f05cbc17029050373db8d51e4,not fixed; not saved,16.55118227,PASS,2026-09-07T08:59:42
dnn_oof_v1_fixed_5fold_10run_73configs,gpcr,GPCR,66,MSCMF__RandomUnder__80_20,Random Under-Sampling,MSCMF,RandomUnder,80_20,80/20,5,5,21185,20550,635,0.971253245,0.517857143,0.593700787,0.553191489,0.88919731,0.562503637,b070ede58ddac744884ccf026b043e7b23b0e30f05cbc17029050373db8d51e4,not fixed; not saved,16.85966301,PASS,2026-09-07T09:06:38
dnn_oof_v1_fixed_5fold_10run_73configs,gpcr,GPCR,66,MSCMF__RandomUnder__80_20,Random Under-Sampling,MSCMF,RandomUnder,80_20,80/20,6,5,21185,20550,635,0.965164031,0.440046566,0.595275591,0.506024096,0.870418491,0.5401183,b070ede58ddac744884ccf026b043e7b23b0e30f05cbc17029050373db8d51e4,not fixed; not saved,17.13030338,PASS,2026-09-07T09:13:29
dnn_oof_v1_fixed_5fold_10run_73configs,gpcr,GPCR,66,MSCMF__RandomUnder__80_20,Random Under-Sampling,MSCMF,RandomUnder,80_20,80/20,7,5,21185,20550,635,0.964219967,0.43263965,0.622047244,0.510335917,0.88280702,0.539653782,b070ede58ddac744884ccf026b043e7b23b0e30f05cbc17029050373db8d51e4,not fixed; not saved,17.75157046,PASS,2026-09-07T09:20:21
dnn_oof_v1_fixed_5fold_10run_73configs,gpcr,GPCR,66,MSCMF__RandomUnder__80_20,Random Under-Sampling,MSCMF,RandomUnder,80_20,80/20,8,5,21185,20550,635,0.970781213,0.511235955,0.573228346,0.540460282,0.884176485,0.521580559,b070ede58ddac744884ccf026b043e7b23b0e30f05cbc17029050373db8d51e4,not fixed; not saved,16.67135906,PASS,2026-09-07T09:27:16
dnn_oof_v1_fixed_5fold_10run_73configs,gpcr,GPCR,66,MSCMF__RandomUnder__80_20,Random Under-Sampling,MSCMF,RandomUnder,80_20,80/20,9,5,21185,20550,635,0.973424593,0.554380665,0.577952756,0.565921357,0.88949978,0.548587728,b070ede58ddac744884ccf026b043e7b23b0e30f05cbc17029050373db8d51e4,not fixed; not saved,18.14081454,PASS,2026-09-07T09:34:08
dnn_oof_v1_fixed_5fold_10run_73configs,gpcr,GPCR,66,MSCMF__RandomUnder__80_20,Random Under-Sampling,MSCMF,RandomUnder,80_20,80/20,10,5,21185,20550,635,0.966108095,0.451461988,0.607874016,0.518120805,0.870788513,0.513497772,b070ede58ddac744884ccf026b043e7b23b0e30f05cbc17029050373db8d51e4,not fixed; not saved,17.3846705,PASS,2026-09-07T09:41:02
dnn_oof_v1_fixed_5fold_10run_73configs,gpcr,GPCR,67,MSCMF__RandomUnder__85_15,Random Under-Sampling,MSCMF,RandomUnder,85_15,85/15,1,5,21185,20550,635,0.974840689,0.583333333,0.562204724,0.572574178,0.880238443,0.542045125,b070ede58ddac744884ccf026b043e7b23b0e30f05cbc17029050373db8d51e4,not fixed; not saved,18.42756224,PASS,2026-09-07T09:47:59
dnn_oof_v1_fixed_5fold_10run_73configs,gpcr,GPCR,67,MSCMF__RandomUnder__85_15,Random Under-Sampling,MSCMF,RandomUnder,85_15,85/15,2,5,21185,20550,635,0.971583668,0.525423729,0.537007874,0.531152648,0.865893136,0.508913272,b070ede58ddac744884ccf026b043e7b23b0e30f05cbc17029050373db8d51e4,not fixed; not saved,18.83258033,PASS,2026-09-07T09:55:01
dnn_oof_v1_fixed_5fold_10run_73configs,gpcr,GPCR,67,MSCMF__RandomUnder__85_15,Random Under-Sampling,MSCMF,RandomUnder,85_15,85/15,3,5,21185,20550,635,0.972999764,0.545323741,0.596850394,0.569924812,0.889111788,0.572424266,b070ede58ddac744884ccf026b043e7b23b0e30f05cbc17029050373db8d51e4,not fixed; not saved,20.02032351,PASS,2026-09-07T10:02:03
dnn_oof_v1_fixed_5fold_10run_73configs,gpcr,GPCR,67,MSCMF__RandomUnder__85_15,Random Under-Sampling,MSCMF,RandomUnder,85_15,85/15,4,5,21185,20550,635,0.974746283,0.588652482,0.522834646,0.553794829,0.888380941,0.497500296,b070ede58ddac744884ccf026b043e7b23b0e30f05cbc17029050373db8d51e4,not fixed; not saved,19.81829715,PASS,2026-09-07T10:09:05
dnn_oof_v1_fixed_5fold_10run_73configs,gpcr,GPCR,67,MSCMF__RandomUnder__85_15,Random Under-Sampling,MSCMF,RandomUnder,85_15,85/15,5,5,21185,20550,635,0.975831957,0.605488851,0.555905512,0.579638752,0.877945552,0.538405167,b070ede58ddac744884ccf026b043e7b23b0e30f05cbc17029050373db8d51e4,not fixed; not saved,19.19025636,PASS,2026-09-07T10:16:05
dnn_oof_v1_fixed_5fold_10run_73configs,gpcr,GPCR,67,MSCMF__RandomUnder__85_15,Random Under-Sampling,MSCMF,RandomUnder,85_15,85/15,6,5,21185,20550,635,0.974368657,0.57641196,0.546456693,0.561034762,0.886166753,0.560557308,b070ede58ddac744884ccf026b043e7b23b0e30f05cbc17029050373db8d51e4,not fixed; not saved,20.15779328,PASS,2026-09-07T10:23:07
dnn_oof_v1_fixed_5fold_10run_73configs,gpcr,GPCR,67,MSCMF__RandomUnder__85_15,Random Under-Sampling,MSCMF,RandomUnder,85_15,85/15,7,5,21185,20550,635,0.972386122,0.53591954,0.587401575,0.560480841,0.890659578,0.558666296,b070ede58ddac744884ccf026b043e7b23b0e30f05cbc17029050373db8d51e4,not fixed; not saved,19.75804949,PASS,2026-09-07T10:30:06
dnn_oof_v1_fixed_5fold_10run_73configs,gpcr,GPCR,67,MSCMF__RandomUnder__85_15,Random Under-Sampling,MSCMF,RandomUnder,85_15,85/15,8,5,21185,20550,635,0.971630871,0.52367688,0.592125984,0.555801922,0.885553308,0.555658513,b070ede58ddac744884ccf026b043e7b23b0e30f05cbc17029050373db8d51e4,not fixed; not saved,19.29730749,PASS,2026-09-07T10:37:06
dnn_oof_v1_fixed_5fold_10run_73configs,gpcr,GPCR,67,MSCMF__RandomUnder__85_15,Random Under-Sampling,MSCMF,RandomUnder,85_15,85/15,9,5,21185,20550,635,0.975171112,0.592216582,0.551181102,0.57096248,0.875188382,0.524983318,b070ede58ddac744884ccf026b043e7b23b0e30f05cbc17029050373db8d51e4,not fixed; not saved,20.57961535,PASS,2026-09-07T10:44:08
dnn_oof_v1_fixed_5fold_10run_73configs,gpcr,GPCR,67,MSCMF__RandomUnder__85_15,Random Under-Sampling,MSCMF,RandomUnder,85_15,85/15,10,5,21185,20550,635,0.973991031,0.56402439,0.582677165,0.57319907,0.88343924,0.566919914,b070ede58ddac744884ccf026b043e7b23b0e30f05cbc17029050373db8d51e4,not fixed; not saved,19.14878941,PASS,2026-09-07T10:51:10
dnn_oof_v1_fixed_5fold_10run_73configs,gpcr,GPCR,68,MSCMF__RandomUnder__90_10,Random Under-Sampling,MSCMF,RandomUnder,90_10,Oct-90,1,5,21185,20550,635,0.976634411,0.634615385,0.519685039,0.571428571,0.884266452,0.536010164,b070ede58ddac744884ccf026b043e7b23b0e30f05cbc17029050373db8d51e4,not fixed; not saved,22.28860736,PASS,2026-09-07T10:58:18
dnn_oof_v1_fixed_5fold_10run_73configs,gpcr,GPCR,68,MSCMF__RandomUnder__90_10,Random Under-Sampling,MSCMF,RandomUnder,90_10,Oct-90,2,5,21185,20550,635,0.976303989,0.624299065,0.525984252,0.570940171,0.878603061,0.537009922,b070ede58ddac744884ccf026b043e7b23b0e30f05cbc17029050373db8d51e4,not fixed; not saved,23.12126255,PASS,2026-09-07T11:05:34
dnn_oof_v1_fixed_5fold_10run_73configs,gpcr,GPCR,68,MSCMF__RandomUnder__90_10,Random Under-Sampling,MSCMF,RandomUnder,90_10,Oct-90,3,5,21185,20550,635,0.975312721,0.602189781,0.519685039,0.557903635,0.883513459,0.539596097,b070ede58ddac744884ccf026b043e7b23b0e30f05cbc17029050373db8d51e4,not fixed; not saved,22.85053062,PASS,2026-09-07T11:12:51
dnn_oof_v1_fixed_5fold_10run_73configs,gpcr,GPCR,68,MSCMF__RandomUnder__90_10,Random Under-Sampling,MSCMF,RandomUnder,90_10,Oct-90,4,5,21185,20550,635,0.97705924,0.639252336,0.538582677,0.584615385,0.88662632,0.568318467,b070ede58ddac744884ccf026b043e7b23b0e30f05cbc17029050373db8d51e4,not fixed; not saved,22.23451042,PASS,2026-09-07T11:20:02
dnn_oof_v1_fixed_5fold_10run_73configs,gpcr,GPCR,68,MSCMF__RandomUnder__90_10,Random Under-Sampling,MSCMF,RandomUnder,90_10,Oct-90,5,5,21185,20550,635,0.977484069,0.654901961,0.525984252,0.583406114,0.885956971,0.564435785,b070ede58ddac744884ccf026b043e7b23b0e30f05cbc17029050373db8d51e4,not fixed; not saved,21.78294373,PASS,2026-09-07T11:27:11
dnn_oof_v1_fixed_5fold_10run_73configs,gpcr,GPCR,68,MSCMF__RandomUnder__90_10,Random Under-Sampling,MSCMF,RandomUnder,90_10,Oct-90,6,5,21185,20550,635,0.975312721,0.6,0.529133858,0.562343096,0.897659674,0.537868793,b070ede58ddac744884ccf026b043e7b23b0e30f05cbc17029050373db8d51e4,not fixed; not saved,23.55066538,PASS,2026-09-07T11:34:19
dnn_oof_v1_fixed_5fold_10run_73configs,gpcr,GPCR,68,MSCMF__RandomUnder__90_10,Random Under-Sampling,MSCMF,RandomUnder,90_10,Oct-90,7,5,21185,20550,635,0.975359924,0.593080725,0.566929134,0.579710145,0.89139418,0.549329692,b070ede58ddac744884ccf026b043e7b23b0e30f05cbc17029050373db8d51e4,not fixed; not saved,22.71390343,PASS,2026-09-07T11:41:28
dnn_oof_v1_fixed_5fold_10run_73configs,gpcr,GPCR,68,MSCMF__RandomUnder__90_10,Random Under-Sampling,MSCMF,RandomUnder,90_10,Oct-90,8,5,21185,20550,635,0.976728818,0.640316206,0.51023622,0.567922875,0.876362741,0.528595007,b070ede58ddac744884ccf026b043e7b23b0e30f05cbc17029050373db8d51e4,not fixed; not saved,22.61007071,PASS,2026-09-07T11:48:40
dnn_oof_v1_fixed_5fold_10run_73configs,gpcr,GPCR,68,MSCMF__RandomUnder__90_10,Random Under-Sampling,MSCMF,RandomUnder,90_10,Oct-90,9,5,21185,20550,635,0.975501534,0.602112676,0.538582677,0.568578554,0.881652279,0.547396093,b070ede58ddac744884ccf026b043e7b23b0e30f05cbc17029050373db8d51e4,not fixed; not saved,22.14849234,PASS,2026-09-07T11:55:50
dnn_oof_v1_fixed_5fold_10run_73configs,gpcr,GPCR,68,MSCMF__RandomUnder__90_10,Random Under-Sampling,MSCMF,RandomUnder,90_10,Oct-90,10,5,21185,20550,635,0.97720085,0.643939394,0.535433071,0.584694755,0.887680097,0.563338455,b070ede58ddac744884ccf026b043e7b23b0e30f05cbc17029050373db8d51e4,not fixed; not saved,24.1657033,PASS,2026-09-07T12:03:00
dnn_oof_v1_fixed_5fold_10run_73configs,gpcr,GPCR,69,MSCMF__TomekLinks__50_50,Tomek Links,MSCMF,TomekLinks,50_50,50/50,1,5,21185,20550,635,0.92853434,0.242530756,0.651968504,0.35354398,0.875799529,0.405208385,b070ede58ddac744884ccf026b043e7b23b0e30f05cbc17029050373db8d51e4,not fixed; not saved,16.51203418,PASS,2026-09-07T12:10:07
dnn_oof_v1_fixed_5fold_10run_73configs,gpcr,GPCR,69,MSCMF__TomekLinks__50_50,Tomek Links,MSCMF,TomekLinks,50_50,50/50,2,5,21185,20550,635,0.92721265,0.242768009,0.674015748,0.356964137,0.876813878,0.436010594,b070ede58ddac744884ccf026b043e7b23b0e30f05cbc17029050373db8d51e4,not fixed; not saved,16.14155936,PASS,2026-09-07T12:17:12
dnn_oof_v1_fixed_5fold_10run_73configs,gpcr,GPCR,69,MSCMF__TomekLinks__50_50,Tomek Links,MSCMF,TomekLinks,50_50,50/50,3,5,21185,20550,635,0.922445126,0.22815534,0.666141732,0.33989554,0.877442535,0.399469362,b070ede58ddac744884ccf026b043e7b23b0e30f05cbc17029050373db8d51e4,not fixed; not saved,16.46832824,PASS,2026-09-07T12:24:14
dnn_oof_v1_fixed_5fold_10run_73configs,gpcr,GPCR,69,MSCMF__TomekLinks__50_50,Tomek Links,MSCMF,TomekLinks,50_50,50/50,4,5,21185,20550,635,0.908614586,0.201194304,0.68976378,0.311522048,0.876724448,0.400431961,b070ede58ddac744884ccf026b043e7b23b0e30f05cbc17029050373db8d51e4,not fixed; not saved,16.41826653,PASS,2026-09-07T12:31:19
dnn_oof_v1_fixed_5fold_10run_73configs,gpcr,GPCR,69,MSCMF__TomekLinks__50_50,Tomek Links,MSCMF,TomekLinks,50_50,50/50,5,5,21185,20550,635,0.921217843,0.224413646,0.662992126,0.335324572,0.88134525,0.388747657,b070ede58ddac744884ccf026b043e7b23b0e30f05cbc17029050373db8d51e4,not fixed; not saved,15.18007541,PASS,2026-09-07T12:38:23
dnn_oof_v1_fixed_5fold_10run_73configs,gpcr,GPCR,69,MSCMF__TomekLinks__50_50,Tomek Links,MSCMF,TomekLinks,50_50,50/50,6,5,21185,20550,635,0.921501062,0.22918862,0.68503937,0.343466246,0.878404123,0.399865969,b070ede58ddac744884ccf026b043e7b23b0e30f05cbc17029050373db8d51e4,not fixed; not saved,17.53117943,PASS,2026-09-07T12:45:30
dnn_oof_v1_fixed_5fold_10run_73configs,gpcr,GPCR,69,MSCMF__TomekLinks__50_50,Tomek Links,MSCMF,TomekLinks,50_50,50/50,7,5,21185,20550,635,0.921737078,0.226031066,0.664566929,0.337330136,0.879453838,0.403158551,b070ede58ddac744884ccf026b043e7b23b0e30f05cbc17029050373db8d51e4,not fixed; not saved,16.45849419,PASS,2026-09-07T12:52:38
dnn_oof_v1_fixed_5fold_10run_73configs,gpcr,GPCR,69,MSCMF__TomekLinks__50_50,Tomek Links,MSCMF,TomekLinks,50_50,50/50,8,5,21185,20550,635,0.917299976,0.21721519,0.675590551,0.328735632,0.873491197,0.356105657,b070ede58ddac744884ccf026b043e7b23b0e30f05cbc17029050373db8d51e4,not fixed; not saved,15.63602233,PASS,2026-09-07T12:59:43
dnn_oof_v1_fixed_5fold_10run_73configs,gpcr,GPCR,69,MSCMF__TomekLinks__50_50,Tomek Links,MSCMF,TomekLinks,50_50,50/50,9,5,21185,20550,635,0.926457399,0.24,0.670866142,0.353526971,0.877166657,0.404032463,b070ede58ddac744884ccf026b043e7b23b0e30f05cbc17029050373db8d51e4,not fixed; not saved,16.37817478,PASS,2026-09-07T13:06:47
dnn_oof_v1_fixed_5fold_10run_73configs,gpcr,GPCR,69,MSCMF__TomekLinks__50_50,Tomek Links,MSCMF,TomekLinks,50_50,50/50,10,5,21185,20550,635,0.906773661,0.196832579,0.68503937,0.305799649,0.870423089,0.4040166,b070ede58ddac744884ccf026b043e7b23b0e30f05cbc17029050373db8d51e4,not fixed; not saved,16.69343138,PASS,2026-09-07T13:13:53
dnn_oof_v1_fixed_5fold_10run_73configs,gpcr,GPCR,70,MSCMF__TomekLinks__80_20,Tomek Links,MSCMF,TomekLinks,80_20,80/20,1,5,21185,20550,635,0.96558886,0.446469248,0.617322835,0.51817581,0.885272755,0.554526662,b070ede58ddac744884ccf026b043e7b23b0e30f05cbc17029050373db8d51e4,not fixed; not saved,18.20202374,PASS,2026-09-07T13:21:04
dnn_oof_v1_fixed_5fold_10run_73configs,gpcr,GPCR,70,MSCMF__TomekLinks__80_20,Tomek Links,MSCMF,TomekLinks,80_20,80/20,2,5,21185,20550,635,0.969129101,0.487581699,0.587401575,0.532857143,0.88972964,0.551954458,b070ede58ddac744884ccf026b043e7b23b0e30f05cbc17029050373db8d51e4,not fixed; not saved,19.38992548,PASS,2026-09-07T13:28:14
dnn_oof_v1_fixed_5fold_10run_73configs,gpcr,GPCR,70,MSCMF__TomekLinks__80_20,Tomek Links,MSCMF,TomekLinks,80_20,80/20,3,5,21185,20550,635,0.969223507,0.489144317,0.603149606,0.540197461,0.891658984,0.548322317,b070ede58ddac744884ccf026b043e7b23b0e30f05cbc17029050373db8d51e4,not fixed; not saved,18.80699182,PASS,2026-09-07T13:35:27
dnn_oof_v1_fixed_5fold_10run_73configs,gpcr,GPCR,70,MSCMF__TomekLinks__80_20,Tomek Links,MSCMF,TomekLinks,80_20,80/20,4,5,21185,20550,635,0.969837149,0.497333333,0.587401575,0.538628159,0.882169282,0.542945332,b070ede58ddac744884ccf026b043e7b23b0e30f05cbc17029050373db8d51e4,not fixed; not saved,18.2945838,PASS,2026-09-07T13:42:37
dnn_oof_v1_fixed_5fold_10run_73configs,gpcr,GPCR,70,MSCMF__TomekLinks__80_20,Tomek Links,MSCMF,TomekLinks,80_20,80/20,5,5,21185,20550,635,0.972008497,0.530882353,0.568503937,0.54904943,0.888348756,0.545341515,b070ede58ddac744884ccf026b043e7b23b0e30f05cbc17029050373db8d51e4,not fixed; not saved,18.61743355,PASS,2026-09-07T13:49:47
dnn_oof_v1_fixed_5fold_10run_73configs,gpcr,GPCR,70,MSCMF__TomekLinks__80_20,Tomek Links,MSCMF,TomekLinks,80_20,80/20,6,5,21185,20550,635,0.97073401,0.510578279,0.57007874,0.538690476,0.876966492,0.520513463,b070ede58ddac744884ccf026b043e7b23b0e30f05cbc17029050373db8d51e4,not fixed; not saved,19.51245117,PASS,2026-09-07T13:56:58
dnn_oof_v1_fixed_5fold_10run_73configs,gpcr,GPCR,70,MSCMF__TomekLinks__80_20,Tomek Links,MSCMF,TomekLinks,80_20,80/20,7,5,21185,20550,635,0.971866887,0.528219971,0.57480315,0.550527903,0.882672644,0.551938737,b070ede58ddac744884ccf026b043e7b23b0e30f05cbc17029050373db8d51e4,not fixed; not saved,18.5448451,PASS,2026-09-07T14:04:11
dnn_oof_v1_fixed_5fold_10run_73configs,gpcr,GPCR,70,MSCMF__TomekLinks__80_20,Tomek Links,MSCMF,TomekLinks,80_20,80/20,8,5,21185,20550,635,0.96809063,0.474784748,0.607874016,0.533149171,0.875828228,0.530075358,b070ede58ddac744884ccf026b043e7b23b0e30f05cbc17029050373db8d51e4,not fixed; not saved,17.92306352,PASS,2026-09-07T14:11:21
dnn_oof_v1_fixed_5fold_10run_73configs,gpcr,GPCR,70,MSCMF__TomekLinks__80_20,Tomek Links,MSCMF,TomekLinks,80_20,80/20,9,5,21185,20550,635,0.96308709,0.421221865,0.618897638,0.50127551,0.886774681,0.549664119,b070ede58ddac744884ccf026b043e7b23b0e30f05cbc17029050373db8d51e4,not fixed; not saved,18.63769531,PASS,2026-09-07T14:18:32
dnn_oof_v1_fixed_5fold_10run_73configs,gpcr,GPCR,70,MSCMF__TomekLinks__80_20,Tomek Links,MSCMF,TomekLinks,80_20,80/20,10,5,21185,20550,635,0.97087562,0.512228261,0.593700787,0.54996353,0.887573922,0.564110714,b070ede58ddac744884ccf026b043e7b23b0e30f05cbc17029050373db8d51e4,not fixed; not saved,19.31374764,PASS,2026-09-07T14:25:48
dnn_oof_v1_fixed_5fold_10run_73configs,gpcr,GPCR,71,MSCMF__TomekLinks__85_15,Tomek Links,MSCMF,TomekLinks,85_15,85/15,1,5,21185,20550,635,0.976209582,0.609715243,0.573228346,0.590909091,0.897043393,0.56894284,b070ede58ddac744884ccf026b043e7b23b0e30f05cbc17029050373db8d51e4,not fixed; not saved,20.80248427,PASS,2026-09-07T14:33:07
dnn_oof_v1_fixed_5fold_10run_73configs,gpcr,GPCR,71,MSCMF__TomekLinks__85_15,Tomek Links,MSCMF,TomekLinks,85_15,85/15,2,5,21185,20550,635,0.973943828,0.563165906,0.582677165,0.572755418,0.882696324,0.560103999,b070ede58ddac744884ccf026b043e7b23b0e30f05cbc17029050373db8d51e4,not fixed; not saved,20.56139922,PASS,2026-09-07T14:40:23
dnn_oof_v1_fixed_5fold_10run_73configs,gpcr,GPCR,71,MSCMF__TomekLinks__85_15,Tomek Links,MSCMF,TomekLinks,85_15,85/15,3,5,21185,20550,635,0.973991031,0.566878981,0.560629921,0.563737134,0.894505738,0.555964014,b070ede58ddac744884ccf026b043e7b23b0e30f05cbc17029050373db8d51e4,not fixed; not saved,21.10214567,PASS,2026-09-07T14:47:37
dnn_oof_v1_fixed_5fold_10run_73configs,gpcr,GPCR,71,MSCMF__TomekLinks__85_15,Tomek Links,MSCMF,TomekLinks,85_15,85/15,4,5,21185,20550,635,0.971866887,0.527121001,0.596850394,0.559822747,0.887533192,0.550659015,b070ede58ddac744884ccf026b043e7b23b0e30f05cbc17029050373db8d51e4,not fixed; not saved,19.95755982,PASS,2026-09-07T14:54:53
dnn_oof_v1_fixed_5fold_10run_73configs,gpcr,GPCR,71,MSCMF__TomekLinks__85_15,Tomek Links,MSCMF,TomekLinks,85_15,85/15,5,5,21185,20550,635,0.970450791,0.506437768,0.557480315,0.530734633,0.877825699,0.536923301,b070ede58ddac744884ccf026b043e7b23b0e30f05cbc17029050373db8d51e4,not fixed; not saved,20.53611994,PASS,2026-09-07T15:02:08
dnn_oof_v1_fixed_5fold_10run_73configs,gpcr,GPCR,71,MSCMF__TomekLinks__85_15,Tomek Links,MSCMF,TomekLinks,85_15,85/15,6,5,21185,20550,635,0.974510267,0.584973166,0.51496063,0.547738693,0.880231661,0.523831826,b070ede58ddac744884ccf026b043e7b23b0e30f05cbc17029050373db8d51e4,not fixed; not saved,19.1882627,PASS,2026-09-07T15:09:25
dnn_oof_v1_fixed_5fold_10run_73configs,gpcr,GPCR,71,MSCMF__TomekLinks__85_15,Tomek Links,MSCMF,TomekLinks,85_15,85/15,7,5,21185,20550,635,0.975171112,0.588617886,0.57007874,0.5792,0.889982643,0.570604942,b070ede58ddac744884ccf026b043e7b23b0e30f05cbc17029050373db8d51e4,not fixed; not saved,21.22251058,PASS,2026-09-07T15:16:41
dnn_oof_v1_fixed_5fold_10run_73configs,gpcr,GPCR,71,MSCMF__TomekLinks__85_15,Tomek Links,MSCMF,TomekLinks,85_15,85/15,8,5,21185,20550,635,0.974651876,0.577531646,0.57480315,0.576164167,0.884017012,0.559875427,b070ede58ddac744884ccf026b043e7b23b0e30f05cbc17029050373db8d51e4,not fixed; not saved,20.02518511,PASS,2026-09-07T15:23:56
dnn_oof_v1_fixed_5fold_10run_73configs,gpcr,GPCR,71,MSCMF__TomekLinks__85_15,Tomek Links,MSCMF,TomekLinks,85_15,85/15,9,5,21185,20550,635,0.974463063,0.575079872,0.566929134,0.570975416,0.891705769,0.570554451,b070ede58ddac744884ccf026b043e7b23b0e30f05cbc17029050373db8d51e4,not fixed; not saved,19.41504908,PASS,2026-09-07T15:31:12
dnn_oof_v1_fixed_5fold_10run_73configs,gpcr,GPCR,71,MSCMF__TomekLinks__85_15,Tomek Links,MSCMF,TomekLinks,85_15,85/15,10,5,21185,20550,635,0.974510267,0.573189522,0.585826772,0.579439252,0.892400483,0.565967208,b070ede58ddac744884ccf026b043e7b23b0e30f05cbc17029050373db8d51e4,not fixed; not saved,20.81442976,PASS,2026-09-07T15:38:30
dnn_oof_v1_fixed_5fold_10run_73configs,gpcr,GPCR,72,MSCMF__TomekLinks__90_10,Tomek Links,MSCMF,TomekLinks,90_10,Oct-90,1,5,21185,20550,635,0.976492802,0.629489603,0.524409449,0.572164948,0.884908635,0.536973864,b070ede58ddac744884ccf026b043e7b23b0e30f05cbc17029050373db8d51e4,not fixed; not saved,23.27387595,PASS,2026-09-07T15:45:53
dnn_oof_v1_fixed_5fold_10run_73configs,gpcr,GPCR,72,MSCMF__TomekLinks__90_10,Tomek Links,MSCMF,TomekLinks,90_10,Oct-90,2,5,21185,20550,635,0.977578475,0.655642023,0.530708661,0.586597041,0.884755407,0.546656013,b070ede58ddac744884ccf026b043e7b23b0e30f05cbc17029050373db8d51e4,not fixed; not saved,22.18852973,PASS,2026-09-07T15:53:11
dnn_oof_v1_fixed_5fold_10run_73configs,gpcr,GPCR,72,MSCMF__TomekLinks__90_10,Tomek Links,MSCMF,TomekLinks,90_10,Oct-90,3,5,21185,20550,635,0.976634411,0.643442623,0.494488189,0.559216385,0.885219917,0.529213198,b070ede58ddac744884ccf026b043e7b23b0e30f05cbc17029050373db8d51e4,not fixed; not saved,22.97717118,PASS,2026-09-07T16:00:30
dnn_oof_v1_fixed_5fold_10run_73configs,gpcr,GPCR,72,MSCMF__TomekLinks__90_10,Tomek Links,MSCMF,TomekLinks,90_10,Oct-90,4,5,21185,20550,635,0.97720085,0.643939394,0.535433071,0.584694755,0.886936835,0.53428982,b070ede58ddac744884ccf026b043e7b23b0e30f05cbc17029050373db8d51e4,not fixed; not saved,22.71831346,PASS,2026-09-07T16:07:50
dnn_oof_v1_fixed_5fold_10run_73configs,gpcr,GPCR,72,MSCMF__TomekLinks__90_10,Tomek Links,MSCMF,TomekLinks,90_10,Oct-90,5,5,21185,20550,635,0.977578475,0.648698885,0.549606299,0.595055413,0.884678813,0.565384847,b070ede58ddac744884ccf026b043e7b23b0e30f05cbc17029050373db8d51e4,not fixed; not saved,22.35031581,PASS,2026-09-07T16:15:16
dnn_oof_v1_fixed_5fold_10run_73configs,gpcr,GPCR,72,MSCMF__TomekLinks__90_10,Tomek Links,MSCMF,TomekLinks,90_10,Oct-90,6,5,21185,20550,635,0.97838093,0.669216061,0.551181102,0.604490501,0.887483495,0.58174267,b070ede58ddac744884ccf026b043e7b23b0e30f05cbc17029050373db8d51e4,not fixed; not saved,22.24749732,PASS,2026-09-07T16:22:35
dnn_oof_v1_fixed_5fold_10run_73configs,gpcr,GPCR,72,MSCMF__TomekLinks__90_10,Tomek Links,MSCMF,TomekLinks,90_10,Oct-90,7,5,21185,20550,635,0.977625679,0.668058455,0.503937008,0.574506284,0.877995057,0.543821117,b070ede58ddac744884ccf026b043e7b23b0e30f05cbc17029050373db8d51e4,not fixed; not saved,23.97249651,PASS,2026-09-07T16:29:57
dnn_oof_v1_fixed_5fold_10run_73configs,gpcr,GPCR,72,MSCMF__TomekLinks__90_10,Tomek Links,MSCMF,TomekLinks,90_10,Oct-90,8,5,21185,20550,635,0.97587916,0.606164384,0.557480315,0.580803938,0.891875587,0.544764911,b070ede58ddac744884ccf026b043e7b23b0e30f05cbc17029050373db8d51e4,not fixed; not saved,22.68528295,PASS,2026-09-07T16:37:18
dnn_oof_v1_fixed_5fold_10run_73configs,gpcr,GPCR,72,MSCMF__TomekLinks__90_10,Tomek Links,MSCMF,TomekLinks,90_10,Oct-90,9,5,21185,20550,635,0.977436866,0.650095602,0.535433071,0.587219344,0.88821369,0.547351258,b070ede58ddac744884ccf026b043e7b23b0e30f05cbc17029050373db8d51e4,not fixed; not saved,22.30657101,PASS,2026-09-07T16:44:41
dnn_oof_v1_fixed_5fold_10run_73configs,gpcr,GPCR,72,MSCMF__TomekLinks__90_10,Tomek Links,MSCMF,TomekLinks,90_10,Oct-90,10,5,21185,20550,635,0.977106443,0.637867647,0.546456693,0.588634436,0.887395176,0.55067024,b070ede58ddac744884ccf026b043e7b23b0e30f05cbc17029050373db8d51e4,not fixed; not saved,22.88542509,PASS,2026-09-07T16:52:05
dnn_oof_v1_fixed_5fold_10run_73configs,gpcr,GPCR,9,NNMF__WGANGP__50_50,NNMF (WGAN-GP),NNMF,WGANGP,50_50,50/50,1,5,21185,20550,635,0.976067973,0.673913043,0.390551181,0.494516451,0.836128322,0.432701127,b070ede58ddac744884ccf026b043e7b23b0e30f05cbc17029050373db8d51e4,not fixed; not saved,66.94449449,PASS,2026-09-07T17:03:23
dnn_oof_v1_fixed_5fold_10run_73configs,gpcr,GPCR,9,NNMF__WGANGP__50_50,NNMF (WGAN-GP),NNMF,WGANGP,50_50,50/50,2,5,21185,20550,635,0.973943828,0.604010025,0.379527559,0.46615087,0.835475717,0.407425589,b070ede58ddac744884ccf026b043e7b23b0e30f05cbc17029050373db8d51e4,not fixed; not saved,66.19238329,PASS,2026-09-07T17:11:30
dnn_oof_v1_fixed_5fold_10run_73configs,gpcr,GPCR,9,NNMF__WGANGP__50_50,NNMF (WGAN-GP),NNMF,WGANGP,50_50,50/50,3,5,21185,20550,635,0.975171112,0.657060519,0.359055118,0.464358452,0.828449566,0.435011783,b070ede58ddac744884ccf026b043e7b23b0e30f05cbc17029050373db8d51e4,not fixed; not saved,68.42959404,PASS,2026-09-07T17:19:38
dnn_oof_v1_fixed_5fold_10run_73configs,gpcr,GPCR,9,NNMF__WGANGP__50_50,NNMF (WGAN-GP),NNMF,WGANGP,50_50,50/50,4,5,21185,20550,635,0.975123908,0.633004926,0.404724409,0.493756004,0.836984501,0.424479836,b070ede58ddac744884ccf026b043e7b23b0e30f05cbc17029050373db8d51e4,not fixed; not saved,67.1021018,PASS,2026-09-07T17:27:45
dnn_oof_v1_fixed_5fold_10run_73configs,gpcr,GPCR,9,NNMF__WGANGP__50_50,NNMF (WGAN-GP),NNMF,WGANGP,50_50,50/50,5,5,21185,20550,635,0.975123908,0.652542373,0.363779528,0.467138524,0.831453493,0.421745,b070ede58ddac744884ccf026b043e7b23b0e30f05cbc17029050373db8d51e4,not fixed; not saved,69.84901762,PASS,2026-09-07T17:35:53
dnn_oof_v1_fixed_5fold_10run_73configs,gpcr,GPCR,9,NNMF__WGANGP__50_50,NNMF (WGAN-GP),NNMF,WGANGP,50_50,50/50,6,5,21185,20550,635,0.975359924,0.657381616,0.371653543,0.474849095,0.831826657,0.400227102,b070ede58ddac744884ccf026b043e7b23b0e30f05cbc17029050373db8d51e4,not fixed; not saved,66.61758041,PASS,2026-09-07T17:44:00
dnn_oof_v1_fixed_5fold_10run_73configs,gpcr,GPCR,9,NNMF__WGANGP__50_50,NNMF (WGAN-GP),NNMF,WGANGP,50_50,50/50,7,5,21185,20550,635,0.975784753,0.658031088,0.4,0.49755142,0.839272372,0.441819862,b070ede58ddac744884ccf026b043e7b23b0e30f05cbc17029050373db8d51e4,not fixed; not saved,65.99597144,PASS,2026-09-07T17:52:08
dnn_oof_v1_fixed_5fold_10run_73configs,gpcr,GPCR,9,NNMF__WGANGP__50_50,NNMF (WGAN-GP),NNMF,WGANGP,50_50,50/50,8,5,21185,20550,635,0.975454331,0.648578811,0.395275591,0.491193738,0.841587639,0.427396196,b070ede58ddac744884ccf026b043e7b23b0e30f05cbc17029050373db8d51e4,not fixed; not saved,68.44613147,PASS,2026-09-07T18:00:14
dnn_oof_v1_fixed_5fold_10run_73configs,gpcr,GPCR,9,NNMF__WGANGP__50_50,NNMF (WGAN-GP),NNMF,WGANGP,50_50,50/50,9,5,21185,20550,635,0.97337739,0.587654321,0.37480315,0.457692308,0.840269671,0.411340767,b070ede58ddac744884ccf026b043e7b23b0e30f05cbc17029050373db8d51e4,not fixed; not saved,66.82637787,PASS,2026-09-07T18:08:22
dnn_oof_v1_fixed_5fold_10run_73configs,gpcr,GPCR,9,NNMF__WGANGP__50_50,NNMF (WGAN-GP),NNMF,WGANGP,50_50,50/50,10,5,21185,20550,635,0.973943828,0.597647059,0.4,0.479245283,0.842128513,0.421935432,b070ede58ddac744884ccf026b043e7b23b0e30f05cbc17029050373db8d51e4,not fixed; not saved,68.47352791,PASS,2026-09-07T18:16:29
dnn_oof_v1_fixed_5fold_10run_73configs,gpcr,GPCR,10,NNMF__WGANGP__80_20,NNMF (WGAN-GP),NNMF,WGANGP,80_20,80/20,1,5,21185,20550,635,0.974793486,0.642253521,0.359055118,0.460606061,0.835260072,0.42176742,b070ede58ddac744884ccf026b043e7b23b0e30f05cbc17029050373db8d51e4,not fixed; not saved,46.96058607,PASS,2026-09-07T18:24:26
dnn_oof_v1_fixed_5fold_10run_73configs,gpcr,GPCR,10,NNMF__WGANGP__80_20,NNMF (WGAN-GP),NNMF,WGANGP,80_20,80/20,2,5,21185,20550,635,0.973849422,0.607427056,0.360629921,0.45256917,0.837602544,0.417051962,b070ede58ddac744884ccf026b043e7b23b0e30f05cbc17029050373db8d51e4,not fixed; not saved,47.08007383,PASS,2026-09-07T18:32:18
dnn_oof_v1_fixed_5fold_10run_73configs,gpcr,GPCR,10,NNMF__WGANGP__80_20,NNMF (WGAN-GP),NNMF,WGANGP,80_20,80/20,3,5,21185,20550,635,0.975312721,0.66969697,0.348031496,0.458031088,0.832099393,0.411442278,b070ede58ddac744884ccf026b043e7b23b0e30f05cbc17029050373db8d51e4,not fixed; not saved,47.2213819,PASS,2026-09-07T18:40:12
dnn_oof_v1_fixed_5fold_10run_73configs,gpcr,GPCR,10,NNMF__WGANGP__80_20,NNMF (WGAN-GP),NNMF,WGANGP,80_20,80/20,4,5,21185,20550,635,0.974840689,0.644067797,0.359055118,0.46107179,0.828300056,0.411150303,b070ede58ddac744884ccf026b043e7b23b0e30f05cbc17029050373db8d51e4,not fixed; not saved,46.04363871,PASS,2026-09-07T18:48:01
dnn_oof_v1_fixed_5fold_10run_73configs,gpcr,GPCR,10,NNMF__WGANGP__80_20,NNMF (WGAN-GP),NNMF,WGANGP,80_20,80/20,5,5,21185,20550,635,0.974982299,0.653061224,0.352755906,0.45807771,0.82672395,0.391320254,b070ede58ddac744884ccf026b043e7b23b0e30f05cbc17029050373db8d51e4,not fixed; not saved,47.48668003,PASS,2026-09-07T18:55:54
dnn_oof_v1_fixed_5fold_10run_73configs,gpcr,GPCR,10,NNMF__WGANGP__80_20,NNMF (WGAN-GP),NNMF,WGANGP,80_20,80/20,6,5,21185,20550,635,0.975973566,0.661538462,0.406299213,0.503414634,0.842312432,0.436815007,b070ede58ddac744884ccf026b043e7b23b0e30f05cbc17029050373db8d51e4,not fixed; not saved,47.53681231,PASS,2026-09-07T19:03:49
dnn_oof_v1_fixed_5fold_10run_73configs,gpcr,GPCR,10,NNMF__WGANGP__80_20,NNMF (WGAN-GP),NNMF,WGANGP,80_20,80/20,7,5,21185,20550,635,0.974368657,0.617948718,0.379527559,0.470243902,0.830906412,0.391931545,b070ede58ddac744884ccf026b043e7b23b0e30f05cbc17029050373db8d51e4,not fixed; not saved,46.57522321,PASS,2026-09-07T19:11:42
dnn_oof_v1_fixed_5fold_10run_73configs,gpcr,GPCR,10,NNMF__WGANGP__80_20,NNMF (WGAN-GP),NNMF,WGANGP,80_20,80/20,8,5,21185,20550,635,0.974368657,0.621693122,0.37007874,0.463968411,0.834118972,0.396915746,b070ede58ddac744884ccf026b043e7b23b0e30f05cbc17029050373db8d51e4,not fixed; not saved,46.76520824,PASS,2026-09-07T19:19:35
dnn_oof_v1_fixed_5fold_10run_73configs,gpcr,GPCR,10,NNMF__WGANGP__80_20,NNMF (WGAN-GP),NNMF,WGANGP,80_20,80/20,9,5,21185,20550,635,0.97455747,0.636363636,0.352755906,0.453900709,0.839327854,0.407745138,b070ede58ddac744884ccf026b043e7b23b0e30f05cbc17029050373db8d51e4,not fixed; not saved,47.84546828,PASS,2026-09-07T19:27:30
dnn_oof_v1_fixed_5fold_10run_73configs,gpcr,GPCR,10,NNMF__WGANGP__80_20,NNMF (WGAN-GP),NNMF,WGANGP,80_20,80/20,10,5,21185,20550,635,0.975359924,0.650666667,0.384251969,0.483168317,0.836421787,0.413313855,b070ede58ddac744884ccf026b043e7b23b0e30f05cbc17029050373db8d51e4,not fixed; not saved,47.85980868,PASS,2026-09-07T19:35:25
dnn_oof_v1_fixed_5fold_10run_73configs,gpcr,GPCR,11,NNMF__WGANGP__85_15,NNMF (WGAN-GP),NNMF,WGANGP,85_15,85/15,1,5,21185,20550,635,0.975123908,0.657894737,0.354330709,0.460593654,0.834498879,0.407278437,b070ede58ddac744884ccf026b043e7b23b0e30f05cbc17029050373db8d51e4,not fixed; not saved,45.65536094,PASS,2026-09-07T19:43:19
dnn_oof_v1_fixed_5fold_10run_73configs,gpcr,GPCR,11,NNMF__WGANGP__85_15,NNMF (WGAN-GP),NNMF,WGANGP,85_15,85/15,2,5,21185,20550,635,0.975926363,0.683284457,0.366929134,0.477459016,0.828139395,0.421470976,b070ede58ddac744884ccf026b043e7b23b0e30f05cbc17029050373db8d51e4,not fixed; not saved,45.12633252,PASS,2026-09-07T19:51:09
dnn_oof_v1_fixed_5fold_10run_73configs,gpcr,GPCR,11,NNMF__WGANGP__85_15,NNMF (WGAN-GP),NNMF,WGANGP,85_15,85/15,3,5,21185,20550,635,0.975784753,0.663101604,0.390551181,0.491575818,0.82905144,0.42385614,b070ede58ddac744884ccf026b043e7b23b0e30f05cbc17029050373db8d51e4,not fixed; not saved,44.87571192,PASS,2026-09-07T19:59:03
dnn_oof_v1_fixed_5fold_10run_73configs,gpcr,GPCR,11,NNMF__WGANGP__85_15,NNMF (WGAN-GP),NNMF,WGANGP,85_15,85/15,4,5,21185,20550,635,0.974840689,0.6328125,0.382677165,0.476938175,0.82784229,0.408681393,b070ede58ddac744884ccf026b043e7b23b0e30f05cbc17029050373db8d51e4,not fixed; not saved,44.86172223,PASS,2026-09-07T20:06:56
dnn_oof_v1_fixed_5fold_10run_73configs,gpcr,GPCR,11,NNMF__WGANGP__85_15,NNMF (WGAN-GP),NNMF,WGANGP,85_15,85/15,5,5,21185,20550,635,0.975029502,0.639473684,0.382677165,0.478817734,0.830168937,0.413689283,b070ede58ddac744884ccf026b043e7b23b0e30f05cbc17029050373db8d51e4,not fixed; not saved,45.17653227,PASS,2026-09-07T20:14:52
dnn_oof_v1_fixed_5fold_10run_73configs,gpcr,GPCR,11,NNMF__WGANGP__85_15,NNMF (WGAN-GP),NNMF,WGANGP,85_15,85/15,6,5,21185,20550,635,0.97469908,0.62992126,0.377952756,0.472440945,0.836462479,0.420407037,b070ede58ddac744884ccf026b043e7b23b0e30f05cbc17029050373db8d51e4,not fixed; not saved,44.78257227,PASS,2026-09-07T20:22:48
dnn_oof_v1_fixed_5fold_10run_73configs,gpcr,GPCR,11,NNMF__WGANGP__85_15,NNMF (WGAN-GP),NNMF,WGANGP,85_15,85/15,7,5,21185,20550,635,0.974935096,0.637566138,0.379527559,0.475814413,0.84415932,0.435551956,b070ede58ddac744884ccf026b043e7b23b0e30f05cbc17029050373db8d51e4,not fixed; not saved,44.48654127,PASS,2026-09-07T20:30:43
dnn_oof_v1_fixed_5fold_10run_73configs,gpcr,GPCR,11,NNMF__WGANGP__85_15,NNMF (WGAN-GP),NNMF,WGANGP,85_15,85/15,8,5,21185,20550,635,0.975312721,0.64507772,0.392125984,0.487757101,0.838819357,0.41186036,b070ede58ddac744884ccf026b043e7b23b0e30f05cbc17029050373db8d51e4,not fixed; not saved,44.98585272,PASS,2026-09-07T20:38:40
dnn_oof_v1_fixed_5fold_10run_73configs,gpcr,GPCR,11,NNMF__WGANGP__85_15,NNMF (WGAN-GP),NNMF,WGANGP,85_15,85/15,9,5,21185,20550,635,0.975595941,0.663888889,0.376377953,0.48040201,0.829864743,0.39988611,b070ede58ddac744884ccf026b043e7b23b0e30f05cbc17029050373db8d51e4,not fixed; not saved,45.76654458,PASS,2026-09-07T20:46:35
dnn_oof_v1_fixed_5fold_10run_73configs,gpcr,GPCR,11,NNMF__WGANGP__85_15,NNMF (WGAN-GP),NNMF,WGANGP,85_15,85/15,10,5,21185,20550,635,0.973518999,0.592039801,0.37480315,0.459016393,0.833433569,0.409442058,b070ede58ddac744884ccf026b043e7b23b0e30f05cbc17029050373db8d51e4,not fixed; not saved,45.78530407,PASS,2026-09-07T20:54:34
dnn_oof_v1_fixed_5fold_10run_73configs,gpcr,GPCR,12,NNMF__WGANGP__90_10,NNMF (WGAN-GP),NNMF,WGANGP,90_10,Oct-90,1,5,21185,20550,635,0.973518999,0.582959641,0.409448819,0.481036078,0.840420637,0.412805594,b070ede58ddac744884ccf026b043e7b23b0e30f05cbc17029050373db8d51e4,not fixed; not saved,43.31429172,PASS,2026-09-07T21:02:32
dnn_oof_v1_fixed_5fold_10run_73configs,gpcr,GPCR,12,NNMF__WGANGP__90_10,NNMF (WGAN-GP),NNMF,WGANGP,90_10,Oct-90,2,5,21185,20550,635,0.974793486,0.650746269,0.343307087,0.449484536,0.825795084,0.406129048,b070ede58ddac744884ccf026b043e7b23b0e30f05cbc17029050373db8d51e4,not fixed; not saved,44.11402965,PASS,2026-09-07T21:10:31
dnn_oof_v1_fixed_5fold_10run_73configs,gpcr,GPCR,12,NNMF__WGANGP__90_10,NNMF (WGAN-GP),NNMF,WGANGP,90_10,Oct-90,3,5,21185,20550,635,0.974604673,0.626631854,0.377952756,0.47151277,0.837377895,0.404569455,b070ede58ddac744884ccf026b043e7b23b0e30f05cbc17029050373db8d51e4,not fixed; not saved,44.87353539,PASS,2026-09-07T21:18:31
dnn_oof_v1_fixed_5fold_10run_73configs,gpcr,GPCR,12,NNMF__WGANGP__90_10,NNMF (WGAN-GP),NNMF,WGANGP,90_10,Oct-90,4,5,21185,20550,635,0.97469908,0.62992126,0.377952756,0.472440945,0.844894151,0.430874614,b070ede58ddac744884ccf026b043e7b23b0e30f05cbc17029050373db8d51e4,not fixed; not saved,43.7951355,PASS,2026-09-07T21:26:30
dnn_oof_v1_fixed_5fold_10run_73configs,gpcr,GPCR,12,NNMF__WGANGP__90_10,NNMF (WGAN-GP),NNMF,WGANGP,90_10,Oct-90,5,5,21185,20550,635,0.973943828,0.606138107,0.373228346,0.461988304,0.850083875,0.405101682,b070ede58ddac744884ccf026b043e7b23b0e30f05cbc17029050373db8d51e4,not fixed; not saved,45.1676507,PASS,2026-09-07T21:34:29
dnn_oof_v1_fixed_5fold_10run_73configs,gpcr,GPCR,12,NNMF__WGANGP__90_10,NNMF (WGAN-GP),NNMF,WGANGP,90_10,Oct-90,6,5,21185,20550,635,0.974651876,0.621890547,0.393700787,0.482160077,0.833138993,0.412150814,b070ede58ddac744884ccf026b043e7b23b0e30f05cbc17029050373db8d51e4,not fixed; not saved,43.99404693,PASS,2026-09-07T21:42:30
dnn_oof_v1_fixed_5fold_10run_73configs,gpcr,GPCR,12,NNMF__WGANGP__90_10,NNMF (WGAN-GP),NNMF,WGANGP,90_10,Oct-90,7,5,21185,20550,635,0.975171112,0.650137741,0.371653543,0.472945892,0.834886564,0.413738375,b070ede58ddac744884ccf026b043e7b23b0e30f05cbc17029050373db8d51e4,not fixed; not saved,43.47820878,PASS,2026-09-07T21:50:31
dnn_oof_v1_fixed_5fold_10run_73configs,gpcr,GPCR,12,NNMF__WGANGP__90_10,NNMF (WGAN-GP),NNMF,WGANGP,90_10,Oct-90,8,5,21185,20550,635,0.975123908,0.656976744,0.355905512,0.461695608,0.832361822,0.384570809,b070ede58ddac744884ccf026b043e7b23b0e30f05cbc17029050373db8d51e4,not fixed; not saved,44.68487096,PASS,2026-09-07T21:58:32
dnn_oof_v1_fixed_5fold_10run_73configs,gpcr,GPCR,12,NNMF__WGANGP__90_10,NNMF (WGAN-GP),NNMF,WGANGP,90_10,Oct-90,9,5,21185,20550,635,0.974085438,0.614973262,0.362204724,0.455896928,0.829846351,0.405933882,b070ede58ddac744884ccf026b043e7b23b0e30f05cbc17029050373db8d51e4,not fixed; not saved,43.37842441,PASS,2026-09-07T22:06:34
dnn_oof_v1_fixed_5fold_10run_73configs,gpcr,GPCR,12,NNMF__WGANGP__90_10,NNMF (WGAN-GP),NNMF,WGANGP,90_10,Oct-90,10,5,21185,20550,635,0.975265518,0.648,0.382677165,0.481188119,0.834893653,0.417045411,b070ede58ddac744884ccf026b043e7b23b0e30f05cbc17029050373db8d51e4,not fixed; not saved,43.83830833,PASS,2026-09-07T22:14:34
dnn_oof_v1_fixed_5fold_10run_73configs,gpcr,GPCR,17,NNMF__VAE__50_50,NNMF (VAE),NNMF,VAE,50_50,50/50,1,5,21185,20550,635,0.974982299,0.653958944,0.351181102,0.456967213,0.82736004,0.411785559,b070ede58ddac744884ccf026b043e7b23b0e30f05cbc17029050373db8d51e4,not fixed; not saved,68.7986722,PASS,2026-09-07T22:22:59
dnn_oof_v1_fixed_5fold_10run_73configs,gpcr,GPCR,17,NNMF__VAE__50_50,NNMF (VAE),NNMF,VAE,50_50,50/50,2,5,21185,20550,635,0.976067973,0.673913043,0.390551181,0.494516451,0.839007721,0.425873612,b070ede58ddac744884ccf026b043e7b23b0e30f05cbc17029050373db8d51e4,not fixed; not saved,68.35067439,PASS,2026-09-07T22:31:20
dnn_oof_v1_fixed_5fold_10run_73configs,gpcr,GPCR,17,NNMF__VAE__50_50,NNMF (VAE),NNMF,VAE,50_50,50/50,3,5,21185,20550,635,0.975926363,0.658227848,0.409448819,0.504854369,0.834777363,0.435424044,b070ede58ddac744884ccf026b043e7b23b0e30f05cbc17029050373db8d51e4,not fixed; not saved,69.03065586,PASS,2026-09-07T22:39:42
dnn_oof_v1_fixed_5fold_10run_73configs,gpcr,GPCR,17,NNMF__VAE__50_50,NNMF (VAE),NNMF,VAE,50_50,50/50,4,5,21185,20550,635,0.975076705,0.656891496,0.352755906,0.459016393,0.83908784,0.418643729,b070ede58ddac744884ccf026b043e7b23b0e30f05cbc17029050373db8d51e4,not fixed; not saved,69.67619205,PASS,2026-09-07T22:48:05
dnn_oof_v1_fixed_5fold_10run_73configs,gpcr,GPCR,17,NNMF__VAE__50_50,NNMF (VAE),NNMF,VAE,50_50,50/50,5,5,21185,20550,635,0.973802219,0.59478673,0.395275591,0.474929044,0.839420963,0.427363052,b070ede58ddac744884ccf026b043e7b23b0e30f05cbc17029050373db8d51e4,not fixed; not saved,69.2280066,PASS,2026-09-07T22:56:24
dnn_oof_v1_fixed_5fold_10run_73configs,gpcr,GPCR,17,NNMF__VAE__50_50,NNMF (VAE),NNMF,VAE,50_50,50/50,6,5,21185,20550,635,0.975454331,0.660167131,0.373228346,0.476861167,0.824542828,0.420626244,b070ede58ddac744884ccf026b043e7b23b0e30f05cbc17029050373db8d51e4,not fixed; not saved,66.98849893,PASS,2026-09-07T23:04:44
dnn_oof_v1_fixed_5fold_10run_73configs,gpcr,GPCR,17,NNMF__VAE__50_50,NNMF (VAE),NNMF,VAE,50_50,50/50,7,5,21185,20550,635,0.973566203,0.590799031,0.384251969,0.465648855,0.844334425,0.415023698,b070ede58ddac744884ccf026b043e7b23b0e30f05cbc17029050373db8d51e4,not fixed; not saved,67.06133223,PASS,2026-09-07T23:13:09
dnn_oof_v1_fixed_5fold_10run_73configs,gpcr,GPCR,17,NNMF__VAE__50_50,NNMF (VAE),NNMF,VAE,50_50,50/50,8,5,21185,20550,635,0.975501534,0.667630058,0.363779528,0.470948012,0.840146292,0.418614625,b070ede58ddac744884ccf026b043e7b23b0e30f05cbc17029050373db8d51e4,not fixed; not saved,70.1390245,PASS,2026-09-07T23:21:30
dnn_oof_v1_fixed_5fold_10run_73configs,gpcr,GPCR,17,NNMF__VAE__50_50,NNMF (VAE),NNMF,VAE,50_50,50/50,9,5,21185,20550,635,0.975265518,0.651226158,0.376377953,0.477045908,0.836256068,0.424628012,b070ede58ddac744884ccf026b043e7b23b0e30f05cbc17029050373db8d51e4,not fixed; not saved,66.93182349,PASS,2026-09-07T23:29:55
dnn_oof_v1_fixed_5fold_10run_73configs,gpcr,GPCR,17,NNMF__VAE__50_50,NNMF (VAE),NNMF,VAE,50_50,50/50,10,5,21185,20550,635,0.975926363,0.670299728,0.387401575,0.491017964,0.834519493,0.420789856,b070ede58ddac744884ccf026b043e7b23b0e30f05cbc17029050373db8d51e4,not fixed; not saved,71.16142869,PASS,2026-09-07T23:38:17
dnn_oof_v1_fixed_5fold_10run_73configs,gpcr,GPCR,18,NNMF__VAE__80_20,NNMF (VAE),NNMF,VAE,80_20,80/20,1,5,21185,20550,635,0.974463063,0.604444444,0.428346457,0.501382488,0.844901661,0.433132411,b070ede58ddac744884ccf026b043e7b23b0e30f05cbc17029050373db8d51e4,not fixed; not saved,49.25513101,PASS,2026-09-07T23:46:22
dnn_oof_v1_fixed_5fold_10run_73configs,gpcr,GPCR,18,NNMF__VAE__80_20,NNMF (VAE),NNMF,VAE,80_20,80/20,2,5,21185,20550,635,0.975076705,0.630170316,0.407874016,0.495219885,0.838511026,0.423435975,b070ede58ddac744884ccf026b043e7b23b0e30f05cbc17029050373db8d51e4,not fixed; not saved,47.47237539,PASS,2026-09-07T23:54:29
dnn_oof_v1_fixed_5fold_10run_73configs,gpcr,GPCR,18,NNMF__VAE__80_20,NNMF (VAE),NNMF,VAE,80_20,80/20,3,5,21185,20550,635,0.97455747,0.628342246,0.37007874,0.46580773,0.837238692,0.417553773,b070ede58ddac744884ccf026b043e7b23b0e30f05cbc17029050373db8d51e4,not fixed; not saved,47.49425006,PASS,2026-09-08T00:02:38
dnn_oof_v1_fixed_5fold_10run_73configs,gpcr,GPCR,18,NNMF__VAE__80_20,NNMF (VAE),NNMF,VAE,80_20,80/20,4,5,21185,20550,635,0.974840689,0.641666667,0.363779528,0.464321608,0.832673257,0.411163186,b070ede58ddac744884ccf026b043e7b23b0e30f05cbc17029050373db8d51e4,not fixed; not saved,47.80737996,PASS,2026-09-08T00:10:43
dnn_oof_v1_fixed_5fold_10run_73configs,gpcr,GPCR,18,NNMF__VAE__80_20,NNMF (VAE),NNMF,VAE,80_20,80/20,5,5,21185,20550,635,0.97455747,0.641176471,0.343307087,0.447179487,0.832371094,0.39388462,b070ede58ddac744884ccf026b043e7b23b0e30f05cbc17029050373db8d51e4,not fixed; not saved,48.11409831,PASS,2026-09-08T00:18:51
dnn_oof_v1_fixed_5fold_10run_73configs,gpcr,GPCR,18,NNMF__VAE__80_20,NNMF (VAE),NNMF,VAE,80_20,80/20,6,5,21185,20550,635,0.973330186,0.587939698,0.368503937,0.453049371,0.836645018,0.414869235,b070ede58ddac744884ccf026b043e7b23b0e30f05cbc17029050373db8d51e4,not fixed; not saved,47.71660852,PASS,2026-09-08T00:26:59
dnn_oof_v1_fixed_5fold_10run_73configs,gpcr,GPCR,18,NNMF__VAE__80_20,NNMF (VAE),NNMF,VAE,80_20,80/20,7,5,21185,20550,635,0.975171112,0.641558442,0.388976378,0.484313725,0.838622411,0.432891545,b070ede58ddac744884ccf026b043e7b23b0e30f05cbc17029050373db8d51e4,not fixed; not saved,48.57027578,PASS,2026-09-08T00:35:06
dnn_oof_v1_fixed_5fold_10run_73configs,gpcr,GPCR,18,NNMF__VAE__80_20,NNMF (VAE),NNMF,VAE,80_20,80/20,8,5,21185,20550,635,0.975359924,0.640897756,0.404724409,0.496138996,0.831767458,0.421401684,b070ede58ddac744884ccf026b043e7b23b0e30f05cbc17029050373db8d51e4,not fixed; not saved,48.81852055,PASS,2026-09-08T00:43:13
dnn_oof_v1_fixed_5fold_10run_73configs,gpcr,GPCR,18,NNMF__VAE__80_20,NNMF (VAE),NNMF,VAE,80_20,80/20,9,5,21185,20550,635,0.974321454,0.625344353,0.357480315,0.45490982,0.820248827,0.392640251,b070ede58ddac744884ccf026b043e7b23b0e30f05cbc17029050373db8d51e4,not fixed; not saved,48.24477792,PASS,2026-09-08T00:51:19
dnn_oof_v1_fixed_5fold_10run_73configs,gpcr,GPCR,18,NNMF__VAE__80_20,NNMF (VAE),NNMF,VAE,80_20,80/20,10,5,21185,20550,635,0.975407128,0.659217877,0.371653543,0.475327291,0.844254689,0.431716612,b070ede58ddac744884ccf026b043e7b23b0e30f05cbc17029050373db8d51e4,not fixed; not saved,47.60828733,PASS,2026-09-08T00:59:25
dnn_oof_v1_fixed_5fold_10run_73configs,gpcr,GPCR,19,NNMF__VAE__85_15,NNMF (VAE),NNMF,VAE,85_15,85/15,1,5,21185,20550,635,0.97455747,0.628342246,0.37007874,0.46580773,0.836698201,0.414939693,b070ede58ddac744884ccf026b043e7b23b0e30f05cbc17029050373db8d51e4,not fixed; not saved,46.29917812,PASS,2026-09-08T01:07:34
dnn_oof_v1_fixed_5fold_10run_73configs,gpcr,GPCR,19,NNMF__VAE__85_15,NNMF (VAE),NNMF,VAE,85_15,85/15,2,5,21185,20550,635,0.973943828,0.595842956,0.406299213,0.483146067,0.837350499,0.424979383,b070ede58ddac744884ccf026b043e7b23b0e30f05cbc17029050373db8d51e4,not fixed; not saved,46.09212756,PASS,2026-09-08T01:15:39
dnn_oof_v1_fixed_5fold_10run_73configs,gpcr,GPCR,19,NNMF__VAE__85_15,NNMF (VAE),NNMF,VAE,85_15,85/15,3,5,21185,20550,635,0.975926363,0.66066838,0.404724409,0.501953125,0.841634002,0.441629841,b070ede58ddac744884ccf026b043e7b23b0e30f05cbc17029050373db8d51e4,not fixed; not saved,45.54696488,PASS,2026-09-08T01:23:45
dnn_oof_v1_fixed_5fold_10run_73configs,gpcr,GPCR,19,NNMF__VAE__85_15,NNMF (VAE),NNMF,VAE,85_15,85/15,4,5,21185,20550,635,0.975123908,0.642857143,0.382677165,0.47976308,0.833443531,0.421292087,b070ede58ddac744884ccf026b043e7b23b0e30f05cbc17029050373db8d51e4,not fixed; not saved,45.88888979,PASS,2026-09-08T01:31:51
dnn_oof_v1_fixed_5fold_10run_73configs,gpcr,GPCR,19,NNMF__VAE__85_15,NNMF (VAE),NNMF,VAE,85_15,85/15,5,5,21185,20550,635,0.975359924,0.647519582,0.390551181,0.487229862,0.834794835,0.430099202,b070ede58ddac744884ccf026b043e7b23b0e30f05cbc17029050373db8d51e4,not fixed; not saved,46.12643123,PASS,2026-09-08T01:39:57
dnn_oof_v1_fixed_5fold_10run_73configs,gpcr,GPCR,19,NNMF__VAE__85_15,NNMF (VAE),NNMF,VAE,85_15,85/15,6,5,21185,20550,635,0.973424593,0.579295154,0.414173228,0.483011938,0.837906087,0.429275339,b070ede58ddac744884ccf026b043e7b23b0e30f05cbc17029050373db8d51e4,not fixed; not saved,46.39335012,PASS,2026-09-08T01:48:10
dnn_oof_v1_fixed_5fold_10run_73configs,gpcr,GPCR,19,NNMF__VAE__85_15,NNMF (VAE),NNMF,VAE,85_15,85/15,7,5,21185,20550,635,0.973566203,0.587822014,0.395275591,0.472693032,0.831337931,0.416377753,b070ede58ddac744884ccf026b043e7b23b0e30f05cbc17029050373db8d51e4,not fixed; not saved,46.13907671,PASS,2026-09-08T01:56:20
dnn_oof_v1_fixed_5fold_10run_73configs,gpcr,GPCR,19,NNMF__VAE__85_15,NNMF (VAE),NNMF,VAE,85_15,85/15,8,5,21185,20550,635,0.973849422,0.606860158,0.362204724,0.453648915,0.841677299,0.407650174,b070ede58ddac744884ccf026b043e7b23b0e30f05cbc17029050373db8d51e4,not fixed; not saved,46.25828362,PASS,2026-09-08T02:04:29
dnn_oof_v1_fixed_5fold_10run_73configs,gpcr,GPCR,19,NNMF__VAE__85_15,NNMF (VAE),NNMF,VAE,85_15,85/15,9,5,21185,20550,635,0.975454331,0.666666667,0.362204724,0.469387755,0.833559706,0.414782284,b070ede58ddac744884ccf026b043e7b23b0e30f05cbc17029050373db8d51e4,not fixed; not saved,45.90112567,PASS,2026-09-08T02:12:36
dnn_oof_v1_fixed_5fold_10run_73configs,gpcr,GPCR,19,NNMF__VAE__85_15,NNMF (VAE),NNMF,VAE,85_15,85/15,10,5,21185,20550,635,0.975454331,0.660167131,0.373228346,0.476861167,0.846189819,0.422304638,b070ede58ddac744884ccf026b043e7b23b0e30f05cbc17029050373db8d51e4,not fixed; not saved,44.85286212,PASS,2026-09-08T02:20:30
dnn_oof_v1_fixed_5fold_10run_73configs,gpcr,GPCR,20,NNMF__VAE__90_10,NNMF (VAE),NNMF,VAE,90_10,Oct-90,1,5,21185,20550,635,0.975595941,0.657754011,0.387401575,0.487611497,0.834328141,0.405490052,b070ede58ddac744884ccf026b043e7b23b0e30f05cbc17029050373db8d51e4,not fixed; not saved,43.10313535,PASS,2026-09-08T02:28:16
dnn_oof_v1_fixed_5fold_10run_73configs,gpcr,GPCR,20,NNMF__VAE__90_10,NNMF (VAE),NNMF,VAE,90_10,Oct-90,2,5,21185,20550,635,0.974463063,0.625,0.37007874,0.464886251,0.834492519,0.426327309,b070ede58ddac744884ccf026b043e7b23b0e30f05cbc17029050373db8d51e4,not fixed; not saved,42.47625327,PASS,2026-09-08T02:36:02
dnn_oof_v1_fixed_5fold_10run_73configs,gpcr,GPCR,20,NNMF__VAE__90_10,NNMF (VAE),NNMF,VAE,90_10,Oct-90,3,5,21185,20550,635,0.974982299,0.642276423,0.373228346,0.472111554,0.83932682,0.437849805,b070ede58ddac744884ccf026b043e7b23b0e30f05cbc17029050373db8d51e4,not fixed; not saved,43.11841154,PASS,2026-09-08T02:43:49
dnn_oof_v1_fixed_5fold_10run_73configs,gpcr,GPCR,20,NNMF__VAE__90_10,NNMF (VAE),NNMF,VAE,90_10,Oct-90,4,5,21185,20550,635,0.97455747,0.624352332,0.379527559,0.47208619,0.839283867,0.426149404,b070ede58ddac744884ccf026b043e7b23b0e30f05cbc17029050373db8d51e4,not fixed; not saved,42.84029579,PASS,2026-09-08T02:51:35
dnn_oof_v1_fixed_5fold_10run_73configs,gpcr,GPCR,20,NNMF__VAE__90_10,NNMF (VAE),NNMF,VAE,90_10,Oct-90,5,5,21185,20550,635,0.974368657,0.610576923,0.4,0.483349191,0.848208709,0.438959493,b070ede58ddac744884ccf026b043e7b23b0e30f05cbc17029050373db8d51e4,not fixed; not saved,42.31318665,PASS,2026-09-08T02:59:21
dnn_oof_v1_fixed_5fold_10run_73configs,gpcr,GPCR,20,NNMF__VAE__90_10,NNMF (VAE),NNMF,VAE,90_10,Oct-90,6,5,21185,20550,635,0.974085438,0.619444444,0.351181102,0.448241206,0.837337127,0.41127959,b070ede58ddac744884ccf026b043e7b23b0e30f05cbc17029050373db8d51e4,not fixed; not saved,42.69375563,PASS,2026-09-08T03:07:09
dnn_oof_v1_fixed_5fold_10run_73configs,gpcr,GPCR,20,NNMF__VAE__90_10,NNMF (VAE),NNMF,VAE,90_10,Oct-90,7,5,21185,20550,635,0.974746283,0.623762376,0.396850394,0.485081809,0.833435485,0.430365853,b070ede58ddac744884ccf026b043e7b23b0e30f05cbc17029050373db8d51e4,not fixed; not saved,42.36354947,PASS,2026-09-08T03:14:55
dnn_oof_v1_fixed_5fold_10run_73configs,gpcr,GPCR,20,NNMF__VAE__90_10,NNMF (VAE),NNMF,VAE,90_10,Oct-90,8,5,21185,20550,635,0.974368657,0.614427861,0.388976378,0.476374156,0.83537096,0.404839378,b070ede58ddac744884ccf026b043e7b23b0e30f05cbc17029050373db8d51e4,not fixed; not saved,42.50745583,PASS,2026-09-08T03:22:41
dnn_oof_v1_fixed_5fold_10run_73configs,gpcr,GPCR,20,NNMF__VAE__90_10,NNMF (VAE),NNMF,VAE,90_10,Oct-90,9,5,21185,20550,635,0.974368657,0.619791667,0.37480315,0.467124632,0.8288953,0.40751783,b070ede58ddac744884ccf026b043e7b23b0e30f05cbc17029050373db8d51e4,not fixed; not saved,42.54705405,PASS,2026-09-08T03:30:29
dnn_oof_v1_fixed_5fold_10run_73configs,gpcr,GPCR,20,NNMF__VAE__90_10,NNMF (VAE),NNMF,VAE,90_10,Oct-90,10,5,21185,20550,635,0.975218315,0.633495146,0.411023622,0.498567335,0.829805085,0.433411677,b070ede58ddac744884ccf026b043e7b23b0e30f05cbc17029050373db8d51e4,not fixed; not saved,42.49781871,PASS,2026-09-08T03:38:17
dnn_oof_v1_fixed_5fold_10run_73configs,gpcr,GPCR,13,LMF__WGANGP__50_50,LMF (WGAN-GP),LMF,WGANGP,50_50,50/50,1,5,21185,20550,635,0.97587916,0.712328767,0.327559055,0.448759439,0.796492404,0.435338901,b070ede58ddac744884ccf026b043e7b23b0e30f05cbc17029050373db8d51e4,not fixed; not saved,62.67224741,PASS,2026-09-08T03:49:44
dnn_oof_v1_fixed_5fold_10run_73configs,gpcr,GPCR,13,LMF__WGANGP__50_50,LMF (WGAN-GP),LMF,WGANGP,50_50,50/50,2,5,21185,20550,635,0.976445598,0.734482759,0.335433071,0.460540541,0.793931452,0.433913332,b070ede58ddac744884ccf026b043e7b23b0e30f05cbc17029050373db8d51e4,not fixed; not saved,62.55909157,PASS,2026-09-08T03:57:53
dnn_oof_v1_fixed_5fold_10run_73configs,gpcr,GPCR,13,LMF__WGANGP__50_50,LMF (WGAN-GP),LMF,WGANGP,50_50,50/50,3,5,21185,20550,635,0.976209582,0.716171617,0.341732283,0.462686567,0.787577677,0.421363933,b070ede58ddac744884ccf026b043e7b23b0e30f05cbc17029050373db8d51e4,not fixed; not saved,61.81568289,PASS,2026-09-08T04:06:02
dnn_oof_v1_fixed_5fold_10run_73configs,gpcr,GPCR,13,LMF__WGANGP__50_50,LMF (WGAN-GP),LMF,WGANGP,50_50,50/50,4,5,21185,20550,635,0.976115176,0.718644068,0.333858268,0.455913978,0.789571163,0.436296765,b070ede58ddac744884ccf026b043e7b23b0e30f05cbc17029050373db8d51e4,not fixed; not saved,61.77689958,PASS,2026-09-08T04:14:10
dnn_oof_v1_fixed_5fold_10run_73configs,gpcr,GPCR,13,LMF__WGANGP__50_50,LMF (WGAN-GP),LMF,WGANGP,50_50,50/50,5,5,21185,20550,635,0.976587208,0.711246201,0.368503937,0.485477178,0.795757036,0.460638311,b070ede58ddac744884ccf026b043e7b23b0e30f05cbc17029050373db8d51e4,not fixed; not saved,62.83642936,PASS,2026-09-08T04:22:20
dnn_oof_v1_fixed_5fold_10run_73configs,gpcr,GPCR,13,LMF__WGANGP__50_50,LMF (WGAN-GP),LMF,WGANGP,50_50,50/50,6,5,21185,20550,635,0.975029502,0.64021164,0.381102362,0.477788746,0.787439508,0.417218993,b070ede58ddac744884ccf026b043e7b23b0e30f05cbc17029050373db8d51e4,not fixed; not saved,62.53641582,PASS,2026-09-08T04:30:30
dnn_oof_v1_fixed_5fold_10run_73configs,gpcr,GPCR,13,LMF__WGANGP__50_50,LMF (WGAN-GP),LMF,WGANGP,50_50,50/50,7,5,21185,20550,635,0.976587208,0.723472669,0.354330709,0.475687104,0.789351764,0.435961957,b070ede58ddac744884ccf026b043e7b23b0e30f05cbc17029050373db8d51e4,not fixed; not saved,61.79793882,PASS,2026-09-08T04:38:39
dnn_oof_v1_fixed_5fold_10run_73configs,gpcr,GPCR,13,LMF__WGANGP__50_50,LMF (WGAN-GP),LMF,WGANGP,50_50,50/50,8,5,21185,20550,635,0.976303989,0.733333333,0.329133858,0.454347826,0.794110236,0.416871807,b070ede58ddac744884ccf026b043e7b23b0e30f05cbc17029050373db8d51e4,not fixed; not saved,61.74231887,PASS,2026-09-08T04:46:50
dnn_oof_v1_fixed_5fold_10run_73configs,gpcr,GPCR,13,LMF__WGANGP__50_50,LMF (WGAN-GP),LMF,WGANGP,50_50,50/50,9,5,21185,20550,635,0.975973566,0.689759036,0.360629921,0.473629783,0.789465755,0.429446706,b070ede58ddac744884ccf026b043e7b23b0e30f05cbc17029050373db8d51e4,not fixed; not saved,61.89320922,PASS,2026-09-08T04:55:00
dnn_oof_v1_fixed_5fold_10run_73configs,gpcr,GPCR,13,LMF__WGANGP__50_50,LMF (WGAN-GP),LMF,WGANGP,50_50,50/50,10,5,21185,20550,635,0.976445598,0.691011236,0.387401575,0.496468214,0.786689158,0.442947335,b070ede58ddac744884ccf026b043e7b23b0e30f05cbc17029050373db8d51e4,not fixed; not saved,62.97364092,PASS,2026-09-08T05:03:10
dnn_oof_v1_fixed_5fold_10run_73configs,gpcr,GPCR,14,LMF__WGANGP__80_20,LMF (WGAN-GP),LMF,WGANGP,80_20,80/20,1,5,21185,20550,635,0.976020769,0.673024523,0.388976378,0.493013972,0.800350442,0.461061522,b070ede58ddac744884ccf026b043e7b23b0e30f05cbc17029050373db8d51e4,not fixed; not saved,44.65002751,PASS,2026-09-08T05:11:05
dnn_oof_v1_fixed_5fold_10run_73configs,gpcr,GPCR,14,LMF__WGANGP__80_20,LMF (WGAN-GP),LMF,WGANGP,80_20,80/20,2,5,21185,20550,635,0.976445598,0.698830409,0.376377953,0.489252815,0.796246949,0.444533453,b070ede58ddac744884ccf026b043e7b23b0e30f05cbc17029050373db8d51e4,not fixed; not saved,44.58470654,PASS,2026-09-08T05:18:59
dnn_oof_v1_fixed_5fold_10run_73configs,gpcr,GPCR,14,LMF__WGANGP__80_20,LMF (WGAN-GP),LMF,WGANGP,80_20,80/20,3,5,21185,20550,635,0.977578475,0.791970803,0.341732283,0.477447745,0.792064755,0.445169062,b070ede58ddac744884ccf026b043e7b23b0e30f05cbc17029050373db8d51e4,not fixed; not saved,45.10593987,PASS,2026-09-08T05:26:53
dnn_oof_v1_fixed_5fold_10run_73configs,gpcr,GPCR,14,LMF__WGANGP__80_20,LMF (WGAN-GP),LMF,WGANGP,80_20,80/20,4,5,21185,20550,635,0.976587208,0.695774648,0.388976378,0.498989899,0.788182846,0.441894326,b070ede58ddac744884ccf026b043e7b23b0e30f05cbc17029050373db8d51e4,not fixed; not saved,44.78914976,PASS,2026-09-08T05:34:47
dnn_oof_v1_fixed_5fold_10run_73configs,gpcr,GPCR,14,LMF__WGANGP__80_20,LMF (WGAN-GP),LMF,WGANGP,80_20,80/20,5,5,21185,20550,635,0.976351192,0.701807229,0.366929134,0.481902792,0.796658467,0.442757623,b070ede58ddac744884ccf026b043e7b23b0e30f05cbc17029050373db8d51e4,not fixed; not saved,45.0102849,PASS,2026-09-08T05:42:42
dnn_oof_v1_fixed_5fold_10run_73configs,gpcr,GPCR,14,LMF__WGANGP__80_20,LMF (WGAN-GP),LMF,WGANGP,80_20,80/20,6,5,21185,20550,635,0.976162379,0.660098522,0.422047244,0.514889529,0.798731498,0.464735344,b070ede58ddac744884ccf026b043e7b23b0e30f05cbc17029050373db8d51e4,not fixed; not saved,44.48204684,PASS,2026-09-08T05:50:36
dnn_oof_v1_fixed_5fold_10run_73configs,gpcr,GPCR,14,LMF__WGANGP__80_20,LMF (WGAN-GP),LMF,WGANGP,80_20,80/20,7,5,21185,20550,635,0.974887892,0.636604775,0.377952756,0.4743083,0.788864839,0.427387167,b070ede58ddac744884ccf026b043e7b23b0e30f05cbc17029050373db8d51e4,not fixed; not saved,44.12950754,PASS,2026-09-08T05:58:31
dnn_oof_v1_fixed_5fold_10run_73configs,gpcr,GPCR,14,LMF__WGANGP__80_20,LMF (WGAN-GP),LMF,WGANGP,80_20,80/20,8,5,21185,20550,635,0.975784753,0.680473373,0.362204724,0.472764645,0.792665594,0.425192279,b070ede58ddac744884ccf026b043e7b23b0e30f05cbc17029050373db8d51e4,not fixed; not saved,45.16609025,PASS,2026-09-08T06:06:27
dnn_oof_v1_fixed_5fold_10run_73configs,gpcr,GPCR,14,LMF__WGANGP__80_20,LMF (WGAN-GP),LMF,WGANGP,80_20,80/20,9,5,21185,20550,635,0.977484069,0.759868421,0.363779528,0.49201278,0.790730923,0.448600569,b070ede58ddac744884ccf026b043e7b23b0e30f05cbc17029050373db8d51e4,not fixed; not saved,44.43965387,PASS,2026-09-08T06:14:22
dnn_oof_v1_fixed_5fold_10run_73configs,gpcr,GPCR,14,LMF__WGANGP__80_20,LMF (WGAN-GP),LMF,WGANGP,80_20,80/20,10,5,21185,20550,635,0.977672882,0.732758621,0.401574803,0.518819939,0.80019549,0.478833309,b070ede58ddac744884ccf026b043e7b23b0e30f05cbc17029050373db8d51e4,not fixed; not saved,44.33807445,PASS,2026-09-08T06:22:17
dnn_oof_v1_fixed_5fold_10run_73configs,gpcr,GPCR,15,LMF__WGANGP__85_15,LMF (WGAN-GP),LMF,WGANGP,85_15,85/15,1,5,21185,20550,635,0.976115176,0.696048632,0.360629921,0.475103734,0.792151886,0.438520892,b070ede58ddac744884ccf026b043e7b23b0e30f05cbc17029050373db8d51e4,not fixed; not saved,43.56660151,PASS,2026-09-08T06:30:13
dnn_oof_v1_fixed_5fold_10run_73configs,gpcr,GPCR,15,LMF__WGANGP__85_15,LMF (WGAN-GP),LMF,WGANGP,85_15,85/15,2,5,21185,20550,635,0.975973566,0.72027972,0.324409449,0.447339848,0.787625189,0.410687683,b070ede58ddac744884ccf026b043e7b23b0e30f05cbc17029050373db8d51e4,not fixed; not saved,42.83814526,PASS,2026-09-08T06:38:07
dnn_oof_v1_fixed_5fold_10run_73configs,gpcr,GPCR,15,LMF__WGANGP__85_15,LMF (WGAN-GP),LMF,WGANGP,85_15,85/15,3,5,21185,20550,635,0.976870427,0.712609971,0.382677165,0.49795082,0.796992854,0.445334852,b070ede58ddac744884ccf026b043e7b23b0e30f05cbc17029050373db8d51e4,not fixed; not saved,43.47832751,PASS,2026-09-08T06:46:03
dnn_oof_v1_fixed_5fold_10run_73configs,gpcr,GPCR,15,LMF__WGANGP__85_15,LMF (WGAN-GP),LMF,WGANGP,85_15,85/15,4,5,21185,20550,635,0.975595941,0.663888889,0.376377953,0.48040201,0.796623829,0.430843927,b070ede58ddac744884ccf026b043e7b23b0e30f05cbc17029050373db8d51e4,not fixed; not saved,43.00929523,PASS,2026-09-08T06:54:00
dnn_oof_v1_fixed_5fold_10run_73configs,gpcr,GPCR,15,LMF__WGANGP__85_15,LMF (WGAN-GP),LMF,WGANGP,85_15,85/15,5,5,21185,20550,635,0.975831957,0.720430108,0.316535433,0.439824945,0.793561546,0.425935606,b070ede58ddac744884ccf026b043e7b23b0e30f05cbc17029050373db8d51e4,not fixed; not saved,42.86980605,PASS,2026-09-08T07:01:56
dnn_oof_v1_fixed_5fold_10run_73configs,gpcr,GPCR,15,LMF__WGANGP__85_15,LMF (WGAN-GP),LMF,WGANGP,85_15,85/15,6,5,21185,20550,635,0.974840689,0.625,0.401574803,0.488974113,0.79242945,0.447104953,b070ede58ddac744884ccf026b043e7b23b0e30f05cbc17029050373db8d51e4,not fixed; not saved,43.31858826,PASS,2026-09-08T07:09:53
dnn_oof_v1_fixed_5fold_10run_73configs,gpcr,GPCR,15,LMF__WGANGP__85_15,LMF (WGAN-GP),LMF,WGANGP,85_15,85/15,7,5,21185,20550,635,0.976728818,0.696132597,0.396850394,0.50551655,0.794822883,0.453617734,b070ede58ddac744884ccf026b043e7b23b0e30f05cbc17029050373db8d51e4,not fixed; not saved,42.59237671,PASS,2026-09-08T07:17:49
dnn_oof_v1_fixed_5fold_10run_73configs,gpcr,GPCR,15,LMF__WGANGP__85_15,LMF (WGAN-GP),LMF,WGANGP,85_15,85/15,8,5,21185,20550,635,0.977012037,0.709039548,0.395275591,0.507583418,0.798587045,0.46000701,b070ede58ddac744884ccf026b043e7b23b0e30f05cbc17029050373db8d51e4,not fixed; not saved,42.6272366,PASS,2026-09-08T07:25:47
dnn_oof_v1_fixed_5fold_10run_73configs,gpcr,GPCR,15,LMF__WGANGP__85_15,LMF (WGAN-GP),LMF,WGANGP,85_15,85/15,9,5,21185,20550,635,0.975454331,0.653333333,0.385826772,0.485148515,0.79242194,0.441025585,b070ede58ddac744884ccf026b043e7b23b0e30f05cbc17029050373db8d51e4,not fixed; not saved,43.59508991,PASS,2026-09-08T07:33:46
dnn_oof_v1_fixed_5fold_10run_73configs,gpcr,GPCR,15,LMF__WGANGP__85_15,LMF (WGAN-GP),LMF,WGANGP,85_15,85/15,10,5,21185,20550,635,0.975973566,0.658291457,0.412598425,0.507260407,0.793140372,0.447348392,b070ede58ddac744884ccf026b043e7b23b0e30f05cbc17029050373db8d51e4,not fixed; not saved,42.83938694,PASS,2026-09-08T07:41:42
dnn_oof_v1_fixed_5fold_10run_73configs,gpcr,GPCR,16,LMF__WGANGP__90_10,LMF (WGAN-GP),LMF,WGANGP,90_10,Oct-90,1,5,21185,20550,635,0.977012037,0.73566879,0.363779528,0.48682824,0.79541192,0.461912763,b070ede58ddac744884ccf026b043e7b23b0e30f05cbc17029050373db8d51e4,not fixed; not saved,41.27534986,PASS,2026-09-08T07:49:39
dnn_oof_v1_fixed_5fold_10run_73configs,gpcr,GPCR,16,LMF__WGANGP__90_10,LMF (WGAN-GP),LMF,WGANGP,90_10,Oct-90,2,5,21185,20550,635,0.976681614,0.695290859,0.395275591,0.504016064,0.799196774,0.466031779,b070ede58ddac744884ccf026b043e7b23b0e30f05cbc17029050373db8d51e4,not fixed; not saved,41.02400732,PASS,2026-09-08T07:57:36
dnn_oof_v1_fixed_5fold_10run_73configs,gpcr,GPCR,16,LMF__WGANGP__90_10,LMF (WGAN-GP),LMF,WGANGP,90_10,Oct-90,3,5,21185,20550,635,0.977012037,0.712643678,0.390551181,0.504577823,0.791964941,0.43787402,b070ede58ddac744884ccf026b043e7b23b0e30f05cbc17029050373db8d51e4,not fixed; not saved,41.31578445,PASS,2026-09-08T08:05:32
dnn_oof_v1_fixed_5fold_10run_73configs,gpcr,GPCR,16,LMF__WGANGP__90_10,LMF (WGAN-GP),LMF,WGANGP,90_10,Oct-90,4,5,21185,20550,635,0.976728818,0.729032258,0.355905512,0.478306878,0.790129586,0.441249098,b070ede58ddac744884ccf026b043e7b23b0e30f05cbc17029050373db8d51e4,not fixed; not saved,41.2161622,PASS,2026-09-08T08:13:28
dnn_oof_v1_fixed_5fold_10run_73configs,gpcr,GPCR,16,LMF__WGANGP__90_10,LMF (WGAN-GP),LMF,WGANGP,90_10,Oct-90,5,5,21185,20550,635,0.976209582,0.702786378,0.357480315,0.473903967,0.78940851,0.453617178,b070ede58ddac744884ccf026b043e7b23b0e30f05cbc17029050373db8d51e4,not fixed; not saved,41.42808199,PASS,2026-09-08T08:21:26
dnn_oof_v1_fixed_5fold_10run_73configs,gpcr,GPCR,16,LMF__WGANGP__90_10,LMF (WGAN-GP),LMF,WGANGP,90_10,Oct-90,6,5,21185,20550,635,0.975501534,0.662011173,0.373228346,0.47734139,0.793627373,0.431255529,b070ede58ddac744884ccf026b043e7b23b0e30f05cbc17029050373db8d51e4,not fixed; not saved,41.07696652,PASS,2026-09-08T08:29:24
dnn_oof_v1_fixed_5fold_10run_73configs,gpcr,GPCR,16,LMF__WGANGP__90_10,LMF (WGAN-GP),LMF,WGANGP,90_10,Oct-90,7,5,21185,20550,635,0.977342459,0.724637681,0.393700787,0.510204082,0.796028737,0.46466239,b070ede58ddac744884ccf026b043e7b23b0e30f05cbc17029050373db8d51e4,not fixed; not saved,40.84713101,PASS,2026-09-08T08:37:21
dnn_oof_v1_fixed_5fold_10run_73configs,gpcr,GPCR,16,LMF__WGANGP__90_10,LMF (WGAN-GP),LMF,WGANGP,90_10,Oct-90,8,5,21185,20550,635,0.976067973,0.693939394,0.360629921,0.474611399,0.783078491,0.439603886,b070ede58ddac744884ccf026b043e7b23b0e30f05cbc17029050373db8d51e4,not fixed; not saved,41.2730732,PASS,2026-09-08T08:45:19
dnn_oof_v1_fixed_5fold_10run_73configs,gpcr,GPCR,16,LMF__WGANGP__90_10,LMF (WGAN-GP),LMF,WGANGP,90_10,Oct-90,9,5,21185,20550,635,0.976587208,0.691460055,0.395275591,0.503006012,0.792277717,0.452937629,b070ede58ddac744884ccf026b043e7b23b0e30f05cbc17029050373db8d51e4,not fixed; not saved,40.95485163,PASS,2026-09-08T08:53:17
dnn_oof_v1_fixed_5fold_10run_73configs,gpcr,GPCR,16,LMF__WGANGP__90_10,LMF (WGAN-GP),LMF,WGANGP,90_10,Oct-90,10,5,21185,20550,635,0.977342459,0.746031746,0.37007874,0.494736842,0.787648639,0.439763926,b070ede58ddac744884ccf026b043e7b23b0e30f05cbc17029050373db8d51e4,not fixed; not saved,40.91412687,PASS,2026-09-08T09:01:15
dnn_oof_v1_fixed_5fold_10run_73configs,gpcr,GPCR,21,LMF__VAE__50_50,LMF (VAE),LMF,VAE,50_50,50/50,1,5,21185,20550,635,0.974510267,0.630136986,0.362204724,0.46,0.78989896,0.415297083,b070ede58ddac744884ccf026b043e7b23b0e30f05cbc17029050373db8d51e4,not fixed; not saved,61.24828529,PASS,2026-09-08T09:09:34
dnn_oof_v1_fixed_5fold_10run_73configs,gpcr,GPCR,21,LMF__VAE__50_50,LMF (VAE),LMF,VAE,50_50,50/50,2,5,21185,20550,635,0.976351192,0.723333333,0.341732283,0.464171123,0.796027818,0.430415104,b070ede58ddac744884ccf026b043e7b23b0e30f05cbc17029050373db8d51e4,not fixed; not saved,61.63383913,PASS,2026-09-08T09:17:53
dnn_oof_v1_fixed_5fold_10run_73configs,gpcr,GPCR,21,LMF__VAE__50_50,LMF (VAE),LMF,VAE,50_50,50/50,3,5,21185,20550,635,0.975076705,0.622425629,0.428346457,0.507462687,0.801408548,0.456710281,b070ede58ddac744884ccf026b043e7b23b0e30f05cbc17029050373db8d51e4,not fixed; not saved,62.16558576,PASS,2026-09-08T09:26:13
dnn_oof_v1_fixed_5fold_10run_73configs,gpcr,GPCR,21,LMF__VAE__50_50,LMF (VAE),LMF,VAE,50_50,50/50,4,5,21185,20550,635,0.975359924,0.638141809,0.411023622,0.5,0.795404027,0.446071566,b070ede58ddac744884ccf026b043e7b23b0e30f05cbc17029050373db8d51e4,not fixed; not saved,61.23775244,PASS,2026-09-08T09:34:32
dnn_oof_v1_fixed_5fold_10run_73configs,gpcr,GPCR,21,LMF__VAE__50_50,LMF (VAE),LMF,VAE,50_50,50/50,5,5,21185,20550,635,0.976398395,0.700296736,0.371653543,0.485596708,0.794089929,0.456197014,b070ede58ddac744884ccf026b043e7b23b0e30f05cbc17029050373db8d51e4,not fixed; not saved,61.12812877,PASS,2026-09-08T09:42:54
dnn_oof_v1_fixed_5fold_10run_73configs,gpcr,GPCR,21,LMF__VAE__50_50,LMF (VAE),LMF,VAE,50_50,50/50,6,5,21185,20550,635,0.976445598,0.675257732,0.412598425,0.512218964,0.786962239,0.461988526,b070ede58ddac744884ccf026b043e7b23b0e30f05cbc17029050373db8d51e4,not fixed; not saved,61.01689553,PASS,2026-09-08T09:51:14
dnn_oof_v1_fixed_5fold_10run_73configs,gpcr,GPCR,21,LMF__VAE__50_50,LMF (VAE),LMF,VAE,50_50,50/50,7,5,21185,20550,635,0.976823224,0.741610738,0.348031496,0.473740622,0.788358373,0.440831821,b070ede58ddac744884ccf026b043e7b23b0e30f05cbc17029050373db8d51e4,not fixed; not saved,60.99509931,PASS,2026-09-08T09:59:35
dnn_oof_v1_fixed_5fold_10run_73configs,gpcr,GPCR,21,LMF__VAE__50_50,LMF (VAE),LMF,VAE,50_50,50/50,8,5,21185,20550,635,0.976303989,0.683195592,0.390551181,0.496993988,0.79559626,0.466524337,b070ede58ddac744884ccf026b043e7b23b0e30f05cbc17029050373db8d51e4,not fixed; not saved,61.50599813,PASS,2026-09-08T10:07:58
dnn_oof_v1_fixed_5fold_10run_73configs,gpcr,GPCR,21,LMF__VAE__50_50,LMF (VAE),LMF,VAE,50_50,50/50,9,5,21185,20550,635,0.976162379,0.715231788,0.34015748,0.461045891,0.782369561,0.415753425,b070ede58ddac744884ccf026b043e7b23b0e30f05cbc17029050373db8d51e4,not fixed; not saved,61.25240397,PASS,2026-09-08T10:16:19
dnn_oof_v1_fixed_5fold_10run_73configs,gpcr,GPCR,21,LMF__VAE__50_50,LMF (VAE),LMF,VAE,50_50,50/50,10,5,21185,20550,635,0.976209582,0.679452055,0.390551181,0.496,0.793284633,0.427358366,b070ede58ddac744884ccf026b043e7b23b0e30f05cbc17029050373db8d51e4,not fixed; not saved,61.86450648,PASS,2026-09-08T10:24:42
dnn_oof_v1_fixed_5fold_10run_73configs,gpcr,GPCR,22,LMF__VAE__80_20,LMF (VAE),LMF,VAE,80_20,80/20,1,5,21185,20550,635,0.975218315,0.653631285,0.368503937,0.471299094,0.796502098,0.424915484,b070ede58ddac744884ccf026b043e7b23b0e30f05cbc17029050373db8d51e4,not fixed; not saved,43.80737805,PASS,2026-09-08T10:32:49
dnn_oof_v1_fixed_5fold_10run_73configs,gpcr,GPCR,22,LMF__VAE__80_20,LMF (VAE),LMF,VAE,80_20,80/20,2,5,21185,20550,635,0.977767288,0.759493671,0.377952756,0.504731861,0.785430427,0.466802944,b070ede58ddac744884ccf026b043e7b23b0e30f05cbc17029050373db8d51e4,not fixed; not saved,43.84817386,PASS,2026-09-08T10:40:54
dnn_oof_v1_fixed_5fold_10run_73configs,gpcr,GPCR,22,LMF__VAE__80_20,LMF (VAE),LMF,VAE,80_20,80/20,3,5,21185,20550,635,0.975076705,0.648199446,0.368503937,0.469879518,0.787857616,0.409144178,b070ede58ddac744884ccf026b043e7b23b0e30f05cbc17029050373db8d51e4,not fixed; not saved,44.70345855,PASS,2026-09-08T10:48:58
dnn_oof_v1_fixed_5fold_10run_73configs,gpcr,GPCR,22,LMF__VAE__80_20,LMF (VAE),LMF,VAE,80_20,80/20,4,5,21185,20550,635,0.97455747,0.603004292,0.442519685,0.51044505,0.791868498,0.452180026,b070ede58ddac744884ccf026b043e7b23b0e30f05cbc17029050373db8d51e4,not fixed; not saved,44.20293236,PASS,2026-09-08T10:57:04
dnn_oof_v1_fixed_5fold_10run_73configs,gpcr,GPCR,22,LMF__VAE__80_20,LMF (VAE),LMF,VAE,80_20,80/20,5,5,21185,20550,635,0.974321454,0.606557377,0.407874016,0.487758945,0.793689407,0.447751364,b070ede58ddac744884ccf026b043e7b23b0e30f05cbc17029050373db8d51e4,not fixed; not saved,44.19796777,PASS,2026-09-08T11:05:10
dnn_oof_v1_fixed_5fold_10run_73configs,gpcr,GPCR,22,LMF__VAE__80_20,LMF (VAE),LMF,VAE,80_20,80/20,6,5,21185,20550,635,0.976728818,0.719135802,0.366929134,0.485922836,0.793252562,0.459087647,b070ede58ddac744884ccf026b043e7b23b0e30f05cbc17029050373db8d51e4,not fixed; not saved,44.70565319,PASS,2026-09-08T11:13:19
dnn_oof_v1_fixed_5fold_10run_73configs,gpcr,GPCR,22,LMF__VAE__80_20,LMF (VAE),LMF,VAE,80_20,80/20,7,5,21185,20550,635,0.976351192,0.723333333,0.341732283,0.464171123,0.786435696,0.429150058,b070ede58ddac744884ccf026b043e7b23b0e30f05cbc17029050373db8d51e4,not fixed; not saved,44.50146914,PASS,2026-09-08T11:21:27
dnn_oof_v1_fixed_5fold_10run_73configs,gpcr,GPCR,22,LMF__VAE__80_20,LMF (VAE),LMF,VAE,80_20,80/20,8,5,21185,20550,635,0.977153646,0.763066202,0.34488189,0.47505423,0.785814702,0.453601019,b070ede58ddac744884ccf026b043e7b23b0e30f05cbc17029050373db8d51e4,not fixed; not saved,43.81327057,PASS,2026-09-08T11:29:34
dnn_oof_v1_fixed_5fold_10run_73configs,gpcr,GPCR,22,LMF__VAE__80_20,LMF (VAE),LMF,VAE,80_20,80/20,9,5,21185,20550,635,0.975926363,0.666666667,0.393700787,0.495049505,0.794861429,0.44416704,b070ede58ddac744884ccf026b043e7b23b0e30f05cbc17029050373db8d51e4,not fixed; not saved,44.20832729,PASS,2026-09-08T11:37:41
dnn_oof_v1_fixed_5fold_10run_73configs,gpcr,GPCR,22,LMF__VAE__80_20,LMF (VAE),LMF,VAE,80_20,80/20,10,5,21185,20550,635,0.976067973,0.686046512,0.371653543,0.482124617,0.795033546,0.436658877,b070ede58ddac744884ccf026b043e7b23b0e30f05cbc17029050373db8d51e4,not fixed; not saved,45.65453768,PASS,2026-09-08T11:45:49
dnn_oof_v1_fixed_5fold_10run_73configs,gpcr,GPCR,23,LMF__VAE__85_15,LMF (VAE),LMF,VAE,85_15,85/15,1,5,21185,20550,635,0.976067973,0.682857143,0.376377953,0.485279188,0.794405809,0.439910276,b070ede58ddac744884ccf026b043e7b23b0e30f05cbc17029050373db8d51e4,not fixed; not saved,42.61804414,PASS,2026-09-08T11:53:57
dnn_oof_v1_fixed_5fold_10run_73configs,gpcr,GPCR,23,LMF__VAE__85_15,LMF (VAE),LMF,VAE,85_15,85/15,2,5,21185,20550,635,0.976776021,0.750877193,0.337007874,0.465217391,0.79239987,0.449381202,b070ede58ddac744884ccf026b043e7b23b0e30f05cbc17029050373db8d51e4,not fixed; not saved,42.82317328,PASS,2026-09-08T12:02:04
dnn_oof_v1_fixed_5fold_10run_73configs,gpcr,GPCR,23,LMF__VAE__85_15,LMF (VAE),LMF,VAE,85_15,85/15,3,5,21185,20550,635,0.975690347,0.679640719,0.357480315,0.468524252,0.783877158,0.428091252,b070ede58ddac744884ccf026b043e7b23b0e30f05cbc17029050373db8d51e4,not fixed; not saved,42.49755478,PASS,2026-09-08T12:10:11
dnn_oof_v1_fixed_5fold_10run_73configs,gpcr,GPCR,23,LMF__VAE__85_15,LMF (VAE),LMF,VAE,85_15,85/15,4,5,21185,20550,635,0.976776021,0.716012085,0.373228346,0.49068323,0.789453877,0.44065813,b070ede58ddac744884ccf026b043e7b23b0e30f05cbc17029050373db8d51e4,not fixed; not saved,42.55405116,PASS,2026-09-08T12:18:20
dnn_oof_v1_fixed_5fold_10run_73configs,gpcr,GPCR,23,LMF__VAE__85_15,LMF (VAE),LMF,VAE,85_15,85/15,5,5,21185,20550,635,0.976067973,0.698757764,0.354330709,0.470219436,0.790299213,0.432233799,b070ede58ddac744884ccf026b043e7b23b0e30f05cbc17029050373db8d51e4,not fixed; not saved,42.44054484,PASS,2026-09-08T12:26:27
dnn_oof_v1_fixed_5fold_10run_73configs,gpcr,GPCR,23,LMF__VAE__85_15,LMF (VAE),LMF,VAE,85_15,85/15,6,5,21185,20550,635,0.978003304,0.747800587,0.401574803,0.522540984,0.797404372,0.477865636,b070ede58ddac744884ccf026b043e7b23b0e30f05cbc17029050373db8d51e4,not fixed; not saved,50.8458724,PASS,2026-09-08T12:34:42
dnn_oof_v1_fixed_5fold_10run_73configs,gpcr,GPCR,23,LMF__VAE__85_15,LMF (VAE),LMF,VAE,85_15,85/15,7,5,21185,20550,635,0.976587208,0.709969789,0.37007874,0.486542443,0.794177673,0.448679904,b070ede58ddac744884ccf026b043e7b23b0e30f05cbc17029050373db8d51e4,not fixed; not saved,42.44815707,PASS,2026-09-08T12:42:50
dnn_oof_v1_fixed_5fold_10run_73configs,gpcr,GPCR,23,LMF__VAE__85_15,LMF (VAE),LMF,VAE,85_15,85/15,8,5,21185,20550,635,0.977814491,0.752293578,0.387401575,0.511434511,0.790662069,0.475648093,b070ede58ddac744884ccf026b043e7b23b0e30f05cbc17029050373db8d51e4,not fixed; not saved,42.52020836,PASS,2026-09-08T12:50:59
dnn_oof_v1_fixed_5fold_10run_73configs,gpcr,GPCR,23,LMF__VAE__85_15,LMF (VAE),LMF,VAE,85_15,85/15,9,5,21185,20550,635,0.976020769,0.673024523,0.388976378,0.493013972,0.795651704,0.445665676,b070ede58ddac744884ccf026b043e7b23b0e30f05cbc17029050373db8d51e4,not fixed; not saved,42.3570931,PASS,2026-09-08T12:59:08
dnn_oof_v1_fixed_5fold_10run_73configs,gpcr,GPCR,23,LMF__VAE__85_15,LMF (VAE),LMF,VAE,85_15,85/15,10,5,21185,20550,635,0.97720085,0.724852071,0.385826772,0.503597122,0.786699236,0.449801691,b070ede58ddac744884ccf026b043e7b23b0e30f05cbc17029050373db8d51e4,not fixed; not saved,42.35970831,PASS,2026-09-08T13:07:18
dnn_oof_v1_fixed_5fold_10run_73configs,gpcr,GPCR,24,LMF__VAE__90_10,LMF (VAE),LMF,VAE,90_10,Oct-90,1,5,21185,20550,635,0.976728818,0.682989691,0.417322835,0.518084066,0.795145277,0.46581934,b070ede58ddac744884ccf026b043e7b23b0e30f05cbc17029050373db8d51e4,not fixed; not saved,41.18977261,PASS,2026-09-08T13:15:28
dnn_oof_v1_fixed_5fold_10run_73configs,gpcr,GPCR,24,LMF__VAE__90_10,LMF (VAE),LMF,VAE,90_10,Oct-90,2,5,21185,20550,635,0.97720085,0.704301075,0.412598425,0.520357498,0.798077399,0.463573372,b070ede58ddac744884ccf026b043e7b23b0e30f05cbc17029050373db8d51e4,not fixed; not saved,40.5721724,PASS,2026-09-08T13:23:36
dnn_oof_v1_fixed_5fold_10run_73configs,gpcr,GPCR,24,LMF__VAE__90_10,LMF (VAE),LMF,VAE,90_10,Oct-90,3,5,21185,20550,635,0.976634411,0.694444444,0.393700787,0.502512563,0.793647259,0.450361612,b070ede58ddac744884ccf026b043e7b23b0e30f05cbc17029050373db8d51e4,not fixed; not saved,40.96184492,PASS,2026-09-08T13:31:44
dnn_oof_v1_fixed_5fold_10run_73configs,gpcr,GPCR,24,LMF__VAE__90_10,LMF (VAE),LMF,VAE,90_10,Oct-90,4,5,21185,20550,635,0.976067973,0.713333333,0.337007874,0.457754011,0.795500278,0.430391736,b070ede58ddac744884ccf026b043e7b23b0e30f05cbc17029050373db8d51e4,not fixed; not saved,40.75197673,PASS,2026-09-08T13:39:54
dnn_oof_v1_fixed_5fold_10run_73configs,gpcr,GPCR,24,LMF__VAE__90_10,LMF (VAE),LMF,VAE,90_10,Oct-90,5,5,21185,20550,635,0.976870427,0.717717718,0.376377953,0.493801653,0.791482806,0.456169507,b070ede58ddac744884ccf026b043e7b23b0e30f05cbc17029050373db8d51e4,not fixed; not saved,40.76097107,PASS,2026-09-08T13:48:02
dnn_oof_v1_fixed_5fold_10run_73configs,gpcr,GPCR,24,LMF__VAE__90_10,LMF (VAE),LMF,VAE,90_10,Oct-90,6,5,21185,20550,635,0.975123908,0.654285714,0.360629921,0.464974619,0.786866487,0.426069072,b070ede58ddac744884ccf026b043e7b23b0e30f05cbc17029050373db8d51e4,not fixed; not saved,41.00048733,PASS,2026-09-08T13:56:13
dnn_oof_v1_fixed_5fold_10run_73configs,gpcr,GPCR,24,LMF__VAE__90_10,LMF (VAE),LMF,VAE,90_10,Oct-90,7,5,21185,20550,635,0.976776021,0.702549575,0.390551181,0.502024291,0.79253505,0.447227741,b070ede58ddac744884ccf026b043e7b23b0e30f05cbc17029050373db8d51e4,not fixed; not saved,45.29807639,PASS,2026-09-08T14:04:27
dnn_oof_v1_fixed_5fold_10run_73configs,gpcr,GPCR,24,LMF__VAE__90_10,LMF (VAE),LMF,VAE,90_10,Oct-90,8,5,21185,20550,635,0.977389662,0.733532934,0.385826772,0.505675955,0.792768358,0.461827343,b070ede58ddac744884ccf026b043e7b23b0e30f05cbc17029050373db8d51e4,not fixed; not saved,40.93144846,PASS,2026-09-08T14:12:37
dnn_oof_v1_fixed_5fold_10run_73configs,gpcr,GPCR,24,LMF__VAE__90_10,LMF (VAE),LMF,VAE,90_10,Oct-90,9,5,21185,20550,635,0.976681614,0.731147541,0.351181102,0.474468085,0.792177022,0.443023352,b070ede58ddac744884ccf026b043e7b23b0e30f05cbc17029050373db8d51e4,not fixed; not saved,41.23667717,PASS,2026-09-08T14:20:47
dnn_oof_v1_fixed_5fold_10run_73configs,gpcr,GPCR,24,LMF__VAE__90_10,LMF (VAE),LMF,VAE,90_10,Oct-90,10,5,21185,20550,635,0.976256785,0.686440678,0.382677165,0.49140546,0.788508497,0.453509532,b070ede58ddac744884ccf026b043e7b23b0e30f05cbc17029050373db8d51e4,not fixed; not saved,41.20976472,PASS,2026-09-08T14:28:57
