ImplementationVersion,FamilyKey,Family,ConfigurationOrder,ConfigurationID,Method,Backbone,InternalMethod,RatioKey,Ratio,Run,N_Folds,N_OOF,N_OOF_NonInteraction,N_OOF_Interaction,Accuracy,Precision,Recall,F1,ROC_AUC,PR_AUC,OOF_PairLabel_SHA256,DNN_Seed_Policy,Run_Fit_Seconds,Status,CompletedAt
dnn_oof_v1_fixed_5fold_10run_73configs,ion_channel,Ion Channel,0,MSCMF__NoDA__NO_DA,MSCMF (No DA),MSCMF,NoDA,NO_DA,No aug.,1,5,42840,41364,1476,0.9902194211017741,0.9158143194335169,0.7886178861788617,0.8474699672369858,0.9736287891176465,0.8751587165825713,39cee56f51793454ee2496d32c41737e7be08bb87f94d304fb61b86f05c35bfd,not fixed; not saved,60.920493364334106,PASS,2026-09-03T06:19:46
dnn_oof_v1_fixed_5fold_10run_73configs,ion_channel,Ion Channel,0,MSCMF__NoDA__NO_DA,MSCMF (No DA),MSCMF,NoDA,NO_DA,No aug.,2,5,42840,41364,1476,0.9901960784313726,0.9183835182250396,0.785230352303523,0.8466033601168736,0.9683840818076492,0.8726120671411298,39cee56f51793454ee2496d32c41737e7be08bb87f94d304fb61b86f05c35bfd,not fixed; not saved,61.254780530929565,PASS,2026-09-03T06:20:52
dnn_oof_v1_fixed_5fold_10run_73configs,ion_channel,Ion Channel,0,MSCMF__NoDA__NO_DA,MSCMF (No DA),MSCMF,NoDA,NO_DA,No aug.,3,5,42840,41364,1476,0.9899393090569562,0.9123914759273876,0.7831978319783198,0.8428727670433832,0.972721147226461,0.869411567948091,39cee56f51793454ee2496d32c41737e7be08bb87f94d304fb61b86f05c35bfd,not fixed; not saved,60.165366411209106,PASS,2026-09-03T06:21:57
dnn_oof_v1_fixed_5fold_10run_73configs,ion_channel,Ion Channel,0,MSCMF__NoDA__NO_DA,MSCMF (No DA),MSCMF,NoDA,NO_DA,No aug.,4,5,42840,41364,1476,0.9902427637721756,0.9245585874799358,0.7804878048780488,0.8464364437913299,0.973686312659713,0.8758606711432434,39cee56f51793454ee2496d32c41737e7be08bb87f94d304fb61b86f05c35bfd,not fixed; not saved,60.63166880607605,PASS,2026-09-03T06:23:04
dnn_oof_v1_fixed_5fold_10run_73configs,ion_channel,Ion Channel,0,MSCMF__NoDA__NO_DA,MSCMF (No DA),MSCMF,NoDA,NO_DA,No aug.,5,5,42840,41364,1476,0.9902894491129786,0.9246794871794872,0.7818428184281843,0.8472834067547724,0.9740575786414956,0.8767153090234017,39cee56f51793454ee2496d32c41737e7be08bb87f94d304fb61b86f05c35bfd,not fixed; not saved,62.3484365940094,PASS,2026-09-03T06:24:12
dnn_oof_v1_fixed_5fold_10run_73configs,ion_channel,Ion Channel,0,MSCMF__NoDA__NO_DA,MSCMF (No DA),MSCMF,NoDA,NO_DA,No aug.,6,5,42840,41364,1476,0.990359477124183,0.9221604447974583,0.7865853658536586,0.8489945155393053,0.9715548049978131,0.8770147443412125,39cee56f51793454ee2496d32c41737e7be08bb87f94d304fb61b86f05c35bfd,not fixed; not saved,60.823537826538086,PASS,2026-09-03T06:25:19
dnn_oof_v1_fixed_5fold_10run_73configs,ion_channel,Ion Channel,0,MSCMF__NoDA__NO_DA,MSCMF (No DA),MSCMF,NoDA,NO_DA,No aug.,7,5,42840,41364,1476,0.9898926237161532,0.9116022099447514,0.782520325203252,0.8421436383521692,0.9758264439391807,0.8805919877993885,39cee56f51793454ee2496d32c41737e7be08bb87f94d304fb61b86f05c35bfd,not fixed; not saved,59.007144927978516,PASS,2026-09-03T06:26:24
dnn_oof_v1_fixed_5fold_10run_73configs,ion_channel,Ion Channel,0,MSCMF__NoDA__NO_DA,MSCMF (No DA),MSCMF,NoDA,NO_DA,No aug.,8,5,42840,41364,1476,0.9893090569561158,0.904610492845787,0.7710027100271003,0.8324798829553768,0.9700203989093851,0.8723019614947641,39cee56f51793454ee2496d32c41737e7be08bb87f94d304fb61b86f05c35bfd,not fixed; not saved,59.80140423774719,PASS,2026-09-03T06:27:30
dnn_oof_v1_fixed_5fold_10run_73configs,ion_channel,Ion Channel,0,MSCMF__NoDA__NO_DA,MSCMF (No DA),MSCMF,NoDA,NO_DA,No aug.,9,5,42840,41364,1476,0.9898459383753502,0.9006928406466512,0.7926829268292683,0.8432432432432433,0.9734251554511483,0.8702126634772651,39cee56f51793454ee2496d32c41737e7be08bb87f94d304fb61b86f05c35bfd,not fixed; not saved,60.15595030784607,PASS,2026-09-03T06:28:37
dnn_oof_v1_fixed_5fold_10run_73configs,ion_channel,Ion Channel,0,MSCMF__NoDA__NO_DA,MSCMF (No DA),MSCMF,NoDA,NO_DA,No aug.,10,5,42840,41364,1476,0.9898225957049487,0.901854714064915,0.790650406504065,0.8425992779783393,0.9645573003271373,0.8672699846678752,39cee56f51793454ee2496d32c41737e7be08bb87f94d304fb61b86f05c35bfd,not fixed; not saved,60.23959541320801,PASS,2026-09-03T06:29:44
dnn_oof_v1_fixed_5fold_10run_73configs,ion_channel,Ion Channel,1,MSCMF__WGANGP__50_50,MSCMF (WGAN-GP),MSCMF,WGANGP,50_50,50/50,1,5,42840,41364,1476,0.9899159663865547,0.916267942583732,0.7784552845528455,0.8417582417582418,0.9740482015834567,0.8686943368677921,39cee56f51793454ee2496d32c41737e7be08bb87f94d304fb61b86f05c35bfd,not fixed; not saved,103.13912081718445,PASS,2026-09-03T06:31:36
dnn_oof_v1_fixed_5fold_10run_73configs,ion_channel,Ion Channel,1,MSCMF__WGANGP__50_50,MSCMF (WGAN-GP),MSCMF,WGANGP,50_50,50/50,2,5,42840,41364,1476,0.9897992530345472,0.9042801556420234,0.7872628726287263,0.8417240130387541,0.9674932612939415,0.8577959133890243,39cee56f51793454ee2496d32c41737e7be08bb87f94d304fb61b86f05c35bfd,not fixed; not saved,105.58775758743286,PASS,2026-09-03T06:33:30
dnn_oof_v1_fixed_5fold_10run_73configs,ion_channel,Ion Channel,1,MSCMF__WGANGP__50_50,MSCMF (WGAN-GP),MSCMF,WGANGP,50_50,50/50,3,5,42840,41364,1476,0.9900326797385621,0.9062742060418281,0.7926829268292683,0.845681243223708,0.9676313046915888,0.8642384475157315,39cee56f51793454ee2496d32c41737e7be08bb87f94d304fb61b86f05c35bfd,not fixed; not saved,103.6791479587555,PASS,2026-09-03T06:35:22
dnn_oof_v1_fixed_5fold_10run_73configs,ion_channel,Ion Channel,1,MSCMF__WGANGP__50_50,MSCMF (WGAN-GP),MSCMF,WGANGP,50_50,50/50,4,5,42840,41364,1476,0.9897058823529412,0.9330543933054394,0.755420054200542,0.8348932983901161,0.9681647241660987,0.8636077448490099,39cee56f51793454ee2496d32c41737e7be08bb87f94d304fb61b86f05c35bfd,not fixed; not saved,103.51628756523132,PASS,2026-09-03T06:37:15
dnn_oof_v1_fixed_5fold_10run_73configs,ion_channel,Ion Channel,1,MSCMF__WGANGP__50_50,MSCMF (WGAN-GP),MSCMF,WGANGP,50_50,50/50,5,5,42840,41364,1476,0.9901260504201681,0.9376558603491272,0.7642276422764228,0.8421052631578947,0.9744469517632997,0.8763536136946962,39cee56f51793454ee2496d32c41737e7be08bb87f94d304fb61b86f05c35bfd,not fixed; not saved,103.6227777004242,PASS,2026-09-03T06:39:08
dnn_oof_v1_fixed_5fold_10run_73configs,ion_channel,Ion Channel,1,MSCMF__WGANGP__50_50,MSCMF (WGAN-GP),MSCMF,WGANGP,50_50,50/50,6,5,42840,41364,1476,0.9895424836601308,0.9072900158478605,0.7757452574525745,0.8363769174579986,0.967999114674688,0.8691871764255247,39cee56f51793454ee2496d32c41737e7be08bb87f94d304fb61b86f05c35bfd,not fixed; not saved,105.59792733192444,PASS,2026-09-03T06:41:03
dnn_oof_v1_fixed_5fold_10run_73configs,ion_channel,Ion Channel,1,MSCMF__WGANGP__50_50,MSCMF (WGAN-GP),MSCMF,WGANGP,50_50,50/50,7,5,42840,41364,1476,0.9902894491129786,0.9337152209492635,0.7730352303523035,0.8458117123795404,0.9702851840976103,0.8686872595368479,39cee56f51793454ee2496d32c41737e7be08bb87f94d304fb61b86f05c35bfd,not fixed; not saved,104.43724465370178,PASS,2026-09-03T06:42:58
dnn_oof_v1_fixed_5fold_10run_73configs,ion_channel,Ion Channel,1,MSCMF__WGANGP__50_50,MSCMF (WGAN-GP),MSCMF,WGANGP,50_50,50/50,8,5,42840,41364,1476,0.9889122315592904,0.9033037872683319,0.7594850948509485,0.8251748251748252,0.968162128072301,0.8590985693855665,39cee56f51793454ee2496d32c41737e7be08bb87f94d304fb61b86f05c35bfd,not fixed; not saved,103.79463171958923,PASS,2026-09-03T06:44:52
dnn_oof_v1_fixed_5fold_10run_73configs,ion_channel,Ion Channel,1,MSCMF__WGANGP__50_50,MSCMF (WGAN-GP),MSCMF,WGANGP,50_50,50/50,9,5,42840,41364,1476,0.9895891690009337,0.9087301587301587,0.7757452574525745,0.8369883040935673,0.9665195541388253,0.8574012435800024,39cee56f51793454ee2496d32c41737e7be08bb87f94d304fb61b86f05c35bfd,not fixed; not saved,102.92501902580261,PASS,2026-09-03T06:46:46
dnn_oof_v1_fixed_5fold_10run_73configs,ion_channel,Ion Channel,1,MSCMF__WGANGP__50_50,MSCMF (WGAN-GP),MSCMF,WGANGP,50_50,50/50,10,5,42840,41364,1476,0.9890522875816994,0.9037690457097033,0.763550135501355,0.8277634961439588,0.9570418462803233,0.8545548647061826,39cee56f51793454ee2496d32c41737e7be08bb87f94d304fb61b86f05c35bfd,not fixed; not saved,104.23370909690857,PASS,2026-09-03T06:48:42
dnn_oof_v1_fixed_5fold_10run_73configs,ion_channel,Ion Channel,2,MSCMF__WGANGP__80_20,MSCMF (WGAN-GP),MSCMF,WGANGP,80_20,80/20,1,5,42840,41364,1476,0.9899859943977591,0.9198075380914194,0.7771002710027101,0.842453176643408,0.9737101688781127,0.868321403179238,39cee56f51793454ee2496d32c41737e7be08bb87f94d304fb61b86f05c35bfd,not fixed; not saved,72.11873054504395,PASS,2026-09-03T06:50:05
dnn_oof_v1_fixed_5fold_10run_73configs,ion_channel,Ion Channel,2,MSCMF__WGANGP__80_20,MSCMF (WGAN-GP),MSCMF,WGANGP,80_20,80/20,2,5,42840,41364,1476,0.9900793650793651,0.9339388934764657,0.766260162601626,0.8418310383327131,0.9726013338123904,0.8723827195006154,39cee56f51793454ee2496d32c41737e7be08bb87f94d304fb61b86f05c35bfd,not fixed; not saved,72.58098888397217,PASS,2026-09-03T06:51:29
dnn_oof_v1_fixed_5fold_10run_73configs,ion_channel,Ion Channel,2,MSCMF__WGANGP__80_20,MSCMF (WGAN-GP),MSCMF,WGANGP,80_20,80/20,3,5,42840,41364,1476,0.9902194211017741,0.9184481393507522,0.7859078590785907,0.8470244614822928,0.9735928532829956,0.8737395326656936,39cee56f51793454ee2496d32c41737e7be08bb87f94d304fb61b86f05c35bfd,not fixed; not saved,72.21444797515869,PASS,2026-09-03T06:52:54
dnn_oof_v1_fixed_5fold_10run_73configs,ion_channel,Ion Channel,2,MSCMF__WGANGP__80_20,MSCMF (WGAN-GP),MSCMF,WGANGP,80_20,80/20,4,5,42840,41364,1476,0.9898926237161532,0.9103068450039339,0.7838753387533876,0.8423734983618493,0.9727670825264969,0.8738080721099118,39cee56f51793454ee2496d32c41737e7be08bb87f94d304fb61b86f05c35bfd,not fixed; not saved,70.55985927581787,PASS,2026-09-03T06:54:17
dnn_oof_v1_fixed_5fold_10run_73configs,ion_channel,Ion Channel,2,MSCMF__WGANGP__80_20,MSCMF (WGAN-GP),MSCMF,WGANGP,80_20,80/20,5,5,42840,41364,1476,0.9898225957049487,0.8975535168195719,0.7953929539295393,0.8433908045977011,0.9719260054630329,0.8726589552788099,39cee56f51793454ee2496d32c41737e7be08bb87f94d304fb61b86f05c35bfd,not fixed; not saved,71.82846856117249,PASS,2026-09-03T06:55:42
dnn_oof_v1_fixed_5fold_10run_73configs,ion_channel,Ion Channel,2,MSCMF__WGANGP__80_20,MSCMF (WGAN-GP),MSCMF,WGANGP,80_20,80/20,6,5,42840,41364,1476,0.9903361344537815,0.9116279069767442,0.7967479674796748,0.8503253796095445,0.9703743603290399,0.8791465261949062,39cee56f51793454ee2496d32c41737e7be08bb87f94d304fb61b86f05c35bfd,not fixed; not saved,71.26734924316406,PASS,2026-09-03T06:57:06
dnn_oof_v1_fixed_5fold_10run_73configs,ion_channel,Ion Channel,2,MSCMF__WGANGP__80_20,MSCMF (WGAN-GP),MSCMF,WGANGP,80_20,80/20,7,5,42840,41364,1476,0.99031279178338,0.9193675889328063,0.787940379403794,0.848595403137541,0.9718996350465391,0.875651745248865,39cee56f51793454ee2496d32c41737e7be08bb87f94d304fb61b86f05c35bfd,not fixed; not saved,70.24850583076477,PASS,2026-09-03T06:58:30
dnn_oof_v1_fixed_5fold_10run_73configs,ion_channel,Ion Channel,2,MSCMF__WGANGP__80_20,MSCMF (WGAN-GP),MSCMF,WGANGP,80_20,80/20,8,5,42840,41364,1476,0.9892857142857143,0.9026128266033254,0.7723577235772358,0.8324205914567361,0.9680629605650568,0.8591276143317236,39cee56f51793454ee2496d32c41737e7be08bb87f94d304fb61b86f05c35bfd,not fixed; not saved,71.70349502563477,PASS,2026-09-03T06:59:55
dnn_oof_v1_fixed_5fold_10run_73configs,ion_channel,Ion Channel,2,MSCMF__WGANGP__80_20,MSCMF (WGAN-GP),MSCMF,WGANGP,80_20,80/20,9,5,42840,41364,1476,0.9895658263305322,0.92,0.763550135501355,0.8345057386153276,0.9731992543428964,0.8687407783879328,39cee56f51793454ee2496d32c41737e7be08bb87f94d304fb61b86f05c35bfd,not fixed; not saved,71.37058544158936,PASS,2026-09-03T07:01:21
dnn_oof_v1_fixed_5fold_10run_73configs,ion_channel,Ion Channel,2,MSCMF__WGANGP__80_20,MSCMF (WGAN-GP),MSCMF,WGANGP,80_20,80/20,10,5,42840,41364,1476,0.9898926237161532,0.9215844785772029,0.7723577235772358,0.840398083302617,0.968152824720395,0.8628747685205841,39cee56f51793454ee2496d32c41737e7be08bb87f94d304fb61b86f05c35bfd,not fixed; not saved,71.14966177940369,PASS,2026-09-03T07:02:47
dnn_oof_v1_fixed_5fold_10run_73configs,ion_channel,Ion Channel,3,MSCMF__WGANGP__85_15,MSCMF (WGAN-GP),MSCMF,WGANGP,85_15,85/15,1,5,42840,41364,1476,0.9903361344537815,0.9289176090468497,0.7791327913279132,0.847457627118644,0.96533519485543,0.8708507567751134,39cee56f51793454ee2496d32c41737e7be08bb87f94d304fb61b86f05c35bfd,not fixed; not saved,67.37714552879333,PASS,2026-09-03T07:04:09
dnn_oof_v1_fixed_5fold_10run_73configs,ion_channel,Ion Channel,3,MSCMF__WGANGP__85_15,MSCMF (WGAN-GP),MSCMF,WGANGP,85_15,85/15,2,5,42840,41364,1476,0.9890756302521009,0.9172185430463576,0.7506775067750677,0.8256333830104322,0.974171356342226,0.8661266490648424,39cee56f51793454ee2496d32c41737e7be08bb87f94d304fb61b86f05c35bfd,not fixed; not saved,65.39650321006775,PASS,2026-09-03T07:05:30
dnn_oof_v1_fixed_5fold_10run_73configs,ion_channel,Ion Channel,3,MSCMF__WGANGP__85_15,MSCMF (WGAN-GP),MSCMF,WGANGP,85_15,85/15,3,5,42840,41364,1476,0.9896358543417367,0.9024960998439937,0.7838753387533876,0.8390137781000725,0.9676056221990031,0.857011298445831,39cee56f51793454ee2496d32c41737e7be08bb87f94d304fb61b86f05c35bfd,not fixed; not saved,65.0382091999054,PASS,2026-09-03T07:06:50
dnn_oof_v1_fixed_5fold_10run_73configs,ion_channel,Ion Channel,3,MSCMF__WGANGP__85_15,MSCMF (WGAN-GP),MSCMF,WGANGP,85_15,85/15,4,5,42840,41364,1476,0.9892623716153128,0.9177631578947368,0.7560975609756098,0.8291233283803864,0.9627846105001037,0.8534401310630473,39cee56f51793454ee2496d32c41737e7be08bb87f94d304fb61b86f05c35bfd,not fixed; not saved,67.71257448196411,PASS,2026-09-03T07:08:13
dnn_oof_v1_fixed_5fold_10run_73configs,ion_channel,Ion Channel,3,MSCMF__WGANGP__85_15,MSCMF (WGAN-GP),MSCMF,WGANGP,85_15,85/15,5,5,42840,41364,1476,0.9900093370681606,0.9113029827315542,0.7865853658536586,0.8443636363636363,0.9723372856854958,0.8747843799010538,39cee56f51793454ee2496d32c41737e7be08bb87f94d304fb61b86f05c35bfd,not fixed; not saved,65.70175194740295,PASS,2026-09-03T07:09:35
dnn_oof_v1_fixed_5fold_10run_73configs,ion_channel,Ion Channel,3,MSCMF__WGANGP__85_15,MSCMF (WGAN-GP),MSCMF,WGANGP,85_15,85/15,6,5,42840,41364,1476,0.9899159663865547,0.910377358490566,0.7845528455284553,0.8427947598253275,0.9666121044732351,0.8619759595542047,39cee56f51793454ee2496d32c41737e7be08bb87f94d304fb61b86f05c35bfd,not fixed; not saved,67.04940962791443,PASS,2026-09-03T07:10:58
dnn_oof_v1_fixed_5fold_10run_73configs,ion_channel,Ion Channel,3,MSCMF__WGANGP__85_15,MSCMF (WGAN-GP),MSCMF,WGANGP,85_15,85/15,7,5,42840,41364,1476,0.9901727357609711,0.9150275373721479,0.787940379403794,0.8467419002548234,0.9722860189751691,0.8773485456058199,39cee56f51793454ee2496d32c41737e7be08bb87f94d304fb61b86f05c35bfd,not fixed; not saved,67.03687644004822,PASS,2026-09-03T07:12:22
dnn_oof_v1_fixed_5fold_10run_73configs,ion_channel,Ion Channel,3,MSCMF__WGANGP__85_15,MSCMF (WGAN-GP),MSCMF,WGANGP,85_15,85/15,8,5,42840,41364,1476,0.99031279178338,0.9187056037884768,0.7886178861788617,0.8487057965730952,0.9694039371916299,0.864627080774731,39cee56f51793454ee2496d32c41737e7be08bb87f94d304fb61b86f05c35bfd,not fixed; not saved,65.8405692577362,PASS,2026-09-03T07:13:44
dnn_oof_v1_fixed_5fold_10run_73configs,ion_channel,Ion Channel,3,MSCMF__WGANGP__85_15,MSCMF (WGAN-GP),MSCMF,WGANGP,85_15,85/15,9,5,42840,41364,1476,0.9898459383753502,0.9326683291770573,0.7601626016260162,0.8376259798432251,0.9647260382344177,0.8641689030679961,39cee56f51793454ee2496d32c41737e7be08bb87f94d304fb61b86f05c35bfd,not fixed; not saved,65.61550235748291,PASS,2026-09-03T07:15:07
dnn_oof_v1_fixed_5fold_10run_73configs,ion_channel,Ion Channel,3,MSCMF__WGANGP__85_15,MSCMF (WGAN-GP),MSCMF,WGANGP,85_15,85/15,10,5,42840,41364,1476,0.9897292250233427,0.9130781499202552,0.7757452574525745,0.8388278388278388,0.9696160716321406,0.8685846857625795,39cee56f51793454ee2496d32c41737e7be08bb87f94d304fb61b86f05c35bfd,not fixed; not saved,66.34337997436523,PASS,2026-09-03T07:16:31
dnn_oof_v1_fixed_5fold_10run_73configs,ion_channel,Ion Channel,4,MSCMF__WGANGP__90_10,MSCMF (WGAN-GP),MSCMF,WGANGP,90_10,90/10,1,5,42840,41364,1476,0.9905695611577965,0.932956381260097,0.782520325203252,0.8511422254974208,0.9698638552723406,0.8740218264625393,39cee56f51793454ee2496d32c41737e7be08bb87f94d304fb61b86f05c35bfd,not fixed; not saved,63.26111626625061,PASS,2026-09-03T07:17:52
dnn_oof_v1_fixed_5fold_10run_73configs,ion_channel,Ion Channel,4,MSCMF__WGANGP__90_10,MSCMF (WGAN-GP),MSCMF,WGANGP,90_10,90/10,2,5,42840,41364,1476,0.9900793650793651,0.9180588703261734,0.7818428184281843,0.8444932308818148,0.9709299407808893,0.8747103366190782,39cee56f51793454ee2496d32c41737e7be08bb87f94d304fb61b86f05c35bfd,not fixed; not saved,63.93478560447693,PASS,2026-09-03T07:19:15
dnn_oof_v1_fixed_5fold_10run_73configs,ion_channel,Ion Channel,4,MSCMF__WGANGP__90_10,MSCMF (WGAN-GP),MSCMF,WGANGP,90_10,90/10,3,5,42840,41364,1476,0.9892623716153128,0.8919753086419753,0.7831978319783198,0.834054834054834,0.9739990477822773,0.8684626781925269,39cee56f51793454ee2496d32c41737e7be08bb87f94d304fb61b86f05c35bfd,not fixed; not saved,62.647733211517334,PASS,2026-09-03T07:20:37
dnn_oof_v1_fixed_5fold_10run_73configs,ion_channel,Ion Channel,4,MSCMF__WGANGP__90_10,MSCMF (WGAN-GP),MSCMF,WGANGP,90_10,90/10,4,5,42840,41364,1476,0.9901960784313726,0.9183835182250396,0.785230352303523,0.8466033601168736,0.9703470399223866,0.8683100013242058,39cee56f51793454ee2496d32c41737e7be08bb87f94d304fb61b86f05c35bfd,not fixed; not saved,64.78466010093689,PASS,2026-09-03T07:22:01
dnn_oof_v1_fixed_5fold_10run_73configs,ion_channel,Ion Channel,4,MSCMF__WGANGP__90_10,MSCMF (WGAN-GP),MSCMF,WGANGP,90_10,90/10,5,5,42840,41364,1476,0.9893790849673203,0.9087269815852682,0.768970189701897,0.8330275229357799,0.970167000408037,0.8656897748168803,39cee56f51793454ee2496d32c41737e7be08bb87f94d304fb61b86f05c35bfd,not fixed; not saved,64.5546247959137,PASS,2026-09-03T07:23:25
dnn_oof_v1_fixed_5fold_10run_73configs,ion_channel,Ion Channel,4,MSCMF__WGANGP__90_10,MSCMF (WGAN-GP),MSCMF,WGANGP,90_10,90/10,6,5,42840,41364,1476,0.9907329598506069,0.9278350515463918,0.7926829268292683,0.8549506759225429,0.9714942595042912,0.8735664500874495,39cee56f51793454ee2496d32c41737e7be08bb87f94d304fb61b86f05c35bfd,not fixed; not saved,65.49277973175049,PASS,2026-09-03T07:24:51
dnn_oof_v1_fixed_5fold_10run_73configs,ion_channel,Ion Channel,4,MSCMF__WGANGP__90_10,MSCMF (WGAN-GP),MSCMF,WGANGP,90_10,90/10,7,5,42840,41364,1476,0.9900560224089636,0.9186602870813397,0.7804878048780488,0.843956043956044,0.9677408238157422,0.8649745927106038,39cee56f51793454ee2496d32c41737e7be08bb87f94d304fb61b86f05c35bfd,not fixed; not saved,65.51218032836914,PASS,2026-09-03T07:26:17
dnn_oof_v1_fixed_5fold_10run_73configs,ion_channel,Ion Channel,4,MSCMF__WGANGP__90_10,MSCMF (WGAN-GP),MSCMF,WGANGP,90_10,90/10,8,5,42840,41364,1476,0.9902194211017741,0.9012908124525436,0.80420054200542,0.8499820981023989,0.9742696721341548,0.8777102186391215,39cee56f51793454ee2496d32c41737e7be08bb87f94d304fb61b86f05c35bfd,not fixed; not saved,67.19955205917358,PASS,2026-09-03T07:27:47
dnn_oof_v1_fixed_5fold_10run_73configs,ion_channel,Ion Channel,4,MSCMF__WGANGP__90_10,MSCMF (WGAN-GP),MSCMF,WGANGP,90_10,90/10,9,5,42840,41364,1476,0.9895891690009337,0.9263245033112583,0.758130081300813,0.8338301043219076,0.970574570755136,0.8622212597319755,39cee56f51793454ee2496d32c41737e7be08bb87f94d304fb61b86f05c35bfd,not fixed; not saved,67.0704505443573,PASS,2026-09-03T07:29:16
dnn_oof_v1_fixed_5fold_10run_73configs,ion_channel,Ion Channel,4,MSCMF__WGANGP__90_10,MSCMF (WGAN-GP),MSCMF,WGANGP,90_10,90/10,10,5,42840,41364,1476,0.9902194211017741,0.9158143194335169,0.7886178861788617,0.8474699672369858,0.9731469966945583,0.8737325941729877,39cee56f51793454ee2496d32c41737e7be08bb87f94d304fb61b86f05c35bfd,not fixed; not saved,65.86604261398315,PASS,2026-09-03T07:30:43
dnn_oof_v1_fixed_5fold_10run_73configs,ion_channel,Ion Channel,5,MSCMF__VAE__50_50,MSCMF (VAE),MSCMF,VAE,50_50,50/50,1,5,42840,41364,1476,0.988515406162465,0.8874015748031496,0.763550135501355,0.820830298616169,0.9634521669472087,0.8543680453775793,39cee56f51793454ee2496d32c41737e7be08bb87f94d304fb61b86f05c35bfd,not fixed; not saved,103.63472294807434,PASS,2026-09-03T07:32:49
dnn_oof_v1_fixed_5fold_10run_73configs,ion_channel,Ion Channel,5,MSCMF__VAE__50_50,MSCMF (VAE),MSCMF,VAE,50_50,50/50,2,5,42840,41364,1476,0.9898692810457517,0.9188102893890675,0.774390243902439,0.8404411764705882,0.9665422638173776,0.8666011886706783,39cee56f51793454ee2496d32c41737e7be08bb87f94d304fb61b86f05c35bfd,not fixed; not saved,106.83379650115967,PASS,2026-09-03T07:34:58
dnn_oof_v1_fixed_5fold_10run_73configs,ion_channel,Ion Channel,5,MSCMF__VAE__50_50,MSCMF (VAE),MSCMF,VAE,50_50,50/50,3,5,42840,41364,1476,0.9901960784313726,0.9074074074074074,0.7967479674796748,0.8484848484848485,0.9717096370146565,0.8717365151456934,39cee56f51793454ee2496d32c41737e7be08bb87f94d304fb61b86f05c35bfd,not fixed; not saved,107.84031915664673,PASS,2026-09-03T07:37:10
dnn_oof_v1_fixed_5fold_10run_73configs,ion_channel,Ion Channel,5,MSCMF__VAE__50_50,MSCMF (VAE),MSCMF,VAE,50_50,50/50,4,5,42840,41364,1476,0.9897058823529412,0.9156626506024096,0.7723577235772358,0.8379272326350606,0.965663277232811,0.8669176873241823,39cee56f51793454ee2496d32c41737e7be08bb87f94d304fb61b86f05c35bfd,not fixed; not saved,122.63055300712585,PASS,2026-09-03T07:39:37
dnn_oof_v1_fixed_5fold_10run_73configs,ion_channel,Ion Channel,5,MSCMF__VAE__50_50,MSCMF (VAE),MSCMF,VAE,50_50,50/50,5,5,42840,41364,1476,0.9901027077497666,0.9235104669887279,0.7771002710027101,0.8440029433406917,0.9719047043905795,0.8691275762910431,39cee56f51793454ee2496d32c41737e7be08bb87f94d304fb61b86f05c35bfd,not fixed; not saved,125.57684397697449,PASS,2026-09-03T07:42:07
dnn_oof_v1_fixed_5fold_10run_73configs,ion_channel,Ion Channel,5,MSCMF__VAE__50_50,MSCMF (VAE),MSCMF,VAE,50_50,50/50,6,5,42840,41364,1476,0.988702147525677,0.891785150078989,0.7649051490514905,0.8234865061998541,0.9682242787216094,0.8582562548141436,39cee56f51793454ee2496d32c41737e7be08bb87f94d304fb61b86f05c35bfd,not fixed; not saved,125.1001524925232,PASS,2026-09-03T07:44:37
dnn_oof_v1_fixed_5fold_10run_73configs,ion_channel,Ion Channel,5,MSCMF__VAE__50_50,MSCMF (VAE),MSCMF,VAE,50_50,50/50,7,5,42840,41364,1476,0.9900793650793651,0.9241323648103309,0.7757452574525745,0.8434622467771639,0.9685332138835361,0.8625642917944942,39cee56f51793454ee2496d32c41737e7be08bb87f94d304fb61b86f05c35bfd,not fixed; not saved,125.14660263061523,PASS,2026-09-03T07:47:07
dnn_oof_v1_fixed_5fold_10run_73configs,ion_channel,Ion Channel,5,MSCMF__VAE__50_50,MSCMF (VAE),MSCMF,VAE,50_50,50/50,8,5,42840,41364,1476,0.9889355742296919,0.875,0.7920054200542005,0.8314366998577525,0.9658761487346523,0.8590588708653272,39cee56f51793454ee2496d32c41737e7be08bb87f94d304fb61b86f05c35bfd,not fixed; not saved,125.32033658027649,PASS,2026-09-03T07:49:38
dnn_oof_v1_fixed_5fold_10run_73configs,ion_channel,Ion Channel,5,MSCMF__VAE__50_50,MSCMF (VAE),MSCMF,VAE,50_50,50/50,9,5,42840,41364,1476,0.9899159663865547,0.9156050955414012,0.7791327913279132,0.8418740849194729,0.9645315768867002,0.86311389546752,39cee56f51793454ee2496d32c41737e7be08bb87f94d304fb61b86f05c35bfd,not fixed; not saved,108.28069376945496,PASS,2026-09-03T07:51:51
dnn_oof_v1_fixed_5fold_10run_73configs,ion_channel,Ion Channel,5,MSCMF__VAE__50_50,MSCMF (VAE),MSCMF,VAE,50_50,50/50,10,5,42840,41364,1476,0.9876517273576098,0.8897119341563786,0.7323848238482384,0.8034188034188035,0.9652341519365778,0.850346055494753,39cee56f51793454ee2496d32c41737e7be08bb87f94d304fb61b86f05c35bfd,not fixed; not saved,98.48821783065796,PASS,2026-09-03T07:53:55
dnn_oof_v1_fixed_5fold_10run_73configs,ion_channel,Ion Channel,6,MSCMF__VAE__80_20,MSCMF (VAE),MSCMF,VAE,80_20,80/20,1,5,42840,41364,1476,0.9896358543417367,0.9012441679626749,0.785230352303523,0.8392469225199131,0.971241791429857,0.8718326469720494,39cee56f51793454ee2496d32c41737e7be08bb87f94d304fb61b86f05c35bfd,not fixed; not saved,73.3637011051178,PASS,2026-09-03T07:55:35
dnn_oof_v1_fixed_5fold_10run_73configs,ion_channel,Ion Channel,6,MSCMF__VAE__80_20,MSCMF (VAE),MSCMF,VAE,80_20,80/20,2,5,42840,41364,1476,0.9893090569561158,0.8945736434108527,0.7818428184281843,0.8344179320318149,0.968441081217214,0.8607714631373489,39cee56f51793454ee2496d32c41737e7be08bb87f94d304fb61b86f05c35bfd,not fixed; not saved,71.4134509563446,PASS,2026-09-03T07:57:13
dnn_oof_v1_fixed_5fold_10run_73configs,ion_channel,Ion Channel,6,MSCMF__VAE__80_20,MSCMF (VAE),MSCMF,VAE,80_20,80/20,3,5,42840,41364,1476,0.9904295051353875,0.9190251572327044,0.7920054200542005,0.8508005822416302,0.9738178371593696,0.8775488251889848,39cee56f51793454ee2496d32c41737e7be08bb87f94d304fb61b86f05c35bfd,not fixed; not saved,81.63307738304138,PASS,2026-09-03T07:59:01
dnn_oof_v1_fixed_5fold_10run_73configs,ion_channel,Ion Channel,6,MSCMF__VAE__80_20,MSCMF (VAE),MSCMF,VAE,80_20,80/20,4,5,42840,41364,1476,0.990406162464986,0.9283990345937249,0.7818428184281843,0.8488414858403825,0.9698707345114259,0.8738559739328285,39cee56f51793454ee2496d32c41737e7be08bb87f94d304fb61b86f05c35bfd,not fixed; not saved,85.56592845916748,PASS,2026-09-03T08:00:55
dnn_oof_v1_fixed_5fold_10run_73configs,ion_channel,Ion Channel,6,MSCMF__VAE__80_20,MSCMF (VAE),MSCMF,VAE,80_20,80/20,5,5,42840,41364,1476,0.9897992530345472,0.9080911233307148,0.7831978319783198,0.841033102946526,0.9692354449714599,0.8672130220491991,39cee56f51793454ee2496d32c41737e7be08bb87f94d304fb61b86f05c35bfd,not fixed; not saved,84.99974083900452,PASS,2026-09-03T08:02:49
dnn_oof_v1_fixed_5fold_10run_73configs,ion_channel,Ion Channel,6,MSCMF__VAE__80_20,MSCMF (VAE),MSCMF,VAE,80_20,80/20,6,5,42840,41364,1476,0.990406162464986,0.922283901665345,0.787940379403794,0.8498355864084765,0.9757122649495038,0.8814204718666461,39cee56f51793454ee2496d32c41737e7be08bb87f94d304fb61b86f05c35bfd,not fixed; not saved,80.70186233520508,PASS,2026-09-03T08:04:37
dnn_oof_v1_fixed_5fold_10run_73configs,ion_channel,Ion Channel,6,MSCMF__VAE__80_20,MSCMF (VAE),MSCMF,VAE,80_20,80/20,7,5,42840,41364,1476,0.9897292250233427,0.9157303370786517,0.7730352303523035,0.8383541513592946,0.9662975021286331,0.8679306694493578,39cee56f51793454ee2496d32c41737e7be08bb87f94d304fb61b86f05c35bfd,not fixed; not saved,82.00457739830017,PASS,2026-09-03T08:06:26
dnn_oof_v1_fixed_5fold_10run_73configs,ion_channel,Ion Channel,6,MSCMF__VAE__80_20,MSCMF (VAE),MSCMF,VAE,80_20,80/20,8,5,42840,41364,1476,0.9901960784313726,0.9137931034482759,0.7899728997289973,0.8473837209302325,0.9702599192731122,0.8705387963313305,39cee56f51793454ee2496d32c41737e7be08bb87f94d304fb61b86f05c35bfd,not fixed; not saved,83.75113868713379,PASS,2026-09-03T08:08:18
dnn_oof_v1_fixed_5fold_10run_73configs,ion_channel,Ion Channel,6,MSCMF__VAE__80_20,MSCMF (VAE),MSCMF,VAE,80_20,80/20,9,5,42840,41364,1476,0.9894491129785248,0.8944530046224961,0.7865853658536586,0.8370583994232156,0.9720212010286624,0.8655837797404851,39cee56f51793454ee2496d32c41737e7be08bb87f94d304fb61b86f05c35bfd,not fixed; not saved,80.71831774711609,PASS,2026-09-03T08:10:06
dnn_oof_v1_fixed_5fold_10run_73configs,ion_channel,Ion Channel,6,MSCMF__VAE__80_20,MSCMF (VAE),MSCMF,VAE,80_20,80/20,10,5,42840,41364,1476,0.9895658263305322,0.9067193675889328,0.7771002710027101,0.8369208318132069,0.9696534733998825,0.8653053521562311,39cee56f51793454ee2496d32c41737e7be08bb87f94d304fb61b86f05c35bfd,not fixed; not saved,81.94130063056946,PASS,2026-09-03T08:11:56
dnn_oof_v1_fixed_5fold_10run_73configs,ion_channel,Ion Channel,7,MSCMF__VAE__85_15,MSCMF (VAE),MSCMF,VAE,85_15,85/15,1,5,42840,41364,1476,0.9897058823529412,0.9301745635910225,0.758130081300813,0.8353863381858903,0.9640294497604583,0.8607975898000283,39cee56f51793454ee2496d32c41737e7be08bb87f94d304fb61b86f05c35bfd,not fixed; not saved,77.34229278564453,PASS,2026-09-03T08:13:41
dnn_oof_v1_fixed_5fold_10run_73configs,ion_channel,Ion Channel,7,MSCMF__VAE__85_15,MSCMF (VAE),MSCMF,VAE,85_15,85/15,2,5,42840,41364,1476,0.9898692810457517,0.9095911949685535,0.7838753387533876,0.8420669577874818,0.9692046194287007,0.8672620399891651,39cee56f51793454ee2496d32c41737e7be08bb87f94d304fb61b86f05c35bfd,not fixed; not saved,79.94304633140564,PASS,2026-09-03T08:15:30
dnn_oof_v1_fixed_5fold_10run_73configs,ion_channel,Ion Channel,7,MSCMF__VAE__85_15,MSCMF (VAE),MSCMF,VAE,85_15,85/15,3,5,42840,41364,1476,0.9897525676937442,0.9138068635275339,0.7757452574525745,0.839135214364236,0.9729421345925092,0.8710131536668648,39cee56f51793454ee2496d32c41737e7be08bb87f94d304fb61b86f05c35bfd,not fixed; not saved,76.37983751296997,PASS,2026-09-03T08:17:15
dnn_oof_v1_fixed_5fold_10run_73configs,ion_channel,Ion Channel,7,MSCMF__VAE__85_15,MSCMF (VAE),MSCMF,VAE,85_15,85/15,4,5,42840,41364,1476,0.9900326797385621,0.8970476911430735,0.8028455284552846,0.8473364318913121,0.9713937407179409,0.8768017594599342,39cee56f51793454ee2496d32c41737e7be08bb87f94d304fb61b86f05c35bfd,not fixed; not saved,76.27703380584717,PASS,2026-09-03T08:19:00
dnn_oof_v1_fixed_5fold_10run_73configs,ion_channel,Ion Channel,7,MSCMF__VAE__85_15,MSCMF (VAE),MSCMF,VAE,85_15,85/15,5,5,42840,41364,1476,0.9900093370681606,0.9225806451612903,0.7750677506775068,0.8424153166421208,0.9713642336960069,0.8733462564045298,39cee56f51793454ee2496d32c41737e7be08bb87f94d304fb61b86f05c35bfd,not fixed; not saved,79.16373300552368,PASS,2026-09-03T08:20:49
dnn_oof_v1_fixed_5fold_10run_73configs,ion_channel,Ion Channel,7,MSCMF__VAE__85_15,MSCMF (VAE),MSCMF,VAE,85_15,85/15,6,5,42840,41364,1476,0.9892390289449113,0.8974158183241974,0.7764227642276422,0.8325463131129677,0.9702234920642407,0.8653572691942337,39cee56f51793454ee2496d32c41737e7be08bb87f94d304fb61b86f05c35bfd,not fixed; not saved,77.04694390296936,PASS,2026-09-03T08:22:35
dnn_oof_v1_fixed_5fold_10run_73configs,ion_channel,Ion Channel,7,MSCMF__VAE__85_15,MSCMF (VAE),MSCMF,VAE,85_15,85/15,7,5,42840,41364,1476,0.9901727357609711,0.9306122448979591,0.7723577235772358,0.8441318030359126,0.9774233855867229,0.873617207303365,39cee56f51793454ee2496d32c41737e7be08bb87f94d304fb61b86f05c35bfd,not fixed; not saved,76.70704317092896,PASS,2026-09-03T08:24:22
dnn_oof_v1_fixed_5fold_10run_73configs,ion_channel,Ion Channel,7,MSCMF__VAE__85_15,MSCMF (VAE),MSCMF,VAE,85_15,85/15,8,5,42840,41364,1476,0.9896825396825397,0.9122807017543859,0.7750677506775068,0.8380952380952381,0.9731236072816679,0.8649900176334541,39cee56f51793454ee2496d32c41737e7be08bb87f94d304fb61b86f05c35bfd,not fixed; not saved,75.98592448234558,PASS,2026-09-03T08:26:08
dnn_oof_v1_fixed_5fold_10run_73configs,ion_channel,Ion Channel,7,MSCMF__VAE__85_15,MSCMF (VAE),MSCMF,VAE,85_15,85/15,9,5,42840,41364,1476,0.9899393090569562,0.9190056134723336,0.7764227642276422,0.8417186926184356,0.9743373179851613,0.8725880243055523,39cee56f51793454ee2496d32c41737e7be08bb87f94d304fb61b86f05c35bfd,not fixed; not saved,76.89752244949341,PASS,2026-09-03T08:27:56
dnn_oof_v1_fixed_5fold_10run_73configs,ion_channel,Ion Channel,7,MSCMF__VAE__85_15,MSCMF (VAE),MSCMF,VAE,85_15,85/15,10,5,42840,41364,1476,0.9895424836601308,0.9047244094488189,0.7784552845528455,0.8368536052439912,0.9663820348736802,0.8684547386123254,39cee56f51793454ee2496d32c41737e7be08bb87f94d304fb61b86f05c35bfd,not fixed; not saved,76.46809792518616,PASS,2026-09-03T08:29:43
dnn_oof_v1_fixed_5fold_10run_73configs,ion_channel,Ion Channel,8,MSCMF__VAE__90_10,MSCMF (VAE),MSCMF,VAE,90_10,90/10,1,5,42840,41364,1476,0.9901727357609711,0.9137254901960784,0.7892953929539296,0.8469647400945111,0.9708488312762444,0.8714728047592524,39cee56f51793454ee2496d32c41737e7be08bb87f94d304fb61b86f05c35bfd,not fixed; not saved,73.62753248214722,PASS,2026-09-03T08:31:28
dnn_oof_v1_fixed_5fold_10run_73configs,ion_channel,Ion Channel,8,MSCMF__VAE__90_10,MSCMF (VAE),MSCMF,VAE,90_10,90/10,2,5,42840,41364,1476,0.9900560224089636,0.9166666666666666,0.782520325203252,0.8442982456140351,0.9713413028990554,0.873852822897869,39cee56f51793454ee2496d32c41737e7be08bb87f94d304fb61b86f05c35bfd,not fixed; not saved,74.20746183395386,PASS,2026-09-03T08:33:14
dnn_oof_v1_fixed_5fold_10run_73configs,ion_channel,Ion Channel,8,MSCMF__VAE__90_10,MSCMF (VAE),MSCMF,VAE,90_10,90/10,3,5,42840,41364,1476,0.9899859943977591,0.9218372280419017,0.7750677506775068,0.8421052631578947,0.9708347370256896,0.8740399251343973,39cee56f51793454ee2496d32c41737e7be08bb87f94d304fb61b86f05c35bfd,not fixed; not saved,73.69325280189514,PASS,2026-09-03T08:34:59
dnn_oof_v1_fixed_5fold_10run_73configs,ion_channel,Ion Channel,8,MSCMF__VAE__90_10,MSCMF (VAE),MSCMF,VAE,90_10,90/10,4,5,42840,41364,1476,0.9903361344537815,0.9154929577464789,0.7926829268292683,0.8496732026143791,0.972661052159308,0.8758960473424111,39cee56f51793454ee2496d32c41737e7be08bb87f94d304fb61b86f05c35bfd,not fixed; not saved,74.22925305366516,PASS,2026-09-03T08:36:46
dnn_oof_v1_fixed_5fold_10run_73configs,ion_channel,Ion Channel,8,MSCMF__VAE__90_10,MSCMF (VAE),MSCMF,VAE,90_10,90/10,5,5,42840,41364,1476,0.9900560224089636,0.9179936305732485,0.7811653116531165,0.8440702781844802,0.9727180843271541,0.8773028065826738,39cee56f51793454ee2496d32c41737e7be08bb87f94d304fb61b86f05c35bfd,not fixed; not saved,73.27187061309814,PASS,2026-09-03T08:38:31
dnn_oof_v1_fixed_5fold_10run_73configs,ion_channel,Ion Channel,8,MSCMF__VAE__90_10,MSCMF (VAE),MSCMF,VAE,90_10,90/10,6,5,42840,41364,1476,0.9901260504201681,0.9263157894736842,0.7750677506775068,0.8439690151235706,0.969912124599923,0.8686205747097473,39cee56f51793454ee2496d32c41737e7be08bb87f94d304fb61b86f05c35bfd,not fixed; not saved,74.2554018497467,PASS,2026-09-03T08:40:18
dnn_oof_v1_fixed_5fold_10run_73configs,ion_channel,Ion Channel,8,MSCMF__VAE__90_10,MSCMF (VAE),MSCMF,VAE,90_10,90/10,7,5,42840,41364,1476,0.9899859943977591,0.9138339920948617,0.7831978319783198,0.8434877781831448,0.9705452930411713,0.8693902394910663,39cee56f51793454ee2496d32c41737e7be08bb87f94d304fb61b86f05c35bfd,not fixed; not saved,73.96209502220154,PASS,2026-09-03T08:42:05
dnn_oof_v1_fixed_5fold_10run_73configs,ion_channel,Ion Channel,8,MSCMF__VAE__90_10,MSCMF (VAE),MSCMF,VAE,90_10,90/10,8,5,42840,41364,1476,0.9900793650793651,0.9261962692619627,0.7737127371273713,0.8431155407899594,0.966353084742529,0.8646265498219298,39cee56f51793454ee2496d32c41737e7be08bb87f94d304fb61b86f05c35bfd,not fixed; not saved,72.93298125267029,PASS,2026-09-03T08:43:51
dnn_oof_v1_fixed_5fold_10run_73configs,ion_channel,Ion Channel,8,MSCMF__VAE__90_10,MSCMF (VAE),MSCMF,VAE,90_10,90/10,9,5,42840,41364,1476,0.9898459383753502,0.9248979591836735,0.7676151761517616,0.8389485375786746,0.9745406568271272,0.8760527639178258,39cee56f51793454ee2496d32c41737e7be08bb87f94d304fb61b86f05c35bfd,not fixed; not saved,72.55377101898193,PASS,2026-09-03T08:45:38
dnn_oof_v1_fixed_5fold_10run_73configs,ion_channel,Ion Channel,8,MSCMF__VAE__90_10,MSCMF (VAE),MSCMF,VAE,90_10,90/10,10,5,42840,41364,1476,0.9899159663865547,0.9176,0.7771002710027101,0.8415260454878943,0.9722533016416616,0.8726014150666126,39cee56f51793454ee2496d32c41737e7be08bb87f94d304fb61b86f05c35bfd,not fixed; not saved,72.65323877334595,PASS,2026-09-03T08:47:25
dnn_oof_v1_fixed_5fold_10run_73configs,ion_channel,Ion Channel,25,MSCMF__LatentDiffusion__50_50,Diffusion Model,MSCMF,LatentDiffusion,50_50,50/50,1,5,42840,41364,1476,0.9888888888888889,0.8869969040247678,0.7764227642276422,0.8280346820809249,0.9693410412914205,0.866739154875734,39cee56f51793454ee2496d32c41737e7be08bb87f94d304fb61b86f05c35bfd,not fixed; not saved,116.10899496078491,PASS,2026-09-03T08:49:55
dnn_oof_v1_fixed_5fold_10run_73configs,ion_channel,Ion Channel,25,MSCMF__LatentDiffusion__50_50,Diffusion Model,MSCMF,LatentDiffusion,50_50,50/50,2,5,42840,41364,1476,0.9894257703081233,0.9196062346185397,0.7594850948509485,0.8319109461966605,0.9651403567874767,0.8597381182076964,39cee56f51793454ee2496d32c41737e7be08bb87f94d304fb61b86f05c35bfd,not fixed; not saved,118.03983306884766,PASS,2026-09-03T08:52:28
dnn_oof_v1_fixed_5fold_10run_73configs,ion_channel,Ion Channel,25,MSCMF__LatentDiffusion__50_50,Diffusion Model,MSCMF,LatentDiffusion,50_50,50/50,3,5,42840,41364,1476,0.9894024276377218,0.9223140495867769,0.7560975609756098,0.8309754281459419,0.9666014744109339,0.8678635332562091,39cee56f51793454ee2496d32c41737e7be08bb87f94d304fb61b86f05c35bfd,not fixed; not saved,118.67707061767578,PASS,2026-09-03T08:55:02
dnn_oof_v1_fixed_5fold_10run_73configs,ion_channel,Ion Channel,25,MSCMF__LatentDiffusion__50_50,Diffusion Model,MSCMF,LatentDiffusion,50_50,50/50,4,5,42840,41364,1476,0.9889589169000934,0.8779201205727204,0.7892953929539296,0.8312522297538352,0.968460220243098,0.8604736057985595,39cee56f51793454ee2496d32c41737e7be08bb87f94d304fb61b86f05c35bfd,not fixed; not saved,117.26757550239563,PASS,2026-09-03T08:57:35
dnn_oof_v1_fixed_5fold_10run_73configs,ion_channel,Ion Channel,25,MSCMF__LatentDiffusion__50_50,Diffusion Model,MSCMF,LatentDiffusion,50_50,50/50,5,5,42840,41364,1476,0.9895658263305322,0.9067193675889328,0.7771002710027101,0.8369208318132069,0.9696326718912194,0.8652908967366649,39cee56f51793454ee2496d32c41737e7be08bb87f94d304fb61b86f05c35bfd,not fixed; not saved,119.44483733177185,PASS,2026-09-03T09:00:10
dnn_oof_v1_fixed_5fold_10run_73configs,ion_channel,Ion Channel,25,MSCMF__LatentDiffusion__50_50,Diffusion Model,MSCMF,LatentDiffusion,50_50,50/50,6,5,42840,41364,1476,0.9899626517273576,0.906055900621118,0.790650406504065,0.8444283646888567,0.9741291472966949,0.8702263798575488,39cee56f51793454ee2496d32c41737e7be08bb87f94d304fb61b86f05c35bfd,not fixed; not saved,116.29886507987976,PASS,2026-09-03T09:02:42
dnn_oof_v1_fixed_5fold_10run_73configs,ion_channel,Ion Channel,25,MSCMF__LatentDiffusion__50_50,Diffusion Model,MSCMF,LatentDiffusion,50_50,50/50,7,5,42840,41364,1476,0.9894257703081233,0.8802973977695168,0.8021680216802168,0.8394186458702588,0.9699831363643391,0.8674092450510066,39cee56f51793454ee2496d32c41737e7be08bb87f94d304fb61b86f05c35bfd,not fixed; not saved,119.3044216632843,PASS,2026-09-03T09:05:18
dnn_oof_v1_fixed_5fold_10run_73configs,ion_channel,Ion Channel,25,MSCMF__LatentDiffusion__50_50,Diffusion Model,MSCMF,LatentDiffusion,50_50,50/50,8,5,42840,41364,1476,0.9896591970121382,0.9102462271644162,0.7764227642276422,0.8380255941499086,0.9674432885357285,0.8619130610796242,39cee56f51793454ee2496d32c41737e7be08bb87f94d304fb61b86f05c35bfd,not fixed; not saved,117.57300090789795,PASS,2026-09-03T09:07:52
dnn_oof_v1_fixed_5fold_10run_73configs,ion_channel,Ion Channel,25,MSCMF__LatentDiffusion__50_50,Diffusion Model,MSCMF,LatentDiffusion,50_50,50/50,9,5,42840,41364,1476,0.9890522875816994,0.9031224979983987,0.7642276422764228,0.8278899082568807,0.9690225816591886,0.8587928078358805,39cee56f51793454ee2496d32c41737e7be08bb87f94d304fb61b86f05c35bfd,not fixed; not saved,120.38165426254272,PASS,2026-09-03T09:10:30
dnn_oof_v1_fixed_5fold_10run_73configs,ion_channel,Ion Channel,25,MSCMF__LatentDiffusion__50_50,Diffusion Model,MSCMF,LatentDiffusion,50_50,50/50,10,5,42840,41364,1476,0.988608776844071,0.9049180327868852,0.7479674796747967,0.8189910979228486,0.9630493547404771,0.850591576180181,39cee56f51793454ee2496d32c41737e7be08bb87f94d304fb61b86f05c35bfd,not fixed; not saved,116.9772458076477,PASS,2026-09-03T09:13:04
dnn_oof_v1_fixed_5fold_10run_73configs,ion_channel,Ion Channel,26,MSCMF__LatentDiffusion__80_20,Diffusion Model,MSCMF,LatentDiffusion,80_20,80/20,1,5,42840,41364,1476,0.9892156862745098,0.9370689655172414,0.736449864498645,0.8247344461305007,0.9690959929677142,0.859781303610278,39cee56f51793454ee2496d32c41737e7be08bb87f94d304fb61b86f05c35bfd,not fixed; not saved,79.59536957740784,PASS,2026-09-03T09:15:01
dnn_oof_v1_fixed_5fold_10run_73configs,ion_channel,Ion Channel,26,MSCMF__LatentDiffusion__80_20,Diffusion Model,MSCMF,LatentDiffusion,80_20,80/20,2,5,42840,41364,1476,0.9899159663865547,0.9237012987012987,0.7710027100271003,0.8404726735598228,0.965591520217494,0.8583521177828374,39cee56f51793454ee2496d32c41737e7be08bb87f94d304fb61b86f05c35bfd,not fixed; not saved,80.03600978851318,PASS,2026-09-03T09:17:00
dnn_oof_v1_fixed_5fold_10run_73configs,ion_channel,Ion Channel,26,MSCMF__LatentDiffusion__80_20,Diffusion Model,MSCMF,LatentDiffusion,80_20,80/20,3,5,42840,41364,1476,0.9892857142857143,0.9071257005604484,0.7676151761517616,0.8315596330275229,0.9726900678070217,0.8714340178096065,39cee56f51793454ee2496d32c41737e7be08bb87f94d304fb61b86f05c35bfd,not fixed; not saved,80.67556118965149,PASS,2026-09-03T09:18:59
dnn_oof_v1_fixed_5fold_10run_73configs,ion_channel,Ion Channel,26,MSCMF__LatentDiffusion__80_20,Diffusion Model,MSCMF,LatentDiffusion,80_20,80/20,4,5,42840,41364,1476,0.9893557422969188,0.8911042944785276,0.7872628726287263,0.8359712230215828,0.9690875822789754,0.8678372238874988,39cee56f51793454ee2496d32c41737e7be08bb87f94d304fb61b86f05c35bfd,not fixed; not saved,80.31057548522949,PASS,2026-09-03T09:20:57
dnn_oof_v1_fixed_5fold_10run_73configs,ion_channel,Ion Channel,26,MSCMF__LatentDiffusion__80_20,Diffusion Model,MSCMF,LatentDiffusion,80_20,80/20,5,5,42840,41364,1476,0.9899159663865547,0.8960546282245827,0.8001355013550135,0.8453829634931997,0.9686994703510037,0.8690157270230695,39cee56f51793454ee2496d32c41737e7be08bb87f94d304fb61b86f05c35bfd,not fixed; not saved,80.18904447555542,PASS,2026-09-03T09:22:57
dnn_oof_v1_fixed_5fold_10run_73configs,ion_channel,Ion Channel,26,MSCMF__LatentDiffusion__80_20,Diffusion Model,MSCMF,LatentDiffusion,80_20,80/20,6,5,42840,41364,1476,0.990639589169001,0.9195940671350508,0.7981029810298103,0.8545520493289808,0.9707775574455774,0.8771517871285768,39cee56f51793454ee2496d32c41737e7be08bb87f94d304fb61b86f05c35bfd,not fixed; not saved,81.3638322353363,PASS,2026-09-03T09:24:57
dnn_oof_v1_fixed_5fold_10run_73configs,ion_channel,Ion Channel,26,MSCMF__LatentDiffusion__80_20,Diffusion Model,MSCMF,LatentDiffusion,80_20,80/20,7,5,42840,41364,1476,0.9897525676937442,0.9047619047619048,0.785230352303523,0.8407689517591586,0.9690122382318493,0.8690823894943379,39cee56f51793454ee2496d32c41737e7be08bb87f94d304fb61b86f05c35bfd,not fixed; not saved,80.0528039932251,PASS,2026-09-03T09:26:56
dnn_oof_v1_fixed_5fold_10run_73configs,ion_channel,Ion Channel,26,MSCMF__LatentDiffusion__80_20,Diffusion Model,MSCMF,LatentDiffusion,80_20,80/20,8,5,42840,41364,1476,0.9899626517273576,0.9029275808936826,0.7940379403794038,0.8449891852919971,0.9722811543703872,0.8707527000245441,39cee56f51793454ee2496d32c41737e7be08bb87f94d304fb61b86f05c35bfd,not fixed; not saved,79.56242609024048,PASS,2026-09-03T09:28:56
dnn_oof_v1_fixed_5fold_10run_73configs,ion_channel,Ion Channel,26,MSCMF__LatentDiffusion__80_20,Diffusion Model,MSCMF,LatentDiffusion,80_20,80/20,9,5,42840,41364,1476,0.9895191409897293,0.8875471698113208,0.7967479674796748,0.8397001071046055,0.9696455540853639,0.8510545534443377,39cee56f51793454ee2496d32c41737e7be08bb87f94d304fb61b86f05c35bfd,not fixed; not saved,79.45839548110962,PASS,2026-09-03T09:30:56
dnn_oof_v1_fixed_5fold_10run_73configs,ion_channel,Ion Channel,26,MSCMF__LatentDiffusion__80_20,Diffusion Model,MSCMF,LatentDiffusion,80_20,80/20,10,5,42840,41364,1476,0.9886788048552755,0.887412040656763,0.768970189701897,0.8239564428312159,0.9705143937922794,0.8606969645291657,39cee56f51793454ee2496d32c41737e7be08bb87f94d304fb61b86f05c35bfd,not fixed; not saved,81.53850245475769,PASS,2026-09-03T09:32:58
dnn_oof_v1_fixed_5fold_10run_73configs,ion_channel,Ion Channel,27,MSCMF__LatentDiffusion__85_15,Diffusion Model,MSCMF,LatentDiffusion,85_15,85/15,1,5,42840,41364,1476,0.9892390289449113,0.9082864038616251,0.7649051490514905,0.8304523721956601,0.9612802437556821,0.856041325449963,39cee56f51793454ee2496d32c41737e7be08bb87f94d304fb61b86f05c35bfd,not fixed; not saved,76.541015625,PASS,2026-09-03T09:34:55
dnn_oof_v1_fixed_5fold_10run_73configs,ion_channel,Ion Channel,27,MSCMF__LatentDiffusion__85_15,Diffusion Model,MSCMF,LatentDiffusion,85_15,85/15,2,5,42840,41364,1476,0.9903828197945845,0.9262820512820513,0.7831978319783198,0.8487518355359766,0.9709455910498085,0.8737212778763895,39cee56f51793454ee2496d32c41737e7be08bb87f94d304fb61b86f05c35bfd,not fixed; not saved,76.92293930053711,PASS,2026-09-03T09:36:53
dnn_oof_v1_fixed_5fold_10run_73configs,ion_channel,Ion Channel,27,MSCMF__LatentDiffusion__85_15,Diffusion Model,MSCMF,LatentDiffusion,85_15,85/15,3,5,42840,41364,1476,0.9897759103641457,0.9093059936908517,0.7811653116531165,0.8403790087463557,0.9728642681577189,0.8739704656610062,39cee56f51793454ee2496d32c41737e7be08bb87f94d304fb61b86f05c35bfd,not fixed; not saved,77.32865762710571,PASS,2026-09-03T09:38:53
dnn_oof_v1_fixed_5fold_10run_73configs,ion_channel,Ion Channel,27,MSCMF__LatentDiffusion__85_15,Diffusion Model,MSCMF,LatentDiffusion,85_15,85/15,4,5,42840,41364,1476,0.9895191409897293,0.9008587041373927,0.7818428184281843,0.8371418208197315,0.9680270411095467,0.8656123431579459,39cee56f51793454ee2496d32c41737e7be08bb87f94d304fb61b86f05c35bfd,not fixed; not saved,79.01845407485962,PASS,2026-09-03T09:40:54
dnn_oof_v1_fixed_5fold_10run_73configs,ion_channel,Ion Channel,27,MSCMF__LatentDiffusion__85_15,Diffusion Model,MSCMF,LatentDiffusion,85_15,85/15,5,5,42840,41364,1476,0.9893323996265173,0.8892284186401833,0.7886178861788617,0.8359066427289048,0.9671991656334704,0.8666714368429869,39cee56f51793454ee2496d32c41737e7be08bb87f94d304fb61b86f05c35bfd,not fixed; not saved,76.05593013763428,PASS,2026-09-03T09:42:52
dnn_oof_v1_fixed_5fold_10run_73configs,ion_channel,Ion Channel,27,MSCMF__LatentDiffusion__85_15,Diffusion Model,MSCMF,LatentDiffusion,85_15,85/15,6,5,42840,41364,1476,0.9894491129785248,0.8993759750390016,0.7811653116531165,0.836113125453227,0.9652210731927453,0.8632554516107235,39cee56f51793454ee2496d32c41737e7be08bb87f94d304fb61b86f05c35bfd,not fixed; not saved,77.00290060043335,PASS,2026-09-03T09:44:52
dnn_oof_v1_fixed_5fold_10run_73configs,ion_channel,Ion Channel,27,MSCMF__LatentDiffusion__85_15,Diffusion Model,MSCMF,LatentDiffusion,85_15,85/15,7,5,42840,41364,1476,0.9901727357609711,0.9163378058405682,0.7865853658536586,0.8465184104994532,0.9691194642763081,0.8649663242174568,39cee56f51793454ee2496d32c41737e7be08bb87f94d304fb61b86f05c35bfd,not fixed; not saved,76.86334371566772,PASS,2026-09-03T09:46:52
dnn_oof_v1_fixed_5fold_10run_73configs,ion_channel,Ion Channel,27,MSCMF__LatentDiffusion__85_15,Diffusion Model,MSCMF,LatentDiffusion,85_15,85/15,8,5,42840,41364,1476,0.9901727357609711,0.922337870296237,0.7804878048780488,0.8455045871559633,0.9727543395550482,0.8731135659833595,39cee56f51793454ee2496d32c41737e7be08bb87f94d304fb61b86f05c35bfd,not fixed; not saved,76.29452729225159,PASS,2026-09-03T09:48:51
dnn_oof_v1_fixed_5fold_10run_73configs,ion_channel,Ion Channel,27,MSCMF__LatentDiffusion__85_15,Diffusion Model,MSCMF,LatentDiffusion,85_15,85/15,9,5,42840,41364,1476,0.990452847805789,0.9217391304347826,0.7899728997289973,0.8507843852608536,0.9691634422690326,0.8776321539994127,39cee56f51793454ee2496d32c41737e7be08bb87f94d304fb61b86f05c35bfd,not fixed; not saved,76.91951370239258,PASS,2026-09-03T09:50:51
dnn_oof_v1_fixed_5fold_10run_73configs,ion_channel,Ion Channel,27,MSCMF__LatentDiffusion__85_15,Diffusion Model,MSCMF,LatentDiffusion,85_15,85/15,10,5,42840,41364,1476,0.9894957983193278,0.9045741324921136,0.7771002710027101,0.8360058309037901,0.9678141204702833,0.865477323569548,39cee56f51793454ee2496d32c41737e7be08bb87f94d304fb61b86f05c35bfd,not fixed; not saved,77.253098487854,PASS,2026-09-03T09:52:53
dnn_oof_v1_fixed_5fold_10run_73configs,ion_channel,Ion Channel,28,MSCMF__LatentDiffusion__90_10,Diffusion Model,MSCMF,LatentDiffusion,90_10,90/10,1,5,42840,41364,1476,0.9909197012138189,0.9262745098039216,0.8001355013550135,0.8585968738640495,0.9716266848566852,0.8777864129160442,39cee56f51793454ee2496d32c41737e7be08bb87f94d304fb61b86f05c35bfd,not fixed; not saved,74.20466184616089,PASS,2026-09-03T09:54:51
dnn_oof_v1_fixed_5fold_10run_73configs,ion_channel,Ion Channel,28,MSCMF__LatentDiffusion__90_10,Diffusion Model,MSCMF,LatentDiffusion,90_10,90/10,2,5,42840,41364,1476,0.9899859943977591,0.9118804091266719,0.785230352303523,0.843829632326174,0.9738069941682397,0.8708125686699245,39cee56f51793454ee2496d32c41737e7be08bb87f94d304fb61b86f05c35bfd,not fixed; not saved,74.00376296043396,PASS,2026-09-03T09:56:49
dnn_oof_v1_fixed_5fold_10run_73configs,ion_channel,Ion Channel,28,MSCMF__LatentDiffusion__90_10,Diffusion Model,MSCMF,LatentDiffusion,90_10,90/10,3,5,42840,41364,1476,0.9898225957049487,0.9037267080745341,0.7886178861788617,0.8422575976845152,0.9647074151514651,0.8605110159760698,39cee56f51793454ee2496d32c41737e7be08bb87f94d304fb61b86f05c35bfd,not fixed; not saved,71.81847834587097,PASS,2026-09-03T09:58:45
dnn_oof_v1_fixed_5fold_10run_73configs,ion_channel,Ion Channel,28,MSCMF__LatentDiffusion__90_10,Diffusion Model,MSCMF,LatentDiffusion,90_10,90/10,4,5,42840,41364,1476,0.9892390289449113,0.8812922614575507,0.7947154471544715,0.8357677235482722,0.9717001207339219,0.8634500472506842,39cee56f51793454ee2496d32c41737e7be08bb87f94d304fb61b86f05c35bfd,not fixed; not saved,74.7788577079773,PASS,2026-09-03T10:00:45
dnn_oof_v1_fixed_5fold_10run_73configs,ion_channel,Ion Channel,28,MSCMF__LatentDiffusion__90_10,Diffusion Model,MSCMF,LatentDiffusion,90_10,90/10,5,5,42840,41364,1476,0.9897992530345472,0.9139442231075697,0.7771002710027101,0.8399853533504211,0.9717261553780319,0.8640143106518775,39cee56f51793454ee2496d32c41737e7be08bb87f94d304fb61b86f05c35bfd,not fixed; not saved,73.66874194145203,PASS,2026-09-03T10:02:44
dnn_oof_v1_fixed_5fold_10run_73configs,ion_channel,Ion Channel,28,MSCMF__LatentDiffusion__90_10,Diffusion Model,MSCMF,LatentDiffusion,90_10,90/10,6,5,42840,41364,1476,0.9894724556489263,0.8975950349107835,0.7838753387533876,0.8368896925858951,0.9700529442619152,0.8642967427504442,39cee56f51793454ee2496d32c41737e7be08bb87f94d304fb61b86f05c35bfd,not fixed; not saved,73.58284378051758,PASS,2026-09-03T10:04:44
dnn_oof_v1_fixed_5fold_10run_73configs,ion_channel,Ion Channel,28,MSCMF__LatentDiffusion__90_10,Diffusion Model,MSCMF,LatentDiffusion,90_10,90/10,7,5,42840,41364,1476,0.9895658263305322,0.9132530120481928,0.7703252032520326,0.8357221609702316,0.9687253575828476,0.8715014722717773,39cee56f51793454ee2496d32c41737e7be08bb87f94d304fb61b86f05c35bfd,not fixed; not saved,74.09192824363708,PASS,2026-09-03T10:06:43
dnn_oof_v1_fixed_5fold_10run_73configs,ion_channel,Ion Channel,28,MSCMF__LatentDiffusion__90_10,Diffusion Model,MSCMF,LatentDiffusion,90_10,90/10,8,5,42840,41364,1476,0.9880952380952381,0.8648036253776435,0.7757452574525745,0.8178571428571428,0.9648928188343869,0.848873219652355,39cee56f51793454ee2496d32c41737e7be08bb87f94d304fb61b86f05c35bfd,not fixed; not saved,72.36662673950195,PASS,2026-09-03T10:08:42
dnn_oof_v1_fixed_5fold_10run_73configs,ion_channel,Ion Channel,28,MSCMF__LatentDiffusion__90_10,Diffusion Model,MSCMF,LatentDiffusion,90_10,90/10,9,5,42840,41364,1476,0.9901493930905696,0.9216,0.7804878048780488,0.8451944240645635,0.9701576315395686,0.8732603288546092,39cee56f51793454ee2496d32c41737e7be08bb87f94d304fb61b86f05c35bfd,not fixed; not saved,72.78849029541016,PASS,2026-09-03T10:10:41
dnn_oof_v1_fixed_5fold_10run_73configs,ion_channel,Ion Channel,28,MSCMF__LatentDiffusion__90_10,Diffusion Model,MSCMF,LatentDiffusion,90_10,90/10,10,5,42840,41364,1476,0.9900560224089636,0.9082426127527217,0.7913279132791328,0.8457639391745112,0.9587480286066279,0.8616133840264647,39cee56f51793454ee2496d32c41737e7be08bb87f94d304fb61b86f05c35bfd,not fixed; not saved,73.403963804245,PASS,2026-09-03T10:12:42
dnn_oof_v1_fixed_5fold_10run_73configs,ion_channel,Ion Channel,29,MSCMF__ADASYN__50_50,ADASYN,MSCMF,ADASYN,50_50,50/50,1,5,42840,41364,1476,0.99031279178338,0.904036557501904,0.80420054200542,0.8512011473646468,0.9682803035723035,0.856535456317522,39cee56f51793454ee2496d32c41737e7be08bb87f94d304fb61b86f05c35bfd,not fixed; not saved,117.69807648658752,PASS,2026-09-03T10:15:27
dnn_oof_v1_fixed_5fold_10run_73configs,ion_channel,Ion Channel,29,MSCMF__ADASYN__50_50,ADASYN,MSCMF,ADASYN,50_50,50/50,2,5,42840,41364,1476,0.9889122315592904,0.8777358490566037,0.787940379403794,0.8304177079614423,0.9678489998503601,0.8509331121011529,39cee56f51793454ee2496d32c41737e7be08bb87f94d304fb61b86f05c35bfd,not fixed; not saved,119.68422245979309,PASS,2026-09-03T10:18:14
dnn_oof_v1_fixed_5fold_10run_73configs,ion_channel,Ion Channel,29,MSCMF__ADASYN__50_50,ADASYN,MSCMF,ADASYN,50_50,50/50,3,5,42840,41364,1476,0.990546218487395,0.9147947327652982,0.8001355013550135,0.8536320925189737,0.970361756580287,0.866400376713749,39cee56f51793454ee2496d32c41737e7be08bb87f94d304fb61b86f05c35bfd,not fixed; not saved,117.42620706558228,PASS,2026-09-03T10:20:59
dnn_oof_v1_fixed_5fold_10run_73configs,ion_channel,Ion Channel,29,MSCMF__ADASYN__50_50,ADASYN,MSCMF,ADASYN,50_50,50/50,4,5,42840,41364,1476,0.9902894491129786,0.9027355623100304,0.8048780487804879,0.8510028653295129,0.9706001304041664,0.8627901777677445,39cee56f51793454ee2496d32c41737e7be08bb87f94d304fb61b86f05c35bfd,not fixed; not saved,120.7060194015503,PASS,2026-09-03T10:23:48
dnn_oof_v1_fixed_5fold_10run_73configs,ion_channel,Ion Channel,29,MSCMF__ADASYN__50_50,ADASYN,MSCMF,ADASYN,50_50,50/50,5,5,42840,41364,1476,0.9887254901960785,0.8590021691973969,0.8048780487804879,0.8310598111227702,0.9650206088899687,0.8423332488602714,39cee56f51793454ee2496d32c41737e7be08bb87f94d304fb61b86f05c35bfd,not fixed; not saved,118.32085728645325,PASS,2026-09-03T10:26:35
dnn_oof_v1_fixed_5fold_10run_73configs,ion_channel,Ion Channel,29,MSCMF__ADASYN__50_50,ADASYN,MSCMF,ADASYN,50_50,50/50,6,5,42840,41364,1476,0.9899859943977591,0.9105882352941177,0.7865853658536586,0.8440567066521265,0.9631311030316086,0.853086391939537,39cee56f51793454ee2496d32c41737e7be08bb87f94d304fb61b86f05c35bfd,not fixed; not saved,116.28246641159058,PASS,2026-09-03T10:29:20
dnn_oof_v1_fixed_5fold_10run_73configs,ion_channel,Ion Channel,29,MSCMF__ADASYN__50_50,ADASYN,MSCMF,ADASYN,50_50,50/50,7,5,42840,41364,1476,0.9894957983193278,0.9020376175548589,0.7798102981029811,0.8364825581395349,0.9632766972131089,0.8428468069476878,39cee56f51793454ee2496d32c41737e7be08bb87f94d304fb61b86f05c35bfd,not fixed; not saved,120.53810143470764,PASS,2026-09-03T10:32:11
dnn_oof_v1_fixed_5fold_10run_73configs,ion_channel,Ion Channel,29,MSCMF__ADASYN__50_50,ADASYN,MSCMF,ADASYN,50_50,50/50,8,5,42840,41364,1476,0.9903361344537815,0.9129082426127527,0.7953929539295393,0.8501086169442433,0.9746215615925138,0.8672432351421289,39cee56f51793454ee2496d32c41737e7be08bb87f94d304fb61b86f05c35bfd,not fixed; not saved,118.34588694572449,PASS,2026-09-03T10:34:59
dnn_oof_v1_fixed_5fold_10run_73configs,ion_channel,Ion Channel,29,MSCMF__ADASYN__50_50,ADASYN,MSCMF,ADASYN,50_50,50/50,9,5,42840,41364,1476,0.9899159663865547,0.8978658536585366,0.7981029810298103,0.8450502152080345,0.9693729560470347,0.8598803529113822,39cee56f51793454ee2496d32c41737e7be08bb87f94d304fb61b86f05c35bfd,not fixed; not saved,116.82866048812866,PASS,2026-09-03T10:37:45
dnn_oof_v1_fixed_5fold_10run_73configs,ion_channel,Ion Channel,29,MSCMF__ADASYN__50_50,ADASYN,MSCMF,ADASYN,50_50,50/50,10,5,42840,41364,1476,0.9900560224089636,0.9107981220657277,0.7886178861788617,0.8453159041394336,0.9670722354827745,0.8606876266486161,39cee56f51793454ee2496d32c41737e7be08bb87f94d304fb61b86f05c35bfd,not fixed; not saved,118.55056118965149,PASS,2026-09-03T10:40:34
dnn_oof_v1_fixed_5fold_10run_73configs,ion_channel,Ion Channel,30,MSCMF__ADASYN__80_20,ADASYN,MSCMF,ADASYN,80_20,80/20,1,5,42840,41364,1476,0.9897992530345472,0.9213300892133008,0.7696476964769647,0.8386858619416759,0.9680640415883418,0.8618418507385305,39cee56f51793454ee2496d32c41737e7be08bb87f94d304fb61b86f05c35bfd,not fixed; not saved,79.33357357978821,PASS,2026-09-03T10:42:43
dnn_oof_v1_fixed_5fold_10run_73configs,ion_channel,Ion Channel,30,MSCMF__ADASYN__80_20,ADASYN,MSCMF,ADASYN,80_20,80/20,2,5,42840,41364,1476,0.9902427637721756,0.9165354330708662,0.7886178861788617,0.8477785870356883,0.9717546305141034,0.870719214163356,39cee56f51793454ee2496d32c41737e7be08bb87f94d304fb61b86f05c35bfd,not fixed; not saved,79.54955911636353,PASS,2026-09-03T10:44:54
dnn_oof_v1_fixed_5fold_10run_73configs,ion_channel,Ion Channel,30,MSCMF__ADASYN__80_20,ADASYN,MSCMF,ADASYN,80_20,80/20,3,5,42840,41364,1476,0.9899859943977591,0.9287469287469288,0.7682926829268293,0.8409343715239155,0.9674573336488611,0.8682877129332396,39cee56f51793454ee2496d32c41737e7be08bb87f94d304fb61b86f05c35bfd,not fixed; not saved,80.93854403495789,PASS,2026-09-03T10:47:05
dnn_oof_v1_fixed_5fold_10run_73configs,ion_channel,Ion Channel,30,MSCMF__ADASYN__80_20,ADASYN,MSCMF,ADASYN,80_20,80/20,4,5,42840,41364,1476,0.9896825396825397,0.9136,0.7737127371273713,0.8378576669112252,0.9717277032068262,0.8661480261211665,39cee56f51793454ee2496d32c41737e7be08bb87f94d304fb61b86f05c35bfd,not fixed; not saved,80.450998544693,PASS,2026-09-03T10:49:17
dnn_oof_v1_fixed_5fold_10run_73configs,ion_channel,Ion Channel,30,MSCMF__ADASYN__80_20,ADASYN,MSCMF,ADASYN,80_20,80/20,5,5,42840,41364,1476,0.9898225957049487,0.9,0.7926829268292683,0.8429394812680115,0.9704527754650432,0.8701859318059891,39cee56f51793454ee2496d32c41737e7be08bb87f94d304fb61b86f05c35bfd,not fixed; not saved,79.83386754989624,PASS,2026-09-03T10:51:28
dnn_oof_v1_fixed_5fold_10run_73configs,ion_channel,Ion Channel,30,MSCMF__ADASYN__80_20,ADASYN,MSCMF,ADASYN,80_20,80/20,6,5,42840,41364,1476,0.9890522875816994,0.8980237154150198,0.7696476964769647,0.8288945640277271,0.9704426777248143,0.8577015897330442,39cee56f51793454ee2496d32c41737e7be08bb87f94d304fb61b86f05c35bfd,not fixed; not saved,80.53856492042542,PASS,2026-09-03T10:53:40
dnn_oof_v1_fixed_5fold_10run_73configs,ion_channel,Ion Channel,30,MSCMF__ADASYN__80_20,ADASYN,MSCMF,ADASYN,80_20,80/20,7,5,42840,41364,1476,0.990406162464986,0.920284135753749,0.7899728997289973,0.8501640539555232,0.9753186250615529,0.8692454210846313,39cee56f51793454ee2496d32c41737e7be08bb87f94d304fb61b86f05c35bfd,not fixed; not saved,80.83651876449585,PASS,2026-09-03T10:55:54
dnn_oof_v1_fixed_5fold_10run_73configs,ion_channel,Ion Channel,30,MSCMF__ADASYN__80_20,ADASYN,MSCMF,ADASYN,80_20,80/20,8,5,42840,41364,1476,0.9901960784313726,0.9230769230769231,0.7804878048780488,0.8458149779735683,0.9715552554241818,0.8708365910926474,39cee56f51793454ee2496d32c41737e7be08bb87f94d304fb61b86f05c35bfd,not fixed; not saved,79.06469893455505,PASS,2026-09-03T10:58:06
dnn_oof_v1_fixed_5fold_10run_73configs,ion_channel,Ion Channel,30,MSCMF__ADASYN__80_20,ADASYN,MSCMF,ADASYN,80_20,80/20,9,5,42840,41364,1476,0.9895658263305322,0.9193154034229829,0.7642276422764228,0.8346281908990011,0.9694816480245839,0.8676068572795762,39cee56f51793454ee2496d32c41737e7be08bb87f94d304fb61b86f05c35bfd,not fixed; not saved,80.49765038490295,PASS,2026-09-03T11:00:19
dnn_oof_v1_fixed_5fold_10run_73configs,ion_channel,Ion Channel,30,MSCMF__ADASYN__80_20,ADASYN,MSCMF,ADASYN,80_20,80/20,10,5,42840,41364,1476,0.9897759103641457,0.9219512195121952,0.7682926829268293,0.8381374722838137,0.9716860592416485,0.8673147307887626,39cee56f51793454ee2496d32c41737e7be08bb87f94d304fb61b86f05c35bfd,not fixed; not saved,81.42142176628113,PASS,2026-09-03T11:02:35
dnn_oof_v1_fixed_5fold_10run_73configs,ion_channel,Ion Channel,31,MSCMF__ADASYN__85_15,ADASYN,MSCMF,ADASYN,85_15,85/15,1,5,42840,41364,1476,0.9897759103641457,0.9048361934477379,0.7859078590785907,0.8411892675852066,0.972564636347698,0.8642892932419168,39cee56f51793454ee2496d32c41737e7be08bb87f94d304fb61b86f05c35bfd,not fixed; not saved,76.26202535629272,PASS,2026-09-03T11:04:44
dnn_oof_v1_fixed_5fold_10run_73configs,ion_channel,Ion Channel,31,MSCMF__ADASYN__85_15,ADASYN,MSCMF,ADASYN,85_15,85/15,2,5,42840,41364,1476,0.9896591970121382,0.908300395256917,0.7784552845528455,0.8383801532287486,0.970510528315079,0.867180553343868,39cee56f51793454ee2496d32c41737e7be08bb87f94d304fb61b86f05c35bfd,not fixed; not saved,75.50575542449951,PASS,2026-09-03T11:06:54
dnn_oof_v1_fixed_5fold_10run_73configs,ion_channel,Ion Channel,31,MSCMF__ADASYN__85_15,ADASYN,MSCMF,ADASYN,85_15,85/15,3,5,42840,41364,1476,0.9902194211017741,0.9043611323641928,0.8008130081300813,0.8494430470715055,0.9662775605248557,0.8628267011292402,39cee56f51793454ee2496d32c41737e7be08bb87f94d304fb61b86f05c35bfd,not fixed; not saved,77.48228311538696,PASS,2026-09-03T11:09:06
dnn_oof_v1_fixed_5fold_10run_73configs,ion_channel,Ion Channel,31,MSCMF__ADASYN__85_15,ADASYN,MSCMF,ADASYN,85_15,85/15,4,5,42840,41364,1476,0.9902894491129786,0.9166666666666666,0.7899728997289973,0.8486171761280932,0.9729028246548784,0.8777968459043418,39cee56f51793454ee2496d32c41737e7be08bb87f94d304fb61b86f05c35bfd,not fixed; not saved,79.57602763175964,PASS,2026-09-03T11:11:22
dnn_oof_v1_fixed_5fold_10run_73configs,ion_channel,Ion Channel,31,MSCMF__ADASYN__85_15,ADASYN,MSCMF,ADASYN,85_15,85/15,5,5,42840,41364,1476,0.9888655462184874,0.9077551020408163,0.7533875338753387,0.8233987412069604,0.9734444418892984,0.8568102587264285,39cee56f51793454ee2496d32c41737e7be08bb87f94d304fb61b86f05c35bfd,not fixed; not saved,76.67191743850708,PASS,2026-09-03T11:13:35
dnn_oof_v1_fixed_5fold_10run_73configs,ion_channel,Ion Channel,31,MSCMF__ADASYN__85_15,ADASYN,MSCMF,ADASYN,85_15,85/15,6,5,42840,41364,1476,0.9900093370681606,0.9158730158730158,0.7818428184281843,0.8435672514619883,0.969279996234108,0.868146919148558,39cee56f51793454ee2496d32c41737e7be08bb87f94d304fb61b86f05c35bfd,not fixed; not saved,78.22442150115967,PASS,2026-09-03T11:15:49
dnn_oof_v1_fixed_5fold_10run_73configs,ion_channel,Ion Channel,31,MSCMF__ADASYN__85_15,ADASYN,MSCMF,ADASYN,85_15,85/15,7,5,42840,41364,1476,0.990499533146592,0.9211977935382191,0.7920054200542005,0.8517304189435337,0.9673513196608129,0.871689516061881,39cee56f51793454ee2496d32c41737e7be08bb87f94d304fb61b86f05c35bfd,not fixed; not saved,77.35330033302307,PASS,2026-09-03T11:18:02
dnn_oof_v1_fixed_5fold_10run_73configs,ion_channel,Ion Channel,31,MSCMF__ADASYN__85_15,ADASYN,MSCMF,ADASYN,85_15,85/15,8,5,42840,41364,1476,0.9901727357609711,0.9236947791164659,0.7791327913279132,0.8452774715178243,0.9722693941473792,0.872213203295073,39cee56f51793454ee2496d32c41737e7be08bb87f94d304fb61b86f05c35bfd,not fixed; not saved,74.30299925804138,PASS,2026-09-03T11:20:12
dnn_oof_v1_fixed_5fold_10run_73configs,ion_channel,Ion Channel,31,MSCMF__ADASYN__85_15,ADASYN,MSCMF,ADASYN,85_15,85/15,9,5,42840,41364,1476,0.9903828197945845,0.9235668789808917,0.7859078590785907,0.849194729136164,0.9736978026268998,0.8793012805320068,39cee56f51793454ee2496d32c41737e7be08bb87f94d304fb61b86f05c35bfd,not fixed; not saved,76.8694920539856,PASS,2026-09-03T11:22:26
dnn_oof_v1_fixed_5fold_10run_73configs,ion_channel,Ion Channel,31,MSCMF__ADASYN__85_15,ADASYN,MSCMF,ADASYN,85_15,85/15,10,5,42840,41364,1476,0.9896591970121382,0.924404272801972,0.7621951219512195,0.8354994430003714,0.9646871213961632,0.8544837444532586,39cee56f51793454ee2496d32c41737e7be08bb87f94d304fb61b86f05c35bfd,not fixed; not saved,76.88027429580688,PASS,2026-09-03T11:24:39
dnn_oof_v1_fixed_5fold_10run_73configs,ion_channel,Ion Channel,32,MSCMF__ADASYN__90_10,ADASYN,MSCMF,ADASYN,90_10,90/10,1,5,42840,41364,1476,0.9896125116713352,0.8902346707040121,0.7967479674796748,0.8409009653199857,0.9707171347956107,0.8553879436131225,39cee56f51793454ee2496d32c41737e7be08bb87f94d304fb61b86f05c35bfd,not fixed; not saved,72.09785962104797,PASS,2026-09-03T11:26:49
dnn_oof_v1_fixed_5fold_10run_73configs,ion_channel,Ion Channel,32,MSCMF__ADASYN__90_10,ADASYN,MSCMF,ADASYN,90_10,90/10,2,5,42840,41364,1476,0.9900560224089636,0.9095163806552262,0.7899728997289973,0.845540246555475,0.973045298610079,0.8733014341547396,39cee56f51793454ee2496d32c41737e7be08bb87f94d304fb61b86f05c35bfd,not fixed; not saved,73.88051724433899,PASS,2026-09-03T11:29:00
dnn_oof_v1_fixed_5fold_10run_73configs,ion_channel,Ion Channel,32,MSCMF__ADASYN__90_10,ADASYN,MSCMF,ADASYN,90_10,90/10,3,5,42840,41364,1476,0.9900793650793651,0.9193934557063048,0.7804878048780488,0.844265298644192,0.9716584849583145,0.8798480805722481,39cee56f51793454ee2496d32c41737e7be08bb87f94d304fb61b86f05c35bfd,not fixed; not saved,72.08289885520935,PASS,2026-09-03T11:31:10
dnn_oof_v1_fixed_5fold_10run_73configs,ion_channel,Ion Channel,32,MSCMF__ADASYN__90_10,ADASYN,MSCMF,ADASYN,90_10,90/10,4,5,42840,41364,1476,0.9899859943977591,0.9151467089611419,0.7818428184281843,0.8432590427475338,0.9737226743520216,0.8704718035973983,39cee56f51793454ee2496d32c41737e7be08bb87f94d304fb61b86f05c35bfd,not fixed; not saved,73.98597359657288,PASS,2026-09-03T11:33:22
dnn_oof_v1_fixed_5fold_10run_73configs,ion_channel,Ion Channel,32,MSCMF__ADASYN__90_10,ADASYN,MSCMF,ADASYN,90_10,90/10,5,5,42840,41364,1476,0.9897058823529412,0.9002320185614849,0.7886178861788617,0.8407367280606717,0.972532795298217,0.8639947308325517,39cee56f51793454ee2496d32c41737e7be08bb87f94d304fb61b86f05c35bfd,not fixed; not saved,75.4353015422821,PASS,2026-09-03T11:35:35
dnn_oof_v1_fixed_5fold_10run_73configs,ion_channel,Ion Channel,32,MSCMF__ADASYN__90_10,ADASYN,MSCMF,ADASYN,90_10,90/10,6,5,42840,41364,1476,0.9903828197945845,0.928341384863124,0.7811653116531165,0.8484179543782193,0.9744676140492669,0.879936273231777,39cee56f51793454ee2496d32c41737e7be08bb87f94d304fb61b86f05c35bfd,not fixed; not saved,71.58896970748901,PASS,2026-09-03T11:37:45
dnn_oof_v1_fixed_5fold_10run_73configs,ion_channel,Ion Channel,32,MSCMF__ADASYN__90_10,ADASYN,MSCMF,ADASYN,90_10,90/10,7,5,42840,41364,1476,0.9896825396825397,0.8989197530864198,0.7892953929539296,0.8405483405483406,0.9656552596434484,0.8654975104756719,39cee56f51793454ee2496d32c41737e7be08bb87f94d304fb61b86f05c35bfd,not fixed; not saved,72.69845414161682,PASS,2026-09-03T11:39:57
dnn_oof_v1_fixed_5fold_10run_73configs,ion_channel,Ion Channel,32,MSCMF__ADASYN__90_10,ADASYN,MSCMF,ADASYN,90_10,90/10,8,5,42840,41364,1476,0.9899393090569562,0.9047250193648335,0.7913279132791328,0.8442356342609324,0.9709437402069117,0.8678795414217597,39cee56f51793454ee2496d32c41737e7be08bb87f94d304fb61b86f05c35bfd,not fixed; not saved,73.92048716545105,PASS,2026-09-03T11:42:10
dnn_oof_v1_fixed_5fold_10run_73configs,ion_channel,Ion Channel,32,MSCMF__ADASYN__90_10,ADASYN,MSCMF,ADASYN,90_10,90/10,9,5,42840,41364,1476,0.9897525676937442,0.899768696993061,0.790650406504065,0.8416877028489002,0.9705218954387107,0.8577738738905515,39cee56f51793454ee2496d32c41737e7be08bb87f94d304fb61b86f05c35bfd,not fixed; not saved,71.440509557724,PASS,2026-09-03T11:44:20
dnn_oof_v1_fixed_5fold_10run_73configs,ion_channel,Ion Channel,32,MSCMF__ADASYN__90_10,ADASYN,MSCMF,ADASYN,90_10,90/10,10,5,42840,41364,1476,0.9907563025210084,0.923861852433281,0.7974254742547425,0.856,0.9709247649724346,0.875063986648835,39cee56f51793454ee2496d32c41737e7be08bb87f94d304fb61b86f05c35bfd,not fixed; not saved,73.50826930999756,PASS,2026-09-03T11:46:33
dnn_oof_v1_fixed_5fold_10run_73configs,ion_channel,Ion Channel,33,MSCMF__LatentSampling__50_50,Latent Sampling,MSCMF,LatentSampling,50_50,50/50,1,5,42840,41364,1476,0.9894257703081233,0.8901601830663616,0.790650406504065,0.83745963401507,0.9615218606494159,0.8630893121790368,39cee56f51793454ee2496d32c41737e7be08bb87f94d304fb61b86f05c35bfd,not fixed; not saved,118.02908515930176,PASS,2026-09-03T11:49:32
dnn_oof_v1_fixed_5fold_10run_73configs,ion_channel,Ion Channel,33,MSCMF__LatentSampling__50_50,Latent Sampling,MSCMF,LatentSampling,50_50,50/50,2,5,42840,41364,1476,0.9890989729225024,0.8877786318216756,0.782520325203252,0.8318329132157004,0.957836807873204,0.8498650563862882,39cee56f51793454ee2496d32c41737e7be08bb87f94d304fb61b86f05c35bfd,not fixed; not saved,118.27447390556335,PASS,2026-09-03T11:52:30
dnn_oof_v1_fixed_5fold_10run_73configs,ion_channel,Ion Channel,33,MSCMF__LatentSampling__50_50,Latent Sampling,MSCMF,LatentSampling,50_50,50/50,3,5,42840,41364,1476,0.9892390289449113,0.8877005347593583,0.7872628726287263,0.8344703770197487,0.9553619360956688,0.8544279089802788,39cee56f51793454ee2496d32c41737e7be08bb87f94d304fb61b86f05c35bfd,not fixed; not saved,118.64947152137756,PASS,2026-09-03T11:55:30
dnn_oof_v1_fixed_5fold_10run_73configs,ion_channel,Ion Channel,33,MSCMF__LatentSampling__50_50,Latent Sampling,MSCMF,LatentSampling,50_50,50/50,4,5,42840,41364,1476,0.9892623716153128,0.8877862595419848,0.787940379403794,0.8348887293610912,0.9631585299026765,0.860282853580343,39cee56f51793454ee2496d32c41737e7be08bb87f94d304fb61b86f05c35bfd,not fixed; not saved,118.3057017326355,PASS,2026-09-03T11:58:29
dnn_oof_v1_fixed_5fold_10run_73configs,ion_channel,Ion Channel,33,MSCMF__LatentSampling__50_50,Latent Sampling,MSCMF,LatentSampling,50_50,50/50,5,5,42840,41364,1476,0.9898926237161532,0.9129057798891528,0.7811653116531165,0.841913106973348,0.9669478850467357,0.8691442735159619,39cee56f51793454ee2496d32c41737e7be08bb87f94d304fb61b86f05c35bfd,not fixed; not saved,116.65949416160583,PASS,2026-09-03T12:01:28
dnn_oof_v1_fixed_5fold_10run_73configs,ion_channel,Ion Channel,33,MSCMF__LatentSampling__50_50,Latent Sampling,MSCMF,LatentSampling,50_50,50/50,6,5,42840,41364,1476,0.9900560224089636,0.9153481012658228,0.7838753387533876,0.8445255474452554,0.9665024215576747,0.8695215388361206,39cee56f51793454ee2496d32c41737e7be08bb87f94d304fb61b86f05c35bfd,not fixed; not saved,117.75111651420593,PASS,2026-09-03T12:04:28
dnn_oof_v1_fixed_5fold_10run_73configs,ion_channel,Ion Channel,33,MSCMF__LatentSampling__50_50,Latent Sampling,MSCMF,LatentSampling,50_50,50/50,7,5,42840,41364,1476,0.9885387488328665,0.8640059127864006,0.7920054200542005,0.8264404383174266,0.9645866599368054,0.8599059681993739,39cee56f51793454ee2496d32c41737e7be08bb87f94d304fb61b86f05c35bfd,not fixed; not saved,116.81586074829102,PASS,2026-09-03T12:07:27
dnn_oof_v1_fixed_5fold_10run_73configs,ion_channel,Ion Channel,33,MSCMF__LatentSampling__50_50,Latent Sampling,MSCMF,LatentSampling,50_50,50/50,8,5,42840,41364,1476,0.9901027077497666,0.9128728414442701,0.787940379403794,0.8458181818181818,0.9644558069819166,0.8671533532005179,39cee56f51793454ee2496d32c41737e7be08bb87f94d304fb61b86f05c35bfd,not fixed; not saved,118.35527896881104,PASS,2026-09-03T12:10:28
dnn_oof_v1_fixed_5fold_10run_73configs,ion_channel,Ion Channel,33,MSCMF__LatentSampling__50_50,Latent Sampling,MSCMF,LatentSampling,50_50,50/50,9,5,42840,41364,1476,0.9890756302521009,0.8943661971830986,0.774390243902439,0.8300653594771242,0.9654659167771933,0.8623911841198397,39cee56f51793454ee2496d32c41737e7be08bb87f94d304fb61b86f05c35bfd,not fixed; not saved,119.48682904243469,PASS,2026-09-03T12:13:30
dnn_oof_v1_fixed_5fold_10run_73configs,ion_channel,Ion Channel,33,MSCMF__LatentSampling__50_50,Latent Sampling,MSCMF,LatentSampling,50_50,50/50,10,5,42840,41364,1476,0.9898926237161532,0.9135606661379857,0.7804878048780488,0.8417975886006577,0.9667112556013385,0.8682769516435817,39cee56f51793454ee2496d32c41737e7be08bb87f94d304fb61b86f05c35bfd,not fixed; not saved,118.35373973846436,PASS,2026-09-03T12:16:32
dnn_oof_v1_fixed_5fold_10run_73configs,ion_channel,Ion Channel,34,MSCMF__LatentSampling__80_20,Latent Sampling,MSCMF,LatentSampling,80_20,80/20,1,5,42840,41364,1476,0.9899626517273576,0.899236641221374,0.7981029810298103,0.8456568557071069,0.968098110200955,0.8714150456630626,39cee56f51793454ee2496d32c41737e7be08bb87f94d304fb61b86f05c35bfd,not fixed; not saved,79.07845854759216,PASS,2026-09-03T12:18:54
dnn_oof_v1_fixed_5fold_10run_73configs,ion_channel,Ion Channel,34,MSCMF__LatentSampling__80_20,Latent Sampling,MSCMF,LatentSampling,80_20,80/20,2,5,42840,41364,1476,0.9897525676937442,0.8961038961038961,0.7947154471544715,0.8423698384201077,0.9638663872254234,0.8672270583653633,39cee56f51793454ee2496d32c41737e7be08bb87f94d304fb61b86f05c35bfd,not fixed; not saved,80.89282059669495,PASS,2026-09-03T12:21:18
dnn_oof_v1_fixed_5fold_10run_73configs,ion_channel,Ion Channel,34,MSCMF__LatentSampling__80_20,Latent Sampling,MSCMF,LatentSampling,80_20,80/20,3,5,42840,41364,1476,0.9896125116713352,0.8980694980694981,0.787940379403794,0.839408155900397,0.9703319055963986,0.8696534203819889,39cee56f51793454ee2496d32c41737e7be08bb87f94d304fb61b86f05c35bfd,not fixed; not saved,79.39339852333069,PASS,2026-09-03T12:23:41
dnn_oof_v1_fixed_5fold_10run_73configs,ion_channel,Ion Channel,34,MSCMF__LatentSampling__80_20,Latent Sampling,MSCMF,LatentSampling,80_20,80/20,4,5,42840,41364,1476,0.9892156862745098,0.8876146788990825,0.7865853658536586,0.834051724137931,0.9592689999342213,0.8561260652024534,39cee56f51793454ee2496d32c41737e7be08bb87f94d304fb61b86f05c35bfd,not fixed; not saved,81.19775748252869,PASS,2026-09-03T12:26:07
dnn_oof_v1_fixed_5fold_10run_73configs,ion_channel,Ion Channel,34,MSCMF__LatentSampling__80_20,Latent Sampling,MSCMF,LatentSampling,80_20,80/20,5,5,42840,41364,1476,0.9896825396825397,0.8940548780487805,0.7947154471544715,0.8414634146341463,0.9667050724757319,0.8681784019251232,39cee56f51793454ee2496d32c41737e7be08bb87f94d304fb61b86f05c35bfd,not fixed; not saved,78.16510772705078,PASS,2026-09-03T12:28:30
dnn_oof_v1_fixed_5fold_10run_73configs,ion_channel,Ion Channel,34,MSCMF__LatentSampling__80_20,Latent Sampling,MSCMF,LatentSampling,80_20,80/20,6,5,42840,41364,1476,0.9898926237161532,0.9020817270624518,0.7926829268292683,0.8438514244500541,0.9641755271266087,0.8683406203292718,39cee56f51793454ee2496d32c41737e7be08bb87f94d304fb61b86f05c35bfd,not fixed; not saved,81.35853743553162,PASS,2026-09-03T12:30:58
dnn_oof_v1_fixed_5fold_10run_73configs,ion_channel,Ion Channel,34,MSCMF__LatentSampling__80_20,Latent Sampling,MSCMF,LatentSampling,80_20,80/20,7,5,42840,41364,1476,0.9898692810457517,0.9095911949685535,0.7838753387533876,0.8420669577874818,0.9650112236423591,0.8648857681463081,39cee56f51793454ee2496d32c41737e7be08bb87f94d304fb61b86f05c35bfd,not fixed; not saved,78.67007350921631,PASS,2026-09-03T12:33:21
dnn_oof_v1_fixed_5fold_10run_73configs,ion_channel,Ion Channel,34,MSCMF__LatentSampling__80_20,Latent Sampling,MSCMF,LatentSampling,80_20,80/20,8,5,42840,41364,1476,0.9898459383753502,0.9114624505928853,0.7811653116531165,0.8412987960598322,0.9675254626845177,0.872364418247801,39cee56f51793454ee2496d32c41737e7be08bb87f94d304fb61b86f05c35bfd,not fixed; not saved,80.8780426979065,PASS,2026-09-03T12:35:48
dnn_oof_v1_fixed_5fold_10run_73configs,ion_channel,Ion Channel,34,MSCMF__LatentSampling__80_20,Latent Sampling,MSCMF,LatentSampling,80_20,80/20,9,5,42840,41364,1476,0.9896125116713352,0.9049489395129615,0.7804878048780488,0.8381229538013824,0.9654428713262571,0.8679795230733953,39cee56f51793454ee2496d32c41737e7be08bb87f94d304fb61b86f05c35bfd,not fixed; not saved,78.59375548362732,PASS,2026-09-03T12:38:13
dnn_oof_v1_fixed_5fold_10run_73configs,ion_channel,Ion Channel,34,MSCMF__LatentSampling__80_20,Latent Sampling,MSCMF,LatentSampling,80_20,80/20,10,5,42840,41364,1476,0.9902427637721756,0.9001512859304085,0.8062330623306233,0.8506075768406004,0.9687483948442134,0.8683092250399685,39cee56f51793454ee2496d32c41737e7be08bb87f94d304fb61b86f05c35bfd,not fixed; not saved,81.68178009986877,PASS,2026-09-03T12:40:41
dnn_oof_v1_fixed_5fold_10run_73configs,ion_channel,Ion Channel,35,MSCMF__LatentSampling__85_15,Latent Sampling,MSCMF,LatentSampling,85_15,85/15,1,5,42840,41364,1476,0.9900560224089636,0.9032258064516129,0.7967479674796748,0.8466522678185745,0.967314319182018,0.8698566979996684,39cee56f51793454ee2496d32c41737e7be08bb87f94d304fb61b86f05c35bfd,not fixed; not saved,77.39423036575317,PASS,2026-09-03T12:43:07
dnn_oof_v1_fixed_5fold_10run_73configs,ion_channel,Ion Channel,35,MSCMF__LatentSampling__85_15,Latent Sampling,MSCMF,LatentSampling,85_15,85/15,2,5,42840,41364,1476,0.9894724556489263,0.9096722621902478,0.7710027100271003,0.8346167950128346,0.9651273108019253,0.8606228063442725,39cee56f51793454ee2496d32c41737e7be08bb87f94d304fb61b86f05c35bfd,not fixed; not saved,77.45563411712646,PASS,2026-09-03T12:45:32
dnn_oof_v1_fixed_5fold_10run_73configs,ion_channel,Ion Channel,35,MSCMF__LatentSampling__85_15,Latent Sampling,MSCMF,LatentSampling,85_15,85/15,3,5,42840,41364,1476,0.9902427637721756,0.9225239616613419,0.782520325203252,0.8467741935483871,0.964383452127965,0.867858246222577,39cee56f51793454ee2496d32c41737e7be08bb87f94d304fb61b86f05c35bfd,not fixed; not saved,77.5094358921051,PASS,2026-09-03T12:47:57
dnn_oof_v1_fixed_5fold_10run_73configs,ion_channel,Ion Channel,35,MSCMF__LatentSampling__85_15,Latent Sampling,MSCMF,LatentSampling,85_15,85/15,4,5,42840,41364,1476,0.9898692810457517,0.8958966565349544,0.7987804878048781,0.8445558739255015,0.9684325722536308,0.8692452249730817,39cee56f51793454ee2496d32c41737e7be08bb87f94d304fb61b86f05c35bfd,not fixed; not saved,77.72949171066284,PASS,2026-09-03T12:50:23
dnn_oof_v1_fixed_5fold_10run_73configs,ion_channel,Ion Channel,35,MSCMF__LatentSampling__85_15,Latent Sampling,MSCMF,LatentSampling,85_15,85/15,5,5,42840,41364,1476,0.9900560224089636,0.9120879120879121,0.7872628726287263,0.8450909090909091,0.9644277658930731,0.8670605921244212,39cee56f51793454ee2496d32c41737e7be08bb87f94d304fb61b86f05c35bfd,not fixed; not saved,77.35257506370544,PASS,2026-09-03T12:52:49
dnn_oof_v1_fixed_5fold_10run_73configs,ion_channel,Ion Channel,35,MSCMF__LatentSampling__85_15,Latent Sampling,MSCMF,LatentSampling,85_15,85/15,6,5,42840,41364,1476,0.9891456582633054,0.9073327961321515,0.7628726287262872,0.8288553551711446,0.9639855618530077,0.8620614226705685,39cee56f51793454ee2496d32c41737e7be08bb87f94d304fb61b86f05c35bfd,not fixed; not saved,77.4139232635498,PASS,2026-09-03T12:55:15
dnn_oof_v1_fixed_5fold_10run_73configs,ion_channel,Ion Channel,35,MSCMF__LatentSampling__85_15,Latent Sampling,MSCMF,LatentSampling,85_15,85/15,7,5,42840,41364,1476,0.9895891690009337,0.8872180451127819,0.7994579945799458,0.8410548823948681,0.9714222731810047,0.8724473113251652,39cee56f51793454ee2496d32c41737e7be08bb87f94d304fb61b86f05c35bfd,not fixed; not saved,78.14115571975708,PASS,2026-09-03T12:57:43
dnn_oof_v1_fixed_5fold_10run_73configs,ion_channel,Ion Channel,35,MSCMF__LatentSampling__85_15,Latent Sampling,MSCMF,LatentSampling,85_15,85/15,8,5,42840,41364,1476,0.9902194211017741,0.9158143194335169,0.7886178861788617,0.8474699672369858,0.967022107122725,0.8686150574279592,39cee56f51793454ee2496d32c41737e7be08bb87f94d304fb61b86f05c35bfd,not fixed; not saved,78.12202382087708,PASS,2026-09-03T13:00:10
dnn_oof_v1_fixed_5fold_10run_73configs,ion_channel,Ion Channel,35,MSCMF__LatentSampling__85_15,Latent Sampling,MSCMF,LatentSampling,85_15,85/15,9,5,42840,41364,1476,0.9890989729225024,0.8685171658144631,0.8055555555555556,0.8358523725834798,0.9716270206290691,0.8679175489320771,39cee56f51793454ee2496d32c41737e7be08bb87f94d304fb61b86f05c35bfd,not fixed; not saved,77.84066677093506,PASS,2026-09-03T13:02:37
dnn_oof_v1_fixed_5fold_10run_73configs,ion_channel,Ion Channel,35,MSCMF__LatentSampling__85_15,Latent Sampling,MSCMF,LatentSampling,85_15,85/15,10,5,42840,41364,1476,0.9899859943977591,0.8944988696307461,0.80420054200542,0.8469496967534784,0.9680490546746198,0.8727371083209102,39cee56f51793454ee2496d32c41737e7be08bb87f94d304fb61b86f05c35bfd,not fixed; not saved,77.16623163223267,PASS,2026-09-03T13:05:04
dnn_oof_v1_fixed_5fold_10run_73configs,ion_channel,Ion Channel,36,MSCMF__LatentSampling__90_10,Latent Sampling,MSCMF,LatentSampling,90_10,90/10,1,5,42840,41364,1476,0.9895191409897293,0.9008587041373927,0.7818428184281843,0.8371418208197315,0.9619472842598554,0.862821416688867,39cee56f51793454ee2496d32c41737e7be08bb87f94d304fb61b86f05c35bfd,not fixed; not saved,74.07434892654419,PASS,2026-09-03T13:07:29
dnn_oof_v1_fixed_5fold_10run_73configs,ion_channel,Ion Channel,36,MSCMF__LatentSampling__90_10,Latent Sampling,MSCMF,LatentSampling,90_10,90/10,2,5,42840,41364,1476,0.9900560224089636,0.9044684129429892,0.7953929539295393,0.8464311463590483,0.9659352610533648,0.8705880813112673,39cee56f51793454ee2496d32c41737e7be08bb87f94d304fb61b86f05c35bfd,not fixed; not saved,75.22915601730347,PASS,2026-09-03T13:09:54
dnn_oof_v1_fixed_5fold_10run_73configs,ion_channel,Ion Channel,36,MSCMF__LatentSampling__90_10,Latent Sampling,MSCMF,LatentSampling,90_10,90/10,3,5,42840,41364,1476,0.9898225957049487,0.9024767801857585,0.7899728997289973,0.8424855491329479,0.9693761172211858,0.8726960304858,39cee56f51793454ee2496d32c41737e7be08bb87f94d304fb61b86f05c35bfd,not fixed; not saved,74.76789951324463,PASS,2026-09-03T13:12:19
dnn_oof_v1_fixed_5fold_10run_73configs,ion_channel,Ion Channel,36,MSCMF__LatentSampling__90_10,Latent Sampling,MSCMF,LatentSampling,90_10,90/10,4,5,42840,41364,1476,0.9899393090569562,0.9203539823008849,0.7750677506775068,0.8414858403824935,0.9636174734245168,0.8674719693273713,39cee56f51793454ee2496d32c41737e7be08bb87f94d304fb61b86f05c35bfd,not fixed; not saved,74.93987321853638,PASS,2026-09-03T13:14:45
dnn_oof_v1_fixed_5fold_10run_73configs,ion_channel,Ion Channel,36,MSCMF__LatentSampling__90_10,Latent Sampling,MSCMF,LatentSampling,90_10,90/10,5,5,42840,41364,1476,0.9898926237161532,0.8848708487084871,0.8123306233062331,0.8470505121865065,0.9684196818699161,0.8729180079425972,39cee56f51793454ee2496d32c41737e7be08bb87f94d304fb61b86f05c35bfd,not fixed; not saved,74.98588681221008,PASS,2026-09-03T13:17:11
dnn_oof_v1_fixed_5fold_10run_73configs,ion_channel,Ion Channel,36,MSCMF__LatentSampling__90_10,Latent Sampling,MSCMF,LatentSampling,90_10,90/10,6,5,42840,41364,1476,0.9892857142857143,0.900709219858156,0.774390243902439,0.8327868852459016,0.9710213691441623,0.8690376241357406,39cee56f51793454ee2496d32c41737e7be08bb87f94d304fb61b86f05c35bfd,not fixed; not saved,74.42916321754456,PASS,2026-09-03T13:19:37
dnn_oof_v1_fixed_5fold_10run_73configs,ion_channel,Ion Channel,36,MSCMF__LatentSampling__90_10,Latent Sampling,MSCMF,LatentSampling,90_10,90/10,7,5,42840,41364,1476,0.9902661064425771,0.9120622568093385,0.7940379403794038,0.8489677653024267,0.9693062929444689,0.8723097536023237,39cee56f51793454ee2496d32c41737e7be08bb87f94d304fb61b86f05c35bfd,not fixed; not saved,74.16114234924316,PASS,2026-09-03T13:22:03
dnn_oof_v1_fixed_5fold_10run_73configs,ion_channel,Ion Channel,36,MSCMF__LatentSampling__90_10,Latent Sampling,MSCMF,LatentSampling,90_10,90/10,8,5,42840,41364,1476,0.9886321195144725,0.9010543390105434,0.752710027100271,0.8202288667404947,0.9646577044595027,0.8539355568678632,39cee56f51793454ee2496d32c41737e7be08bb87f94d304fb61b86f05c35bfd,not fixed; not saved,74.4298357963562,PASS,2026-09-03T13:24:30
dnn_oof_v1_fixed_5fold_10run_73configs,ion_channel,Ion Channel,36,MSCMF__LatentSampling__90_10,Latent Sampling,MSCMF,LatentSampling,90_10,90/10,9,5,42840,41364,1476,0.9895424836601308,0.8835820895522388,0.8021680216802168,0.8409090909090909,0.9672606365484406,0.8680248849296249,39cee56f51793454ee2496d32c41737e7be08bb87f94d304fb61b86f05c35bfd,not fixed; not saved,74.06488943099976,PASS,2026-09-03T13:26:58
dnn_oof_v1_fixed_5fold_10run_73configs,ion_channel,Ion Channel,36,MSCMF__LatentSampling__90_10,Latent Sampling,MSCMF,LatentSampling,90_10,90/10,10,5,42840,41364,1476,0.9894957983193278,0.8892261001517451,0.7940379403794038,0.8389405869720831,0.9692569507831719,0.8695988694281817,39cee56f51793454ee2496d32c41737e7be08bb87f94d304fb61b86f05c35bfd,not fixed; not saved,73.45822644233704,PASS,2026-09-03T13:29:24
dnn_oof_v1_fixed_5fold_10run_73configs,ion_channel,Ion Channel,37,MSCMF__NoiseInjection__50_50,Noise Injection,MSCMF,NoiseInjection,50_50,50/50,1,5,42840,41364,1476,0.9904295051353875,0.9131782945736434,0.7981029810298103,0.8517715112075199,0.9730499502860321,0.876639554023278,39cee56f51793454ee2496d32c41737e7be08bb87f94d304fb61b86f05c35bfd,not fixed; not saved,120.49376273155212,PASS,2026-09-03T13:32:39
dnn_oof_v1_fixed_5fold_10run_73configs,ion_channel,Ion Channel,37,MSCMF__NoiseInjection__50_50,Noise Injection,MSCMF,NoiseInjection,50_50,50/50,2,5,42840,41364,1476,0.9905228758169935,0.9016516516516516,0.8136856368563685,0.8554131054131054,0.9715266574445552,0.8739980946638225,39cee56f51793454ee2496d32c41737e7be08bb87f94d304fb61b86f05c35bfd,not fixed; not saved,120.65386724472046,PASS,2026-09-03T13:35:53
dnn_oof_v1_fixed_5fold_10run_73configs,ion_channel,Ion Channel,37,MSCMF__NoiseInjection__50_50,Noise Injection,MSCMF,NoiseInjection,50_50,50/50,3,5,42840,41364,1476,0.9897292250233427,0.8753623188405797,0.8184281842818428,0.84593837535014,0.9695653618125969,0.8722828840771053,39cee56f51793454ee2496d32c41737e7be08bb87f94d304fb61b86f05c35bfd,not fixed; not saved,118.35795545578003,PASS,2026-09-03T13:39:06
dnn_oof_v1_fixed_5fold_10run_73configs,ion_channel,Ion Channel,37,MSCMF__NoiseInjection__50_50,Noise Injection,MSCMF,NoiseInjection,50_50,50/50,4,5,42840,41364,1476,0.9891456582633054,0.860813704496788,0.8170731707317073,0.8383733055265902,0.9689410872447377,0.8587090810846172,39cee56f51793454ee2496d32c41737e7be08bb87f94d304fb61b86f05c35bfd,not fixed; not saved,120.43314385414124,PASS,2026-09-03T13:42:21
dnn_oof_v1_fixed_5fold_10run_73configs,ion_channel,Ion Channel,37,MSCMF__NoiseInjection__50_50,Noise Injection,MSCMF,NoiseInjection,50_50,50/50,5,5,42840,41364,1476,0.9897759103641457,0.8777292576419214,0.8170731707317073,0.8463157894736842,0.9707308932737813,0.86950239754223,39cee56f51793454ee2496d32c41737e7be08bb87f94d304fb61b86f05c35bfd,not fixed; not saved,121.41909623146057,PASS,2026-09-03T13:45:39
dnn_oof_v1_fixed_5fold_10run_73configs,ion_channel,Ion Channel,37,MSCMF__NoiseInjection__50_50,Noise Injection,MSCMF,NoiseInjection,50_50,50/50,6,5,42840,41364,1476,0.9890756302521009,0.8594864479315264,0.8163956639566395,0.8373870743571925,0.9743271465387994,0.8735991737790777,39cee56f51793454ee2496d32c41737e7be08bb87f94d304fb61b86f05c35bfd,not fixed; not saved,119.97888588905334,PASS,2026-09-03T13:48:53
dnn_oof_v1_fixed_5fold_10run_73configs,ion_channel,Ion Channel,37,MSCMF__NoiseInjection__50_50,Noise Injection,MSCMF,NoiseInjection,50_50,50/50,7,5,42840,41364,1476,0.9891690009337069,0.8640287769784173,0.8136856368563685,0.8381018841591068,0.9733560272879104,0.8668218336261594,39cee56f51793454ee2496d32c41737e7be08bb87f94d304fb61b86f05c35bfd,not fixed; not saved,119.88124203681946,PASS,2026-09-03T13:52:09
dnn_oof_v1_fixed_5fold_10run_73configs,ion_channel,Ion Channel,37,MSCMF__NoiseInjection__50_50,Noise Injection,MSCMF,NoiseInjection,50_50,50/50,8,5,42840,41364,1476,0.9902427637721756,0.8977443609022556,0.8089430894308943,0.8510334996436208,0.9743715995266036,0.8781672718531727,39cee56f51793454ee2496d32c41737e7be08bb87f94d304fb61b86f05c35bfd,not fixed; not saved,119.90186071395874,PASS,2026-09-03T13:55:26
dnn_oof_v1_fixed_5fold_10run_73configs,ion_channel,Ion Channel,37,MSCMF__NoiseInjection__50_50,Noise Injection,MSCMF,NoiseInjection,50_50,50/50,9,5,42840,41364,1476,0.9891923436041083,0.8672951414068165,0.8102981029810298,0.8378283712784589,0.973556467021976,0.8687525424651771,39cee56f51793454ee2496d32c41737e7be08bb87f94d304fb61b86f05c35bfd,not fixed; not saved,120.62696313858032,PASS,2026-09-03T13:58:42
dnn_oof_v1_fixed_5fold_10run_73configs,ion_channel,Ion Channel,37,MSCMF__NoiseInjection__50_50,Noise Injection,MSCMF,NoiseInjection,50_50,50/50,10,5,42840,41364,1476,0.990499533146592,0.9021820917983446,0.8123306233062331,0.8549019607843137,0.9696479126816219,0.8815383144657299,39cee56f51793454ee2496d32c41737e7be08bb87f94d304fb61b86f05c35bfd,not fixed; not saved,119.44226551055908,PASS,2026-09-03T14:01:59
dnn_oof_v1_fixed_5fold_10run_73configs,ion_channel,Ion Channel,38,MSCMF__NoiseInjection__80_20,Noise Injection,MSCMF,NoiseInjection,80_20,80/20,1,5,42840,41364,1476,0.9898692810457517,0.8929110105580694,0.8021680216802168,0.8451106352605282,0.9689503414592217,0.8715885882786931,39cee56f51793454ee2496d32c41737e7be08bb87f94d304fb61b86f05c35bfd,not fixed; not saved,81.54722738265991,PASS,2026-09-03T14:04:38
dnn_oof_v1_fixed_5fold_10run_73configs,ion_channel,Ion Channel,38,MSCMF__NoiseInjection__80_20,Noise Injection,MSCMF,NoiseInjection,80_20,80/20,2,5,42840,41364,1476,0.9904295051353875,0.9157566302652106,0.7953929539295393,0.851341551849166,0.9734416410562423,0.8797985575774775,39cee56f51793454ee2496d32c41737e7be08bb87f94d304fb61b86f05c35bfd,not fixed; not saved,81.29452872276306,PASS,2026-09-03T14:07:16
dnn_oof_v1_fixed_5fold_10run_73configs,ion_channel,Ion Channel,38,MSCMF__NoiseInjection__80_20,Noise Injection,MSCMF,NoiseInjection,80_20,80/20,3,5,42840,41364,1476,0.9906629318394025,0.9020926756352765,0.8177506775067751,0.8578535891968728,0.9749520271348638,0.8782650198422564,39cee56f51793454ee2496d32c41737e7be08bb87f94d304fb61b86f05c35bfd,not fixed; not saved,81.83724045753479,PASS,2026-09-03T14:09:55
dnn_oof_v1_fixed_5fold_10run_73configs,ion_channel,Ion Channel,38,MSCMF__NoiseInjection__80_20,Noise Injection,MSCMF,NoiseInjection,80_20,80/20,4,5,42840,41364,1476,0.9900326797385621,0.901300688599847,0.7981029810298103,0.8465684513115344,0.9695417021438854,0.8725608267552537,39cee56f51793454ee2496d32c41737e7be08bb87f94d304fb61b86f05c35bfd,not fixed; not saved,81.27121424674988,PASS,2026-09-03T14:12:35
dnn_oof_v1_fixed_5fold_10run_73configs,ion_channel,Ion Channel,38,MSCMF__NoiseInjection__80_20,Noise Injection,MSCMF,NoiseInjection,80_20,80/20,5,5,42840,41364,1476,0.9905695611577965,0.9135802469135802,0.8021680216802168,0.8542568542568543,0.9703741637793517,0.8800633587595943,39cee56f51793454ee2496d32c41737e7be08bb87f94d304fb61b86f05c35bfd,not fixed; not saved,81.25210404396057,PASS,2026-09-03T14:15:15
dnn_oof_v1_fixed_5fold_10run_73configs,ion_channel,Ion Channel,38,MSCMF__NoiseInjection__80_20,Noise Injection,MSCMF,NoiseInjection,80_20,80/20,6,5,42840,41364,1476,0.9905228758169935,0.9192789968652038,0.7947154471544715,0.8524709302325582,0.9731656279670814,0.8751421096262495,39cee56f51793454ee2496d32c41737e7be08bb87f94d304fb61b86f05c35bfd,not fixed; not saved,82.57233452796936,PASS,2026-09-03T14:17:56
dnn_oof_v1_fixed_5fold_10run_73configs,ion_channel,Ion Channel,38,MSCMF__NoiseInjection__80_20,Noise Injection,MSCMF,NoiseInjection,80_20,80/20,7,5,42840,41364,1476,0.990592903828198,0.9092295957284515,0.8075880758807588,0.855400071761751,0.9714587167690166,0.8752294477056478,39cee56f51793454ee2496d32c41737e7be08bb87f94d304fb61b86f05c35bfd,not fixed; not saved,79.55221176147461,PASS,2026-09-03T14:20:34
dnn_oof_v1_fixed_5fold_10run_73configs,ion_channel,Ion Channel,38,MSCMF__NoiseInjection__80_20,Noise Injection,MSCMF,NoiseInjection,80_20,80/20,8,5,42840,41364,1476,0.9901960784313726,0.8905325443786982,0.8157181571815718,0.8514851485148515,0.9669225465161043,0.8684837629648301,39cee56f51793454ee2496d32c41737e7be08bb87f94d304fb61b86f05c35bfd,not fixed; not saved,81.71712565422058,PASS,2026-09-03T14:23:15
dnn_oof_v1_fixed_5fold_10run_73configs,ion_channel,Ion Channel,38,MSCMF__NoiseInjection__80_20,Noise Injection,MSCMF,NoiseInjection,80_20,80/20,9,5,42840,41364,1476,0.9897058823529412,0.8841870824053452,0.806910569105691,0.8437832093517534,0.9721570332423177,0.879434268137139,39cee56f51793454ee2496d32c41737e7be08bb87f94d304fb61b86f05c35bfd,not fixed; not saved,81.96836423873901,PASS,2026-09-03T14:25:57
dnn_oof_v1_fixed_5fold_10run_73configs,ion_channel,Ion Channel,38,MSCMF__NoiseInjection__80_20,Noise Injection,MSCMF,NoiseInjection,80_20,80/20,10,5,42840,41364,1476,0.9906162464985995,0.9055891238670695,0.8123306233062331,0.8564285714285714,0.9749223972693745,0.8784839547169669,39cee56f51793454ee2496d32c41737e7be08bb87f94d304fb61b86f05c35bfd,not fixed; not saved,81.55086040496826,PASS,2026-09-03T14:28:38
dnn_oof_v1_fixed_5fold_10run_73configs,ion_channel,Ion Channel,39,MSCMF__NoiseInjection__85_15,Noise Injection,MSCMF,NoiseInjection,85_15,85/15,1,5,42840,41364,1476,0.9904761904761905,0.9158878504672897,0.7967479674796748,0.8521739130434782,0.975233084999354,0.8807762464872578,39cee56f51793454ee2496d32c41737e7be08bb87f94d304fb61b86f05c35bfd,not fixed; not saved,78.65946578979492,PASS,2026-09-03T14:31:18
dnn_oof_v1_fixed_5fold_10run_73configs,ion_channel,Ion Channel,39,MSCMF__NoiseInjection__85_15,Noise Injection,MSCMF,NoiseInjection,85_15,85/15,2,5,42840,41364,1476,0.9904761904761905,0.9178403755868545,0.7947154471544715,0.8518518518518519,0.9727143498830791,0.8780584098197798,39cee56f51793454ee2496d32c41737e7be08bb87f94d304fb61b86f05c35bfd,not fixed; not saved,78.47503614425659,PASS,2026-09-03T14:33:56
dnn_oof_v1_fixed_5fold_10run_73configs,ion_channel,Ion Channel,39,MSCMF__NoiseInjection__85_15,Noise Injection,MSCMF,NoiseInjection,85_15,85/15,3,5,42840,41364,1476,0.9893323996265173,0.8765705838876571,0.8035230352303523,0.8384588193708024,0.972710369751894,0.8704190799997503,39cee56f51793454ee2496d32c41737e7be08bb87f94d304fb61b86f05c35bfd,not fixed; not saved,77.4542760848999,PASS,2026-09-03T14:36:35
dnn_oof_v1_fixed_5fold_10run_73configs,ion_channel,Ion Channel,39,MSCMF__NoiseInjection__85_15,Noise Injection,MSCMF,NoiseInjection,85_15,85/15,4,5,42840,41364,1476,0.9900793650793651,0.8895478131949592,0.8130081300813008,0.8495575221238938,0.970069855724667,0.8735225818265039,39cee56f51793454ee2496d32c41737e7be08bb87f94d304fb61b86f05c35bfd,not fixed; not saved,78.23465824127197,PASS,2026-09-03T14:39:14
dnn_oof_v1_fixed_5fold_10run_73configs,ion_channel,Ion Channel,39,MSCMF__NoiseInjection__85_15,Noise Injection,MSCMF,NoiseInjection,85_15,85/15,5,5,42840,41364,1476,0.9899859943977591,0.9080280592361653,0.7892953929539296,0.844508880028996,0.9745895813203369,0.8754272846893387,39cee56f51793454ee2496d32c41737e7be08bb87f94d304fb61b86f05c35bfd,not fixed; not saved,76.6302649974823,PASS,2026-09-03T14:41:52
dnn_oof_v1_fixed_5fold_10run_73configs,ion_channel,Ion Channel,39,MSCMF__NoiseInjection__85_15,Noise Injection,MSCMF,NoiseInjection,85_15,85/15,6,5,42840,41364,1476,0.9902194211017741,0.9074787972243639,0.7974254742547425,0.8489001081860801,0.9712620114790259,0.8698847842877796,39cee56f51793454ee2496d32c41737e7be08bb87f94d304fb61b86f05c35bfd,not fixed; not saved,76.57499194145203,PASS,2026-09-03T14:44:30
dnn_oof_v1_fixed_5fold_10run_73configs,ion_channel,Ion Channel,39,MSCMF__NoiseInjection__85_15,Noise Injection,MSCMF,NoiseInjection,85_15,85/15,7,5,42840,41364,1476,0.9899159663865547,0.8948562783661119,0.801490514905149,0.8456040028591851,0.9684502535359943,0.8664168701324517,39cee56f51793454ee2496d32c41737e7be08bb87f94d304fb61b86f05c35bfd,not fixed; not saved,76.2190272808075,PASS,2026-09-03T14:47:08
dnn_oof_v1_fixed_5fold_10run_73configs,ion_channel,Ion Channel,39,MSCMF__NoiseInjection__85_15,Noise Injection,MSCMF,NoiseInjection,85_15,85/15,8,5,42840,41364,1476,0.9896125116713352,0.8920152091254753,0.7947154471544715,0.8405589394482265,0.9655224248125375,0.8608316205083162,39cee56f51793454ee2496d32c41737e7be08bb87f94d304fb61b86f05c35bfd,not fixed; not saved,76.38865041732788,PASS,2026-09-03T14:49:47
dnn_oof_v1_fixed_5fold_10run_73configs,ion_channel,Ion Channel,39,MSCMF__NoiseInjection__85_15,Noise Injection,MSCMF,NoiseInjection,85_15,85/15,9,5,42840,41364,1476,0.9894724556489263,0.89272030651341,0.7892953929539296,0.8378281193815175,0.9704508181577319,0.8658966602944819,39cee56f51793454ee2496d32c41737e7be08bb87f94d304fb61b86f05c35bfd,not fixed; not saved,76.64081835746765,PASS,2026-09-03T14:52:26
dnn_oof_v1_fixed_5fold_10run_73configs,ion_channel,Ion Channel,39,MSCMF__NoiseInjection__85_15,Noise Injection,MSCMF,NoiseInjection,85_15,85/15,10,5,42840,41364,1476,0.9901727357609711,0.9023646071700991,0.801490514905149,0.8489415141729458,0.9729695287052956,0.8768383069908736,39cee56f51793454ee2496d32c41737e7be08bb87f94d304fb61b86f05c35bfd,not fixed; not saved,77.34770059585571,PASS,2026-09-03T14:55:07
dnn_oof_v1_fixed_5fold_10run_73configs,ion_channel,Ion Channel,40,MSCMF__NoiseInjection__90_10,Noise Injection,MSCMF,NoiseInjection,90_10,90/10,1,5,42840,41364,1476,0.9901727357609711,0.9105058365758755,0.7926829268292683,0.8475190148496922,0.9673335564827459,0.8648500052328395,39cee56f51793454ee2496d32c41737e7be08bb87f94d304fb61b86f05c35bfd,not fixed; not saved,71.63532328605652,PASS,2026-09-03T14:57:41
dnn_oof_v1_fixed_5fold_10run_73configs,ion_channel,Ion Channel,40,MSCMF__NoiseInjection__90_10,Noise Injection,MSCMF,NoiseInjection,90_10,90/10,2,5,42840,41364,1476,0.9906162464985995,0.9156346749226006,0.801490514905149,0.8547687861271677,0.9733885726404408,0.8814041142540615,39cee56f51793454ee2496d32c41737e7be08bb87f94d304fb61b86f05c35bfd,not fixed; not saved,74.16284394264221,PASS,2026-09-03T15:00:19
dnn_oof_v1_fixed_5fold_10run_73configs,ion_channel,Ion Channel,40,MSCMF__NoiseInjection__90_10,Noise Injection,MSCMF,NoiseInjection,90_10,90/10,3,5,42840,41364,1476,0.9898692810457517,0.8905547226386806,0.8048780487804879,0.8455516014234875,0.9685482745033911,0.8637579281741188,39cee56f51793454ee2496d32c41737e7be08bb87f94d304fb61b86f05c35bfd,not fixed; not saved,72.11050772666931,PASS,2026-09-03T15:02:54
dnn_oof_v1_fixed_5fold_10run_73configs,ion_channel,Ion Channel,40,MSCMF__NoiseInjection__90_10,Noise Injection,MSCMF,NoiseInjection,90_10,90/10,4,5,42840,41364,1476,0.9902894491129786,0.9121306376360808,0.7947154471544715,0.8493845039826213,0.9699635059642348,0.8716684983373248,39cee56f51793454ee2496d32c41737e7be08bb87f94d304fb61b86f05c35bfd,not fixed; not saved,73.72864842414856,PASS,2026-09-03T15:05:33
dnn_oof_v1_fixed_5fold_10run_73configs,ion_channel,Ion Channel,40,MSCMF__NoiseInjection__90_10,Noise Injection,MSCMF,NoiseInjection,90_10,90/10,5,5,42840,41364,1476,0.9896825396825397,0.8875562218890555,0.8021680216802168,0.8427046263345196,0.9734539090326112,0.865610513375899,39cee56f51793454ee2496d32c41737e7be08bb87f94d304fb61b86f05c35bfd,not fixed; not saved,72.934494972229,PASS,2026-09-03T15:08:10
dnn_oof_v1_fixed_5fold_10run_73configs,ion_channel,Ion Channel,40,MSCMF__NoiseInjection__90_10,Noise Injection,MSCMF,NoiseInjection,90_10,90/10,6,5,42840,41364,1476,0.9899393090569562,0.8985507246376812,0.7981029810298103,0.8453534266236096,0.9743183755089653,0.879313019943564,39cee56f51793454ee2496d32c41737e7be08bb87f94d304fb61b86f05c35bfd,not fixed; not saved,73.27704310417175,PASS,2026-09-03T15:10:48
dnn_oof_v1_fixed_5fold_10run_73configs,ion_channel,Ion Channel,40,MSCMF__NoiseInjection__90_10,Noise Injection,MSCMF,NoiseInjection,90_10,90/10,7,5,42840,41364,1476,0.9905695611577965,0.9155038759689923,0.8001355013550135,0.853940708604483,0.9711682245194949,0.8756467148526175,39cee56f51793454ee2496d32c41737e7be08bb87f94d304fb61b86f05c35bfd,not fixed; not saved,73.08380842208862,PASS,2026-09-03T15:13:26
dnn_oof_v1_fixed_5fold_10run_73configs,ion_channel,Ion Channel,40,MSCMF__NoiseInjection__90_10,Noise Injection,MSCMF,NoiseInjection,90_10,90/10,8,5,42840,41364,1476,0.990499533146592,0.9192156862745098,0.7940379403794038,0.8520537986186841,0.9744373781555724,0.8821975836420802,39cee56f51793454ee2496d32c41737e7be08bb87f94d304fb61b86f05c35bfd,not fixed; not saved,74.89114165306091,PASS,2026-09-03T15:16:07
dnn_oof_v1_fixed_5fold_10run_73configs,ion_channel,Ion Channel,40,MSCMF__NoiseInjection__90_10,Noise Injection,MSCMF,NoiseInjection,90_10,90/10,9,5,42840,41364,1476,0.9908029878618114,0.9206842923794712,0.8021680216802168,0.8573497465604635,0.9705869779542009,0.8726327244400673,39cee56f51793454ee2496d32c41737e7be08bb87f94d304fb61b86f05c35bfd,not fixed; not saved,72.26208877563477,PASS,2026-09-03T15:18:46
dnn_oof_v1_fixed_5fold_10run_73configs,ion_channel,Ion Channel,40,MSCMF__NoiseInjection__90_10,Noise Injection,MSCMF,NoiseInjection,90_10,90/10,10,5,42840,41364,1476,0.99031279178338,0.9058913542463657,0.8021680216802168,0.8508803449514912,0.9716116078576895,0.8731010736165967,39cee56f51793454ee2496d32c41737e7be08bb87f94d304fb61b86f05c35bfd,not fixed; not saved,74.23432111740112,PASS,2026-09-03T15:21:27
dnn_oof_v1_fixed_5fold_10run_73configs,ion_channel,Ion Channel,41,MSCMF__RandomOver__50_50,Random Over-Sampling,MSCMF,RandomOver,50_50,50/50,1,5,42840,41364,1476,0.9900093370681606,0.8922155688622755,0.8075880758807588,0.8477951635846372,0.9734071711546822,0.8762927511793082,39cee56f51793454ee2496d32c41737e7be08bb87f94d304fb61b86f05c35bfd,not fixed; not saved,117.57696866989136,PASS,2026-09-03T15:24:51
dnn_oof_v1_fixed_5fold_10run_73configs,ion_channel,Ion Channel,41,MSCMF__RandomOver__50_50,Random Over-Sampling,MSCMF,RandomOver,50_50,50/50,2,5,42840,41364,1476,0.990592903828198,0.9067475360121304,0.8102981029810298,0.8558139534883721,0.9698852873779196,0.8762003974267534,39cee56f51793454ee2496d32c41737e7be08bb87f94d304fb61b86f05c35bfd,not fixed; not saved,119.20450043678284,PASS,2026-09-03T15:28:18
dnn_oof_v1_fixed_5fold_10run_73configs,ion_channel,Ion Channel,41,MSCMF__RandomOver__50_50,Random Over-Sampling,MSCMF,RandomOver,50_50,50/50,3,5,42840,41364,1476,0.99031279178338,0.9021986353297953,0.8062330623306233,0.851520572450805,0.9725451287911486,0.8670431172770406,39cee56f51793454ee2496d32c41737e7be08bb87f94d304fb61b86f05c35bfd,not fixed; not saved,107.83107495307922,PASS,2026-09-03T15:31:36
dnn_oof_v1_fixed_5fold_10run_73configs,ion_channel,Ion Channel,41,MSCMF__RandomOver__50_50,Random Over-Sampling,MSCMF,RandomOver,50_50,50/50,4,5,42840,41364,1476,0.990592903828198,0.9117421335379893,0.8048780487804879,0.8549838071248651,0.9742541365192202,0.881755161975925,39cee56f51793454ee2496d32c41737e7be08bb87f94d304fb61b86f05c35bfd,not fixed; not saved,107.01163387298584,PASS,2026-09-03T15:34:53
dnn_oof_v1_fixed_5fold_10run_73configs,ion_channel,Ion Channel,41,MSCMF__RandomOver__50_50,Random Over-Sampling,MSCMF,RandomOver,50_50,50/50,5,5,42840,41364,1476,0.9908263305322129,0.9143075745983168,0.809620596205962,0.8587854832914121,0.9687821113053022,0.8716169553194656,39cee56f51793454ee2496d32c41737e7be08bb87f94d304fb61b86f05c35bfd,not fixed; not saved,106.69122815132141,PASS,2026-09-03T15:38:09
dnn_oof_v1_fixed_5fold_10run_73configs,ion_channel,Ion Channel,41,MSCMF__RandomOver__50_50,Random Over-Sampling,MSCMF,RandomOver,50_50,50/50,6,5,42840,41364,1476,0.9905228758169935,0.8986587183308494,0.8170731707317073,0.8559261887863733,0.9766626236395813,0.8778048974881653,39cee56f51793454ee2496d32c41737e7be08bb87f94d304fb61b86f05c35bfd,not fixed; not saved,110.90361714363098,PASS,2026-09-03T15:41:32
dnn_oof_v1_fixed_5fold_10run_73configs,ion_channel,Ion Channel,41,MSCMF__RandomOver__50_50,Random Over-Sampling,MSCMF,RandomOver,50_50,50/50,7,5,42840,41364,1476,0.990592903828198,0.90067214339059,0.8170731707317073,0.8568383658969805,0.971465137392163,0.8729721029997121,39cee56f51793454ee2496d32c41737e7be08bb87f94d304fb61b86f05c35bfd,not fixed; not saved,106.7847228050232,PASS,2026-09-03T15:44:50
dnn_oof_v1_fixed_5fold_10run_73configs,ion_channel,Ion Channel,41,MSCMF__RandomOver__50_50,Random Over-Sampling,MSCMF,RandomOver,50_50,50/50,8,5,42840,41364,1476,0.9897759103641457,0.889055472263868,0.8035230352303523,0.8441281138790035,0.9666111217247942,0.8655995742982985,39cee56f51793454ee2496d32c41737e7be08bb87f94d304fb61b86f05c35bfd,not fixed; not saved,103.45506143569946,PASS,2026-09-03T15:48:03
dnn_oof_v1_fixed_5fold_10run_73configs,ion_channel,Ion Channel,41,MSCMF__RandomOver__50_50,Random Over-Sampling,MSCMF,RandomOver,50_50,50/50,9,5,42840,41364,1476,0.9906162464985995,0.9111791730474732,0.8062330623306233,0.8554996405463695,0.9728618931823203,0.8784059370929482,39cee56f51793454ee2496d32c41737e7be08bb87f94d304fb61b86f05c35bfd,not fixed; not saved,105.6416528224945,PASS,2026-09-03T15:51:20
dnn_oof_v1_fixed_5fold_10run_73configs,ion_channel,Ion Channel,41,MSCMF__RandomOver__50_50,Random Over-Sampling,MSCMF,RandomOver,50_50,50/50,10,5,42840,41364,1476,0.9894724556489263,0.8810408921933085,0.8028455284552846,0.8401276143211627,0.9698012541966634,0.8658231829024178,39cee56f51793454ee2496d32c41737e7be08bb87f94d304fb61b86f05c35bfd,not fixed; not saved,104.90700268745422,PASS,2026-09-03T15:54:35
dnn_oof_v1_fixed_5fold_10run_73configs,ion_channel,Ion Channel,42,MSCMF__RandomOver__80_20,Random Over-Sampling,MSCMF,RandomOver,80_20,80/20,1,5,42840,41364,1476,0.9900326797385621,0.8988593155893536,0.8008130081300813,0.8470082407739161,0.9718998561649381,0.864935782435231,39cee56f51793454ee2496d32c41737e7be08bb87f94d304fb61b86f05c35bfd,not fixed; not saved,71.1059181690216,PASS,2026-09-03T15:57:18
dnn_oof_v1_fixed_5fold_10run_73configs,ion_channel,Ion Channel,42,MSCMF__RandomOver__80_20,Random Over-Sampling,MSCMF,RandomOver,80_20,80/20,2,5,42840,41364,1476,0.9902194211017741,0.9258662369057212,0.7784552845528455,0.8457857931542142,0.9729219145433404,0.8737645003121945,39cee56f51793454ee2496d32c41737e7be08bb87f94d304fb61b86f05c35bfd,not fixed; not saved,70.56247425079346,PASS,2026-09-03T15:59:59
dnn_oof_v1_fixed_5fold_10run_73configs,ion_channel,Ion Channel,42,MSCMF__RandomOver__80_20,Random Over-Sampling,MSCMF,RandomOver,80_20,80/20,3,5,42840,41364,1476,0.990359477124183,0.9149102263856362,0.7940379403794038,0.8501994922016685,0.9733745111481672,0.8800994238019669,39cee56f51793454ee2496d32c41737e7be08bb87f94d304fb61b86f05c35bfd,not fixed; not saved,69.94227528572083,PASS,2026-09-03T16:02:41
dnn_oof_v1_fixed_5fold_10run_73configs,ion_channel,Ion Channel,42,MSCMF__RandomOver__80_20,Random Over-Sampling,MSCMF,RandomOver,80_20,80/20,4,5,42840,41364,1476,0.9904761904761905,0.9152410575427683,0.7974254742547425,0.8522809558291093,0.9701584750653135,0.8707732041831204,39cee56f51793454ee2496d32c41737e7be08bb87f94d304fb61b86f05c35bfd,not fixed; not saved,69.89872980117798,PASS,2026-09-03T16:05:23
dnn_oof_v1_fixed_5fold_10run_73configs,ion_channel,Ion Channel,42,MSCMF__RandomOver__80_20,Random Over-Sampling,MSCMF,RandomOver,80_20,80/20,5,5,42840,41364,1476,0.990359477124183,0.8969380134428678,0.8136856368563685,0.8532859680284192,0.9739935771492906,0.8718193076328989,39cee56f51793454ee2496d32c41737e7be08bb87f94d304fb61b86f05c35bfd,not fixed; not saved,71.39675736427307,PASS,2026-09-03T16:08:06
dnn_oof_v1_fixed_5fold_10run_73configs,ion_channel,Ion Channel,42,MSCMF__RandomOver__80_20,Random Over-Sampling,MSCMF,RandomOver,80_20,80/20,6,5,42840,41364,1476,0.990546218487395,0.9167315175097276,0.7981029810298103,0.8533140166606302,0.977465660148817,0.8825411589564345,39cee56f51793454ee2496d32c41737e7be08bb87f94d304fb61b86f05c35bfd,not fixed; not saved,71.32893633842468,PASS,2026-09-03T16:10:51
dnn_oof_v1_fixed_5fold_10run_73configs,ion_channel,Ion Channel,42,MSCMF__RandomOver__80_20,Random Over-Sampling,MSCMF,RandomOver,80_20,80/20,7,5,42840,41364,1476,0.9909430438842204,0.9210526315789473,0.8062330623306233,0.8598265895953757,0.9712884228433716,0.8795418318555278,39cee56f51793454ee2496d32c41737e7be08bb87f94d304fb61b86f05c35bfd,not fixed; not saved,70.29869341850281,PASS,2026-09-03T16:13:35
dnn_oof_v1_fixed_5fold_10run_73configs,ion_channel,Ion Channel,42,MSCMF__RandomOver__80_20,Random Over-Sampling,MSCMF,RandomOver,80_20,80/20,8,5,42840,41364,1476,0.990592903828198,0.9247822644497229,0.7913279132791328,0.8528660094925156,0.9772267376237248,0.876326037557576,39cee56f51793454ee2496d32c41737e7be08bb87f94d304fb61b86f05c35bfd,not fixed; not saved,80.08848929405212,PASS,2026-09-03T16:16:26
dnn_oof_v1_fixed_5fold_10run_73configs,ion_channel,Ion Channel,42,MSCMF__RandomOver__80_20,Random Over-Sampling,MSCMF,RandomOver,80_20,80/20,9,5,42840,41364,1476,0.9906162464985995,0.9111791730474732,0.8062330623306233,0.8554996405463695,0.9737637040994238,0.8775650152988236,39cee56f51793454ee2496d32c41737e7be08bb87f94d304fb61b86f05c35bfd,not fixed; not saved,81.98816871643066,PASS,2026-09-03T16:19:21
dnn_oof_v1_fixed_5fold_10run_73configs,ion_channel,Ion Channel,42,MSCMF__RandomOver__80_20,Random Over-Sampling,MSCMF,RandomOver,80_20,80/20,10,5,42840,41364,1476,0.9908029878618114,0.921996879875195,0.8008130081300813,0.8571428571428571,0.9746950547967428,0.8778014821201628,39cee56f51793454ee2496d32c41737e7be08bb87f94d304fb61b86f05c35bfd,not fixed; not saved,81.54997086524963,PASS,2026-09-03T16:22:15
dnn_oof_v1_fixed_5fold_10run_73configs,ion_channel,Ion Channel,43,MSCMF__RandomOver__85_15,Random Over-Sampling,MSCMF,RandomOver,85_15,85/15,1,5,42840,41364,1476,0.990499533146592,0.9108378170637971,0.8028455284552846,0.8534389629096147,0.9667063418591346,0.8719816010278842,39cee56f51793454ee2496d32c41737e7be08bb87f94d304fb61b86f05c35bfd,not fixed; not saved,77.22050046920776,PASS,2026-09-03T16:25:06
dnn_oof_v1_fixed_5fold_10run_73configs,ion_channel,Ion Channel,43,MSCMF__RandomOver__85_15,Random Over-Sampling,MSCMF,RandomOver,85_15,85/15,2,5,42840,41364,1476,0.9906162464985995,0.9162790697674419,0.8008130081300813,0.8546637744034707,0.9763438200453952,0.8741559380201234,39cee56f51793454ee2496d32c41737e7be08bb87f94d304fb61b86f05c35bfd,not fixed; not saved,77.00245785713196,PASS,2026-09-03T16:27:56
dnn_oof_v1_fixed_5fold_10run_73configs,ion_channel,Ion Channel,43,MSCMF__RandomOver__85_15,Random Over-Sampling,MSCMF,RandomOver,85_15,85/15,3,5,42840,41364,1476,0.990686274509804,0.9107551487414187,0.8089430894308943,0.8568353067814855,0.9763843747977174,0.8829676289072381,39cee56f51793454ee2496d32c41737e7be08bb87f94d304fb61b86f05c35bfd,not fixed; not saved,77.80577540397644,PASS,2026-09-03T16:30:47
dnn_oof_v1_fixed_5fold_10run_73configs,ion_channel,Ion Channel,43,MSCMF__RandomOver__85_15,Random Over-Sampling,MSCMF,RandomOver,85_15,85/15,4,5,42840,41364,1476,0.990686274509804,0.9256916996047431,0.7933604336043361,0.8544326887997081,0.9724843867479387,0.8760571305828764,39cee56f51793454ee2496d32c41737e7be08bb87f94d304fb61b86f05c35bfd,not fixed; not saved,76.8956880569458,PASS,2026-09-03T16:33:37
dnn_oof_v1_fixed_5fold_10run_73configs,ion_channel,Ion Channel,43,MSCMF__RandomOver__85_15,Random Over-Sampling,MSCMF,RandomOver,85_15,85/15,5,5,42840,41364,1476,0.9901027077497666,0.9015267175572519,0.8001355013550135,0.8478104809763102,0.9722071779815081,0.8743586180347214,39cee56f51793454ee2496d32c41737e7be08bb87f94d304fb61b86f05c35bfd,not fixed; not saved,77.92547655105591,PASS,2026-09-03T16:36:32
dnn_oof_v1_fixed_5fold_10run_73configs,ion_channel,Ion Channel,43,MSCMF__RandomOver__85_15,Random Over-Sampling,MSCMF,RandomOver,85_15,85/15,6,5,42840,41364,1476,0.990359477124183,0.9116963594113091,0.7974254742547425,0.8507408745934225,0.9725077352129773,0.874914637084573,39cee56f51793454ee2496d32c41737e7be08bb87f94d304fb61b86f05c35bfd,not fixed; not saved,70.53329753875732,PASS,2026-09-03T16:39:18
dnn_oof_v1_fixed_5fold_10run_73configs,ion_channel,Ion Channel,43,MSCMF__RandomOver__85_15,Random Over-Sampling,MSCMF,RandomOver,85_15,85/15,7,5,42840,41364,1476,0.9901727357609711,0.8975131876412962,0.806910569105691,0.8498037816625045,0.9683517248152367,0.8670938376789498,39cee56f51793454ee2496d32c41737e7be08bb87f94d304fb61b86f05c35bfd,not fixed; not saved,68.29848551750183,PASS,2026-09-03T16:42:06
dnn_oof_v1_fixed_5fold_10run_73configs,ion_channel,Ion Channel,43,MSCMF__RandomOver__85_15,Random Over-Sampling,MSCMF,RandomOver,85_15,85/15,8,5,42840,41364,1476,0.9897992530345472,0.8897224306076519,0.8035230352303523,0.8444286222855109,0.9708292008761399,0.8699183207164592,39cee56f51793454ee2496d32c41737e7be08bb87f94d304fb61b86f05c35bfd,not fixed; not saved,68.34656047821045,PASS,2026-09-03T16:44:51
dnn_oof_v1_fixed_5fold_10run_73configs,ion_channel,Ion Channel,43,MSCMF__RandomOver__85_15,Random Over-Sampling,MSCMF,RandomOver,85_15,85/15,9,5,42840,41364,1476,0.990359477124183,0.9214908802537668,0.7872628726287263,0.8491048593350383,0.9757434426437872,0.8839458563008213,39cee56f51793454ee2496d32c41737e7be08bb87f94d304fb61b86f05c35bfd,not fixed; not saved,68.687983751297,PASS,2026-09-03T16:47:37
dnn_oof_v1_fixed_5fold_10run_73configs,ion_channel,Ion Channel,43,MSCMF__RandomOver__85_15,Random Over-Sampling,MSCMF,RandomOver,85_15,85/15,10,5,42840,41364,1476,0.9894724556489263,0.88855193328279,0.7940379403794038,0.8386404293381038,0.9652396471382758,0.8566294009998179,39cee56f51793454ee2496d32c41737e7be08bb87f94d304fb61b86f05c35bfd,not fixed; not saved,68.48590755462646,PASS,2026-09-03T16:50:24
dnn_oof_v1_fixed_5fold_10run_73configs,ion_channel,Ion Channel,44,MSCMF__RandomOver__90_10,Random Over-Sampling,MSCMF,RandomOver,90_10,90/10,1,5,42840,41364,1476,0.990686274509804,0.9064150943396226,0.8136856368563685,0.8575508746876116,0.9704019018540925,0.8757687072542482,39cee56f51793454ee2496d32c41737e7be08bb87f94d304fb61b86f05c35bfd,not fixed; not saved,64.23058843612671,PASS,2026-09-03T16:53:06
dnn_oof_v1_fixed_5fold_10run_73configs,ion_channel,Ion Channel,44,MSCMF__RandomOver__90_10,Random Over-Sampling,MSCMF,RandomOver,90_10,90/10,2,5,42840,41364,1476,0.9896825396825397,0.9096671949286846,0.7777777777777778,0.8385682980277575,0.9655900379052624,0.8595232335600175,39cee56f51793454ee2496d32c41737e7be08bb87f94d304fb61b86f05c35bfd,not fixed; not saved,65.19933700561523,PASS,2026-09-03T16:55:49
dnn_oof_v1_fixed_5fold_10run_73configs,ion_channel,Ion Channel,44,MSCMF__RandomOver__90_10,Random Over-Sampling,MSCMF,RandomOver,90_10,90/10,3,5,42840,41364,1476,0.9905228758169935,0.9225908372827805,0.7913279132791328,0.8519328956965718,0.9752187123034076,0.8761737544048877,39cee56f51793454ee2496d32c41737e7be08bb87f94d304fb61b86f05c35bfd,not fixed; not saved,65.21084976196289,PASS,2026-09-03T16:58:33
dnn_oof_v1_fixed_5fold_10run_73configs,ion_channel,Ion Channel,44,MSCMF__RandomOver__90_10,Random Over-Sampling,MSCMF,RandomOver,90_10,90/10,4,5,42840,41364,1476,0.9891690009337069,0.9022257551669316,0.768970189701897,0.8302852962692027,0.9712083042767377,0.8626894386020267,39cee56f51793454ee2496d32c41737e7be08bb87f94d304fb61b86f05c35bfd,not fixed; not saved,66.05572938919067,PASS,2026-09-03T17:01:19
dnn_oof_v1_fixed_5fold_10run_73configs,ion_channel,Ion Channel,44,MSCMF__RandomOver__90_10,Random Over-Sampling,MSCMF,RandomOver,90_10,90/10,5,5,42840,41364,1476,0.9902194211017741,0.911925175370226,0.7926829268292683,0.8481333816600217,0.9728788701616347,0.8769904299948721,39cee56f51793454ee2496d32c41737e7be08bb87f94d304fb61b86f05c35bfd,not fixed; not saved,64.50811195373535,PASS,2026-09-03T17:04:02
dnn_oof_v1_fixed_5fold_10run_73configs,ion_channel,Ion Channel,44,MSCMF__RandomOver__90_10,Random Over-Sampling,MSCMF,RandomOver,90_10,90/10,6,5,42840,41364,1476,0.9901960784313726,0.916403785488959,0.7872628726287263,0.8469387755102041,0.973588955047514,0.8745494612688812,39cee56f51793454ee2496d32c41737e7be08bb87f94d304fb61b86f05c35bfd,not fixed; not saved,64.86568880081177,PASS,2026-09-03T17:06:46
dnn_oof_v1_fixed_5fold_10run_73configs,ion_channel,Ion Channel,44,MSCMF__RandomOver__90_10,Random Over-Sampling,MSCMF,RandomOver,90_10,90/10,7,5,42840,41364,1476,0.990359477124183,0.894580549368968,0.8163956639566395,0.8537017357421183,0.9713082661723048,0.8756874317823583,39cee56f51793454ee2496d32c41737e7be08bb87f94d304fb61b86f05c35bfd,not fixed; not saved,64.89791774749756,PASS,2026-09-03T17:09:31
dnn_oof_v1_fixed_5fold_10run_73configs,ion_channel,Ion Channel,44,MSCMF__RandomOver__90_10,Random Over-Sampling,MSCMF,RandomOver,90_10,90/10,8,5,42840,41364,1476,0.9907096171802054,0.9184782608695652,0.801490514905149,0.8560057887120116,0.9763235836170855,0.8739865204315149,39cee56f51793454ee2496d32c41737e7be08bb87f94d304fb61b86f05c35bfd,not fixed; not saved,66.05159902572632,PASS,2026-09-03T17:12:17
dnn_oof_v1_fixed_5fold_10run_73configs,ion_channel,Ion Channel,44,MSCMF__RandomOver__90_10,Random Over-Sampling,MSCMF,RandomOver,90_10,90/10,9,5,42840,41364,1476,0.9902427637721756,0.9050535987748851,0.8008130081300813,0.8497483824586628,0.9731227637559231,0.8779368194686151,39cee56f51793454ee2496d32c41737e7be08bb87f94d304fb61b86f05c35bfd,not fixed; not saved,64.90581846237183,PASS,2026-09-03T17:15:02
dnn_oof_v1_fixed_5fold_10run_73configs,ion_channel,Ion Channel,44,MSCMF__RandomOver__90_10,Random Over-Sampling,MSCMF,RandomOver,90_10,90/10,10,5,42840,41364,1476,0.9893790849673203,0.9133603238866397,0.7642276422764228,0.83216525267429,0.968974263194184,0.8585555691964669,39cee56f51793454ee2496d32c41737e7be08bb87f94d304fb61b86f05c35bfd,not fixed; not saved,64.49407815933228,PASS,2026-09-03T17:17:47
dnn_oof_v1_fixed_5fold_10run_73configs,ion_channel,Ion Channel,45,MSCMF__SMOTE__50_50,SMOTE,MSCMF,SMOTE,50_50,50/50,1,5,42840,41364,1476,0.9901960784313726,0.9030534351145039,0.801490514905149,0.8492462311557789,0.9664953048210494,0.8623130006057999,39cee56f51793454ee2496d32c41737e7be08bb87f94d304fb61b86f05c35bfd,not fixed; not saved,104.61270093917847,PASS,2026-09-03T17:21:13
dnn_oof_v1_fixed_5fold_10run_73configs,ion_channel,Ion Channel,45,MSCMF__SMOTE__50_50,SMOTE,MSCMF,SMOTE,50_50,50/50,2,5,42840,41364,1476,0.9901260504201681,0.9242546333601934,0.7771002710027101,0.8443135811556864,0.9707864595085367,0.8717981883323047,39cee56f51793454ee2496d32c41737e7be08bb87f94d304fb61b86f05c35bfd,not fixed; not saved,105.05523943901062,PASS,2026-09-03T17:24:39
dnn_oof_v1_fixed_5fold_10run_73configs,ion_channel,Ion Channel,45,MSCMF__SMOTE__50_50,SMOTE,MSCMF,SMOTE,50_50,50/50,3,5,42840,41364,1476,0.990359477124183,0.90727969348659,0.8021680216802168,0.8514922689679971,0.9675130554854527,0.8637089478552359,39cee56f51793454ee2496d32c41737e7be08bb87f94d304fb61b86f05c35bfd,not fixed; not saved,104.03673768043518,PASS,2026-09-03T17:28:04
dnn_oof_v1_fixed_5fold_10run_73configs,ion_channel,Ion Channel,45,MSCMF__SMOTE__50_50,SMOTE,MSCMF,SMOTE,50_50,50/50,4,5,42840,41364,1476,0.9897058823529412,0.8923426838514026,0.7974254742547425,0.8422182468694097,0.9639463338110801,0.8628348773132876,39cee56f51793454ee2496d32c41737e7be08bb87f94d304fb61b86f05c35bfd,not fixed; not saved,102.54766845703125,PASS,2026-09-03T17:31:27
dnn_oof_v1_fixed_5fold_10run_73configs,ion_channel,Ion Channel,45,MSCMF__SMOTE__50_50,SMOTE,MSCMF,SMOTE,50_50,50/50,5,5,42840,41364,1476,0.9889589169000934,0.8695652173913043,0.7994579945799458,0.8330391810801271,0.9682058194300635,0.8702158271687096,39cee56f51793454ee2496d32c41737e7be08bb87f94d304fb61b86f05c35bfd,not fixed; not saved,102.89268565177917,PASS,2026-09-03T17:34:51
dnn_oof_v1_fixed_5fold_10run_73configs,ion_channel,Ion Channel,45,MSCMF__SMOTE__50_50,SMOTE,MSCMF,SMOTE,50_50,50/50,6,5,42840,41364,1476,0.990639589169001,0.9222309505106049,0.7953929539295393,0.8541287740996726,0.97763132696722,0.8853179507831564,39cee56f51793454ee2496d32c41737e7be08bb87f94d304fb61b86f05c35bfd,not fixed; not saved,100.09318709373474,PASS,2026-09-03T17:38:11
dnn_oof_v1_fixed_5fold_10run_73configs,ion_channel,Ion Channel,45,MSCMF__SMOTE__50_50,SMOTE,MSCMF,SMOTE,50_50,50/50,7,5,42840,41364,1476,0.9901260504201681,0.9016018306636155,0.8008130081300813,0.8482238966630786,0.9669808398777827,0.8713930650458359,39cee56f51793454ee2496d32c41737e7be08bb87f94d304fb61b86f05c35bfd,not fixed; not saved,101.79310846328735,PASS,2026-09-03T17:41:33
dnn_oof_v1_fixed_5fold_10run_73configs,ion_channel,Ion Channel,45,MSCMF__SMOTE__50_50,SMOTE,MSCMF,SMOTE,50_50,50/50,8,5,42840,41364,1476,0.9896358543417367,0.89209726443769,0.7953929539295393,0.8409742120343839,0.964335682364173,0.8600048590115023,39cee56f51793454ee2496d32c41737e7be08bb87f94d304fb61b86f05c35bfd,not fixed; not saved,100.35014843940735,PASS,2026-09-03T17:44:55
dnn_oof_v1_fixed_5fold_10run_73configs,ion_channel,Ion Channel,45,MSCMF__SMOTE__50_50,SMOTE,MSCMF,SMOTE,50_50,50/50,9,5,42840,41364,1476,0.990359477124183,0.9097918272937549,0.7994579945799458,0.851063829787234,0.9717319781625435,0.8775664438202135,39cee56f51793454ee2496d32c41737e7be08bb87f94d304fb61b86f05c35bfd,not fixed; not saved,103.70593023300171,PASS,2026-09-03T17:48:20
dnn_oof_v1_fixed_5fold_10run_73configs,ion_channel,Ion Channel,45,MSCMF__SMOTE__50_50,SMOTE,MSCMF,SMOTE,50_50,50/50,10,5,42840,41364,1476,0.9902194211017741,0.9043611323641928,0.8008130081300813,0.8494430470715055,0.9741142750369578,0.8788543632449964,39cee56f51793454ee2496d32c41737e7be08bb87f94d304fb61b86f05c35bfd,not fixed; not saved,98.98712015151978,PASS,2026-09-03T17:51:41
dnn_oof_v1_fixed_5fold_10run_73configs,ion_channel,Ion Channel,46,MSCMF__SMOTE__80_20,SMOTE,MSCMF,SMOTE,80_20,80/20,1,5,42840,41364,1476,0.990499533146592,0.9133797370456304,0.8001355013550135,0.8530155290718671,0.972069470356245,0.8753715752817298,39cee56f51793454ee2496d32c41737e7be08bb87f94d304fb61b86f05c35bfd,not fixed; not saved,68.82632660865784,PASS,2026-09-03T17:54:32
dnn_oof_v1_fixed_5fold_10run_73configs,ion_channel,Ion Channel,46,MSCMF__SMOTE__80_20,SMOTE,MSCMF,SMOTE,80_20,80/20,2,5,42840,41364,1476,0.9900793650793651,0.914759273875296,0.785230352303523,0.8450601531170252,0.970049537400654,0.8686333462170724,39cee56f51793454ee2496d32c41737e7be08bb87f94d304fb61b86f05c35bfd,not fixed; not saved,68.17295026779175,PASS,2026-09-03T17:57:23
dnn_oof_v1_fixed_5fold_10run_73configs,ion_channel,Ion Channel,46,MSCMF__SMOTE__80_20,SMOTE,MSCMF,SMOTE,80_20,80/20,3,5,42840,41364,1476,0.9902194211017741,0.9100077579519007,0.7947154471544715,0.8484629294755877,0.9699085539472548,0.8749859901535794,39cee56f51793454ee2496d32c41737e7be08bb87f94d304fb61b86f05c35bfd,not fixed; not saved,68.77084517478943,PASS,2026-09-03T18:00:14
dnn_oof_v1_fixed_5fold_10run_73configs,ion_channel,Ion Channel,46,MSCMF__SMOTE__80_20,SMOTE,MSCMF,SMOTE,80_20,80/20,4,5,42840,41364,1476,0.9891923436041083,0.8732498157700811,0.8028455284552846,0.8365690081186022,0.9720307336885379,0.8659628870286836,39cee56f51793454ee2496d32c41737e7be08bb87f94d304fb61b86f05c35bfd,not fixed; not saved,69.65640473365784,PASS,2026-09-03T18:03:07
dnn_oof_v1_fixed_5fold_10run_73configs,ion_channel,Ion Channel,46,MSCMF__SMOTE__80_20,SMOTE,MSCMF,SMOTE,80_20,80/20,5,5,42840,41364,1476,0.9901027077497666,0.9077519379844962,0.7933604336043361,0.8467100506146059,0.9771444242522398,0.8798950564177858,39cee56f51793454ee2496d32c41737e7be08bb87f94d304fb61b86f05c35bfd,not fixed; not saved,69.38156533241272,PASS,2026-09-03T18:06:00
dnn_oof_v1_fixed_5fold_10run_73configs,ion_channel,Ion Channel,46,MSCMF__SMOTE__80_20,SMOTE,MSCMF,SMOTE,80_20,80/20,6,5,42840,41364,1476,0.9898692810457517,0.906396255850234,0.7872628726287263,0.8426395939086294,0.971858515213863,0.8653659682385141,39cee56f51793454ee2496d32c41737e7be08bb87f94d304fb61b86f05c35bfd,not fixed; not saved,72.05064463615417,PASS,2026-09-03T18:09:02
dnn_oof_v1_fixed_5fold_10run_73configs,ion_channel,Ion Channel,46,MSCMF__SMOTE__80_20,SMOTE,MSCMF,SMOTE,80_20,80/20,7,5,42840,41364,1476,0.990499533146592,0.9218626677190213,0.7913279132791328,0.8516223113379512,0.9710538653592705,0.87503005646688,39cee56f51793454ee2496d32c41737e7be08bb87f94d304fb61b86f05c35bfd,not fixed; not saved,83.03337979316711,PASS,2026-09-03T18:12:20
dnn_oof_v1_fixed_5fold_10run_73configs,ion_channel,Ion Channel,46,MSCMF__SMOTE__80_20,SMOTE,MSCMF,SMOTE,80_20,80/20,8,5,42840,41364,1476,0.990499533146592,0.9146625290923196,0.7987804878048781,0.8528028933092224,0.9692197701338293,0.8718870787943196,39cee56f51793454ee2496d32c41737e7be08bb87f94d304fb61b86f05c35bfd,not fixed; not saved,81.81180238723755,PASS,2026-09-03T18:15:28
dnn_oof_v1_fixed_5fold_10run_73configs,ion_channel,Ion Channel,46,MSCMF__SMOTE__80_20,SMOTE,MSCMF,SMOTE,80_20,80/20,9,5,42840,41364,1476,0.9902194211017741,0.9132134480062549,0.7913279132791328,0.847912885662432,0.9761686615149683,0.8839227295364673,39cee56f51793454ee2496d32c41737e7be08bb87f94d304fb61b86f05c35bfd,not fixed; not saved,85.9370949268341,PASS,2026-09-03T18:18:42
dnn_oof_v1_fixed_5fold_10run_73configs,ion_channel,Ion Channel,46,MSCMF__SMOTE__80_20,SMOTE,MSCMF,SMOTE,80_20,80/20,10,5,42840,41364,1476,0.9876984126984127,0.8411214953271028,0.7926829268292683,0.8161841646320195,0.9720324944461611,0.8536903131989385,39cee56f51793454ee2496d32c41737e7be08bb87f94d304fb61b86f05c35bfd,not fixed; not saved,82.99846577644348,PASS,2026-09-03T18:21:56
dnn_oof_v1_fixed_5fold_10run_73configs,ion_channel,Ion Channel,47,MSCMF__SMOTE__85_15,SMOTE,MSCMF,SMOTE,85_15,85/15,1,5,42840,41364,1476,0.990499533146592,0.9146625290923196,0.7987804878048781,0.8528028933092224,0.9746230357151748,0.8755336863387364,39cee56f51793454ee2496d32c41737e7be08bb87f94d304fb61b86f05c35bfd,not fixed; not saved,78.86480140686035,PASS,2026-09-03T18:25:04
dnn_oof_v1_fixed_5fold_10run_73configs,ion_channel,Ion Channel,47,MSCMF__SMOTE__85_15,SMOTE,MSCMF,SMOTE,85_15,85/15,2,5,42840,41364,1476,0.9898459383753502,0.8994627782041443,0.7940379403794038,0.843468873695574,0.9610278493873808,0.8642757344528611,39cee56f51793454ee2496d32c41737e7be08bb87f94d304fb61b86f05c35bfd,not fixed; not saved,79.1934642791748,PASS,2026-09-03T18:28:11
dnn_oof_v1_fixed_5fold_10run_73configs,ion_channel,Ion Channel,47,MSCMF__SMOTE__85_15,SMOTE,MSCMF,SMOTE,85_15,85/15,3,5,42840,41364,1476,0.9899159663865547,0.9034003091190108,0.7920054200542005,0.844043321299639,0.9651239448885157,0.8682294797196681,39cee56f51793454ee2496d32c41737e7be08bb87f94d304fb61b86f05c35bfd,not fixed; not saved,79.93513870239258,PASS,2026-09-03T18:31:22
dnn_oof_v1_fixed_5fold_10run_73configs,ion_channel,Ion Channel,47,MSCMF__SMOTE__85_15,SMOTE,MSCMF,SMOTE,85_15,85/15,4,5,42840,41364,1476,0.9900326797385621,0.9088074824629774,0.7899728997289973,0.8452337803552011,0.9744798492673543,0.872706170495037,39cee56f51793454ee2496d32c41737e7be08bb87f94d304fb61b86f05c35bfd,not fixed; not saved,78.16999697685242,PASS,2026-09-03T18:34:30
dnn_oof_v1_fixed_5fold_10run_73configs,ion_channel,Ion Channel,47,MSCMF__SMOTE__85_15,SMOTE,MSCMF,SMOTE,85_15,85/15,5,5,42840,41364,1476,0.9897292250233427,0.8960244648318043,0.7940379403794038,0.8419540229885057,0.9699906216316297,0.8690729726378026,39cee56f51793454ee2496d32c41737e7be08bb87f94d304fb61b86f05c35bfd,not fixed; not saved,78.34366154670715,PASS,2026-09-03T18:37:39
dnn_oof_v1_fixed_5fold_10run_73configs,ion_channel,Ion Channel,47,MSCMF__SMOTE__85_15,SMOTE,MSCMF,SMOTE,85_15,85/15,6,5,42840,41364,1476,0.9909897292250234,0.92578125,0.8028455284552846,0.8599419448476052,0.9703103834055458,0.8804457462995942,39cee56f51793454ee2496d32c41737e7be08bb87f94d304fb61b86f05c35bfd,not fixed; not saved,78.39490485191345,PASS,2026-09-03T18:40:49
dnn_oof_v1_fixed_5fold_10run_73configs,ion_channel,Ion Channel,47,MSCMF__SMOTE__85_15,SMOTE,MSCMF,SMOTE,85_15,85/15,7,5,42840,41364,1476,0.990639589169001,0.9163439194422928,0.801490514905149,0.8550777014817492,0.9752665721524733,0.8773627765309207,39cee56f51793454ee2496d32c41737e7be08bb87f94d304fb61b86f05c35bfd,not fixed; not saved,76.95314025878906,PASS,2026-09-03T18:43:54
dnn_oof_v1_fixed_5fold_10run_73configs,ion_channel,Ion Channel,47,MSCMF__SMOTE__85_15,SMOTE,MSCMF,SMOTE,85_15,85/15,8,5,42840,41364,1476,0.990406162464986,0.920284135753749,0.7899728997289973,0.8501640539555232,0.9684094449069913,0.8712825503995603,39cee56f51793454ee2496d32c41737e7be08bb87f94d304fb61b86f05c35bfd,not fixed; not saved,74.39088177680969,PASS,2026-09-03T18:46:54
dnn_oof_v1_fixed_5fold_10run_73configs,ion_channel,Ion Channel,47,MSCMF__SMOTE__85_15,SMOTE,MSCMF,SMOTE,85_15,85/15,9,5,42840,41364,1476,0.9901027077497666,0.9039938556067588,0.7974254742547425,0.8473722102231821,0.9703130695846172,0.871618687606537,39cee56f51793454ee2496d32c41737e7be08bb87f94d304fb61b86f05c35bfd,not fixed; not saved,74.06131625175476,PASS,2026-09-03T18:49:56
dnn_oof_v1_fixed_5fold_10run_73configs,ion_channel,Ion Channel,47,MSCMF__SMOTE__85_15,SMOTE,MSCMF,SMOTE,85_15,85/15,10,5,42840,41364,1476,0.9898225957049487,0.9241435562805873,0.7676151761517616,0.8386380458919319,0.970863408711449,0.866299065615662,39cee56f51793454ee2496d32c41737e7be08bb87f94d304fb61b86f05c35bfd,not fixed; not saved,75.25752663612366,PASS,2026-09-03T18:52:59
dnn_oof_v1_fixed_5fold_10run_73configs,ion_channel,Ion Channel,48,MSCMF__SMOTE__90_10,SMOTE,MSCMF,SMOTE,90_10,90/10,1,5,42840,41364,1476,0.9900326797385621,0.8899628252788104,0.8109756097560976,0.8486352357320099,0.9662321575468922,0.8610136515948065,39cee56f51793454ee2496d32c41737e7be08bb87f94d304fb61b86f05c35bfd,not fixed; not saved,70.56640768051147,PASS,2026-09-03T18:55:58
dnn_oof_v1_fixed_5fold_10run_73configs,ion_channel,Ion Channel,48,MSCMF__SMOTE__90_10,SMOTE,MSCMF,SMOTE,90_10,90/10,2,5,42840,41364,1476,0.9901260504201681,0.9103663289166017,0.7913279132791328,0.8466835810076114,0.9709077306661279,0.8711900376107785,39cee56f51793454ee2496d32c41737e7be08bb87f94d304fb61b86f05c35bfd,not fixed; not saved,71.897629737854,PASS,2026-09-03T18:58:58
dnn_oof_v1_fixed_5fold_10run_73configs,ion_channel,Ion Channel,48,MSCMF__SMOTE__90_10,SMOTE,MSCMF,SMOTE,90_10,90/10,3,5,42840,41364,1476,0.9901260504201681,0.9155485398579322,0.7859078590785907,0.8457892818082392,0.9720406266895084,0.8742726938708526,39cee56f51793454ee2496d32c41737e7be08bb87f94d304fb61b86f05c35bfd,not fixed; not saved,71.72468328475952,PASS,2026-09-03T19:01:59
dnn_oof_v1_fixed_5fold_10run_73configs,ion_channel,Ion Channel,48,MSCMF__SMOTE__90_10,SMOTE,MSCMF,SMOTE,90_10,90/10,4,5,42840,41364,1476,0.9905695611577965,0.9135802469135802,0.8021680216802168,0.8542568542568543,0.9740928838792305,0.8761578674331691,39cee56f51793454ee2496d32c41737e7be08bb87f94d304fb61b86f05c35bfd,not fixed; not saved,70.98213958740234,PASS,2026-09-03T19:04:57
dnn_oof_v1_fixed_5fold_10run_73configs,ion_channel,Ion Channel,48,MSCMF__SMOTE__90_10,SMOTE,MSCMF,SMOTE,90_10,90/10,5,5,42840,41364,1476,0.9904761904761905,0.9272,0.785230352303523,0.8503301540719003,0.9729493168456973,0.874058580228111,39cee56f51793454ee2496d32c41737e7be08bb87f94d304fb61b86f05c35bfd,not fixed; not saved,70.74390816688538,PASS,2026-09-03T19:07:56
dnn_oof_v1_fixed_5fold_10run_73configs,ion_channel,Ion Channel,48,MSCMF__SMOTE__90_10,SMOTE,MSCMF,SMOTE,90_10,90/10,6,5,42840,41364,1476,0.9896125116713352,0.9017926734216679,0.7838753387533876,0.8387096774193549,0.9704865902009759,0.8686062636789132,39cee56f51793454ee2496d32c41737e7be08bb87f94d304fb61b86f05c35bfd,not fixed; not saved,71.93063306808472,PASS,2026-09-03T19:10:55
dnn_oof_v1_fixed_5fold_10run_73configs,ion_channel,Ion Channel,48,MSCMF__SMOTE__90_10,SMOTE,MSCMF,SMOTE,90_10,90/10,7,5,42840,41364,1476,0.990592903828198,0.9274900398406375,0.7886178861788617,0.8524350054924936,0.9710486486029641,0.8766891251052038,39cee56f51793454ee2496d32c41737e7be08bb87f94d304fb61b86f05c35bfd,not fixed; not saved,70.70792317390442,PASS,2026-09-03T19:13:55
dnn_oof_v1_fixed_5fold_10run_73configs,ion_channel,Ion Channel,48,MSCMF__SMOTE__90_10,SMOTE,MSCMF,SMOTE,90_10,90/10,8,5,42840,41364,1476,0.9903828197945845,0.9182389937106918,0.7913279132791328,0.8500727802037845,0.9731856514665621,0.8781498357344928,39cee56f51793454ee2496d32c41737e7be08bb87f94d304fb61b86f05c35bfd,not fixed; not saved,71.16782093048096,PASS,2026-09-03T19:16:54
dnn_oof_v1_fixed_5fold_10run_73configs,ion_channel,Ion Channel,48,MSCMF__SMOTE__90_10,SMOTE,MSCMF,SMOTE,90_10,90/10,9,5,42840,41364,1476,0.9899393090569562,0.9117415287628053,0.7838753387533876,0.8429872495446266,0.9696557009630148,0.8651938089843892,39cee56f51793454ee2496d32c41737e7be08bb87f94d304fb61b86f05c35bfd,not fixed; not saved,71.25321698188782,PASS,2026-09-03T19:19:54
dnn_oof_v1_fixed_5fold_10run_73configs,ion_channel,Ion Channel,48,MSCMF__SMOTE__90_10,SMOTE,MSCMF,SMOTE,90_10,90/10,10,5,42840,41364,1476,0.9900093370681606,0.9145569620253164,0.7831978319783198,0.8437956204379562,0.9733028114598427,0.8717886692600676,39cee56f51793454ee2496d32c41737e7be08bb87f94d304fb61b86f05c35bfd,not fixed; not saved,72.09318971633911,PASS,2026-09-03T19:22:57
dnn_oof_v1_fixed_5fold_10run_73configs,ion_channel,Ion Channel,49,MSCMF__BasicSMOTE__50_50,Basic SMOTE,MSCMF,BasicSMOTE,50_50,50/50,1,5,42840,41364,1476,0.9900560224089636,0.8965256797583081,0.80420054200542,0.8478571428571429,0.9705099304764443,0.8695278690500374,39cee56f51793454ee2496d32c41737e7be08bb87f94d304fb61b86f05c35bfd,not fixed; not saved,115.16567087173462,PASS,2026-09-03T19:26:44
dnn_oof_v1_fixed_5fold_10run_73configs,ion_channel,Ion Channel,49,MSCMF__BasicSMOTE__50_50,Basic SMOTE,MSCMF,BasicSMOTE,50_50,50/50,2,5,42840,41364,1476,0.9899393090569562,0.9169992019154031,0.7784552845528455,0.8420666910956395,0.9718676711535029,0.8682837992467732,39cee56f51793454ee2496d32c41737e7be08bb87f94d304fb61b86f05c35bfd,not fixed; not saved,116.40247941017151,PASS,2026-09-03T19:30:32
dnn_oof_v1_fixed_5fold_10run_73configs,ion_channel,Ion Channel,49,MSCMF__BasicSMOTE__50_50,Basic SMOTE,MSCMF,BasicSMOTE,50_50,50/50,3,5,42840,41364,1476,0.990499533146592,0.9133797370456304,0.8001355013550135,0.8530155290718671,0.9700395051769878,0.8712034794706136,39cee56f51793454ee2496d32c41737e7be08bb87f94d304fb61b86f05c35bfd,not fixed; not saved,116.09594750404358,PASS,2026-09-03T19:34:19
dnn_oof_v1_fixed_5fold_10run_73configs,ion_channel,Ion Channel,49,MSCMF__BasicSMOTE__50_50,Basic SMOTE,MSCMF,BasicSMOTE,50_50,50/50,4,5,42840,41364,1476,0.988468720821662,0.8573508005822417,0.7981029810298103,0.8266666666666667,0.9680985442481831,0.8354036993884109,39cee56f51793454ee2496d32c41737e7be08bb87f94d304fb61b86f05c35bfd,not fixed; not saved,117.40065145492554,PASS,2026-09-03T19:38:08
dnn_oof_v1_fixed_5fold_10run_73configs,ion_channel,Ion Channel,49,MSCMF__BasicSMOTE__50_50,Basic SMOTE,MSCMF,BasicSMOTE,50_50,50/50,5,5,42840,41364,1476,0.9906162464985995,0.9268680445151033,0.7899728997289973,0.852962692026335,0.9626191566105294,0.8524986854207276,39cee56f51793454ee2496d32c41737e7be08bb87f94d304fb61b86f05c35bfd,not fixed; not saved,118.35008835792542,PASS,2026-09-03T19:41:57
dnn_oof_v1_fixed_5fold_10run_73configs,ion_channel,Ion Channel,49,MSCMF__BasicSMOTE__50_50,Basic SMOTE,MSCMF,BasicSMOTE,50_50,50/50,6,5,42840,41364,1476,0.9896358543417367,0.8839285714285714,0.8048780487804879,0.8425531914893617,0.962029638579192,0.858873025130227,39cee56f51793454ee2496d32c41737e7be08bb87f94d304fb61b86f05c35bfd,not fixed; not saved,116.91652059555054,PASS,2026-09-03T19:45:46
dnn_oof_v1_fixed_5fold_10run_73configs,ion_channel,Ion Channel,49,MSCMF__BasicSMOTE__50_50,Basic SMOTE,MSCMF,BasicSMOTE,50_50,50/50,7,5,42840,41364,1476,0.9905695611577965,0.9148606811145511,0.8008130081300813,0.8540462427745664,0.9695436103137746,0.8722590414136011,39cee56f51793454ee2496d32c41737e7be08bb87f94d304fb61b86f05c35bfd,not fixed; not saved,114.46007561683655,PASS,2026-09-03T19:49:35
dnn_oof_v1_fixed_5fold_10run_73configs,ion_channel,Ion Channel,49,MSCMF__BasicSMOTE__50_50,Basic SMOTE,MSCMF,BasicSMOTE,50_50,50/50,8,5,42840,41364,1476,0.9904295051353875,0.9081163859111792,0.8035230352303523,0.8526240115025162,0.9686626828010375,0.8684271928484754,39cee56f51793454ee2496d32c41737e7be08bb87f94d304fb61b86f05c35bfd,not fixed; not saved,117.96236371994019,PASS,2026-09-03T19:53:26
dnn_oof_v1_fixed_5fold_10run_73configs,ion_channel,Ion Channel,49,MSCMF__BasicSMOTE__50_50,Basic SMOTE,MSCMF,BasicSMOTE,50_50,50/50,9,5,42840,41364,1476,0.9903828197945845,0.9143302180685359,0.7953929539295393,0.8507246376811595,0.9700136834617065,0.8670941153546056,39cee56f51793454ee2496d32c41737e7be08bb87f94d304fb61b86f05c35bfd,not fixed; not saved,115.71900725364685,PASS,2026-09-03T19:57:16
dnn_oof_v1_fixed_5fold_10run_73configs,ion_channel,Ion Channel,49,MSCMF__BasicSMOTE__50_50,Basic SMOTE,MSCMF,BasicSMOTE,50_50,50/50,10,5,42840,41364,1476,0.9892857142857143,0.8752767527675277,0.8035230352303523,0.8378664782762275,0.9651023899393815,0.8557927036800669,39cee56f51793454ee2496d32c41737e7be08bb87f94d304fb61b86f05c35bfd,not fixed; not saved,114.91462016105652,PASS,2026-09-03T20:01:07
dnn_oof_v1_fixed_5fold_10run_73configs,ion_channel,Ion Channel,50,MSCMF__BasicSMOTE__80_20,Basic SMOTE,MSCMF,BasicSMOTE,80_20,80/20,1,5,42840,41364,1476,0.990359477124183,0.9255404323458767,0.7831978319783198,0.848440366972477,0.9689599560148004,0.8699610865252198,39cee56f51793454ee2496d32c41737e7be08bb87f94d304fb61b86f05c35bfd,not fixed; not saved,78.36123609542847,PASS,2026-09-03T20:04:22
dnn_oof_v1_fixed_5fold_10run_73configs,ion_channel,Ion Channel,50,MSCMF__BasicSMOTE__80_20,Basic SMOTE,MSCMF,BasicSMOTE,80_20,80/20,2,5,42840,41364,1476,0.99031279178338,0.9154267815191856,0.7920054200542005,0.8492553577915002,0.971781475925677,0.8725775261806273,39cee56f51793454ee2496d32c41737e7be08bb87f94d304fb61b86f05c35bfd,not fixed; not saved,80.9149534702301,PASS,2026-09-03T20:07:37
dnn_oof_v1_fixed_5fold_10run_73configs,ion_channel,Ion Channel,50,MSCMF__BasicSMOTE__80_20,Basic SMOTE,MSCMF,BasicSMOTE,80_20,80/20,3,5,42840,41364,1476,0.9900793650793651,0.9289795918367347,0.7710027100271003,0.8426508700481303,0.9694547698547288,0.8677744648314915,39cee56f51793454ee2496d32c41737e7be08bb87f94d304fb61b86f05c35bfd,not fixed; not saved,78.71138072013855,PASS,2026-09-03T20:10:51
dnn_oof_v1_fixed_5fold_10run_73configs,ion_channel,Ion Channel,50,MSCMF__BasicSMOTE__80_20,Basic SMOTE,MSCMF,BasicSMOTE,80_20,80/20,4,5,42840,41364,1476,0.9901027077497666,0.8996960486322189,0.8021680216802168,0.8481375358166189,0.9665774871594088,0.8731246177120174,39cee56f51793454ee2496d32c41737e7be08bb87f94d304fb61b86f05c35bfd,not fixed; not saved,79.72485280036926,PASS,2026-09-03T20:14:08
dnn_oof_v1_fixed_5fold_10run_73configs,ion_channel,Ion Channel,50,MSCMF__BasicSMOTE__80_20,Basic SMOTE,MSCMF,BasicSMOTE,80_20,80/20,5,5,42840,41364,1476,0.9909897292250234,0.9304897314375987,0.7981029810298103,0.8592268417213713,0.9730924295873846,0.8763165782086303,39cee56f51793454ee2496d32c41737e7be08bb87f94d304fb61b86f05c35bfd,not fixed; not saved,78.75990533828735,PASS,2026-09-03T20:17:22
dnn_oof_v1_fixed_5fold_10run_73configs,ion_channel,Ion Channel,50,MSCMF__BasicSMOTE__80_20,Basic SMOTE,MSCMF,BasicSMOTE,80_20,80/20,6,5,42840,41364,1476,0.9902661064425771,0.9133489461358314,0.7926829268292683,0.8487486398258978,0.9669812739250107,0.871304153970322,39cee56f51793454ee2496d32c41737e7be08bb87f94d304fb61b86f05c35bfd,not fixed; not saved,79.26856184005737,PASS,2026-09-03T20:20:38
dnn_oof_v1_fixed_5fold_10run_73configs,ion_channel,Ion Channel,50,MSCMF__BasicSMOTE__80_20,Basic SMOTE,MSCMF,BasicSMOTE,80_20,80/20,7,5,42840,41364,1476,0.990452847805789,0.9217391304347826,0.7899728997289973,0.8507843852608536,0.9754475125195601,0.8756900733817626,39cee56f51793454ee2496d32c41737e7be08bb87f94d304fb61b86f05c35bfd,not fixed; not saved,79.19841623306274,PASS,2026-09-03T20:23:53
dnn_oof_v1_fixed_5fold_10run_73configs,ion_channel,Ion Channel,50,MSCMF__BasicSMOTE__80_20,Basic SMOTE,MSCMF,BasicSMOTE,80_20,80/20,8,5,42840,41364,1476,0.9902661064425771,0.9114219114219114,0.7947154471544715,0.8490770901194354,0.9672472711696463,0.8702028932382142,39cee56f51793454ee2496d32c41737e7be08bb87f94d304fb61b86f05c35bfd,not fixed; not saved,78.19779014587402,PASS,2026-09-03T20:27:10
dnn_oof_v1_fixed_5fold_10run_73configs,ion_channel,Ion Channel,50,MSCMF__BasicSMOTE__80_20,Basic SMOTE,MSCMF,BasicSMOTE,80_20,80/20,9,5,42840,41364,1476,0.9905695611577965,0.9142194744976816,0.801490514905149,0.8541516245487365,0.9683055683968019,0.8684901975333744,39cee56f51793454ee2496d32c41737e7be08bb87f94d304fb61b86f05c35bfd,not fixed; not saved,78.0410680770874,PASS,2026-09-03T20:30:24
dnn_oof_v1_fixed_5fold_10run_73configs,ion_channel,Ion Channel,50,MSCMF__BasicSMOTE__80_20,Basic SMOTE,MSCMF,BasicSMOTE,80_20,80/20,10,5,42840,41364,1476,0.990639589169001,0.9366368805848904,0.7811653116531165,0.851865533801256,0.9754084155107579,0.8785632382032317,39cee56f51793454ee2496d32c41737e7be08bb87f94d304fb61b86f05c35bfd,not fixed; not saved,79.64987397193909,PASS,2026-09-03T20:33:39
dnn_oof_v1_fixed_5fold_10run_73configs,ion_channel,Ion Channel,51,MSCMF__BasicSMOTE__85_15,Basic SMOTE,MSCMF,BasicSMOTE,85_15,85/15,1,5,42840,41364,1476,0.9905695611577965,0.9207221350078493,0.7947154471544715,0.8530909090909091,0.9715020477856844,0.8797122062600949,39cee56f51793454ee2496d32c41737e7be08bb87f94d304fb61b86f05c35bfd,not fixed; not saved,75.98356938362122,PASS,2026-09-03T20:36:52
dnn_oof_v1_fixed_5fold_10run_73configs,ion_channel,Ion Channel,51,MSCMF__BasicSMOTE__85_15,Basic SMOTE,MSCMF,BasicSMOTE,85_15,85/15,2,5,42840,41364,1476,0.9906162464985995,0.9143518518518519,0.8028455284552846,0.854978354978355,0.9766867255450912,0.884169929384583,39cee56f51793454ee2496d32c41737e7be08bb87f94d304fb61b86f05c35bfd,not fixed; not saved,76.80978631973267,PASS,2026-09-03T20:40:07
dnn_oof_v1_fixed_5fold_10run_73configs,ion_channel,Ion Channel,51,MSCMF__BasicSMOTE__85_15,Basic SMOTE,MSCMF,BasicSMOTE,85_15,85/15,3,5,42840,41364,1476,0.9904295051353875,0.9196850393700787,0.7913279132791328,0.8506919155134741,0.9759549464873819,0.8798230033823388,39cee56f51793454ee2496d32c41737e7be08bb87f94d304fb61b86f05c35bfd,not fixed; not saved,75.92304420471191,PASS,2026-09-03T20:43:19
dnn_oof_v1_fixed_5fold_10run_73configs,ion_channel,Ion Channel,51,MSCMF__BasicSMOTE__85_15,Basic SMOTE,MSCMF,BasicSMOTE,85_15,85/15,4,5,42840,41364,1476,0.9902427637721756,0.91328125,0.7920054200542005,0.8483309143686503,0.9676820554589842,0.8755419217528942,39cee56f51793454ee2496d32c41737e7be08bb87f94d304fb61b86f05c35bfd,not fixed; not saved,74.23651266098022,PASS,2026-09-03T20:46:30
dnn_oof_v1_fixed_5fold_10run_73configs,ion_channel,Ion Channel,51,MSCMF__BasicSMOTE__85_15,Basic SMOTE,MSCMF,BasicSMOTE,85_15,85/15,5,5,42840,41364,1476,0.990499533146592,0.9286287089013633,0.7845528455284553,0.8505325009181051,0.9726130203292652,0.866627278986011,39cee56f51793454ee2496d32c41737e7be08bb87f94d304fb61b86f05c35bfd,not fixed; not saved,74.99448657035828,PASS,2026-09-03T20:49:43
dnn_oof_v1_fixed_5fold_10run_73configs,ion_channel,Ion Channel,51,MSCMF__BasicSMOTE__85_15,Basic SMOTE,MSCMF,BasicSMOTE,85_15,85/15,6,5,42840,41364,1476,0.9902427637721756,0.9032012195121951,0.8028455284552846,0.8500717360114778,0.9665531068085074,0.8640385589819065,39cee56f51793454ee2496d32c41737e7be08bb87f94d304fb61b86f05c35bfd,not fixed; not saved,74.9382951259613,PASS,2026-09-03T20:52:56
dnn_oof_v1_fixed_5fold_10run_73configs,ion_channel,Ion Channel,51,MSCMF__BasicSMOTE__85_15,Basic SMOTE,MSCMF,BasicSMOTE,85_15,85/15,7,5,42840,41364,1476,0.9904295051353875,0.9183673469387755,0.7926829268292683,0.850909090909091,0.9751324188007378,0.8742640709285278,39cee56f51793454ee2496d32c41737e7be08bb87f94d304fb61b86f05c35bfd,not fixed; not saved,74.22943544387817,PASS,2026-09-03T20:56:07
dnn_oof_v1_fixed_5fold_10run_73configs,ion_channel,Ion Channel,51,MSCMF__BasicSMOTE__85_15,Basic SMOTE,MSCMF,BasicSMOTE,85_15,85/15,8,5,42840,41364,1476,0.9901960784313726,0.9144427001569859,0.7892953929539296,0.8472727272727273,0.9707369126079812,0.8708203473045947,39cee56f51793454ee2496d32c41737e7be08bb87f94d304fb61b86f05c35bfd,not fixed; not saved,74.64747881889343,PASS,2026-09-03T20:59:22
dnn_oof_v1_fixed_5fold_10run_73configs,ion_channel,Ion Channel,51,MSCMF__BasicSMOTE__85_15,Basic SMOTE,MSCMF,BasicSMOTE,85_15,85/15,9,5,42840,41364,1476,0.9905695611577965,0.9155038759689923,0.8001355013550135,0.853940708604483,0.9749633451210733,0.8754884025556792,39cee56f51793454ee2496d32c41737e7be08bb87f94d304fb61b86f05c35bfd,not fixed; not saved,75.19244694709778,PASS,2026-09-03T21:02:39
dnn_oof_v1_fixed_5fold_10run_73configs,ion_channel,Ion Channel,51,MSCMF__BasicSMOTE__85_15,Basic SMOTE,MSCMF,BasicSMOTE,85_15,85/15,10,5,42840,41364,1476,0.9904761904761905,0.9152410575427683,0.7974254742547425,0.8522809558291093,0.9676744801064199,0.8713233223558492,39cee56f51793454ee2496d32c41737e7be08bb87f94d304fb61b86f05c35bfd,not fixed; not saved,75.43044638633728,PASS,2026-09-03T21:05:55
dnn_oof_v1_fixed_5fold_10run_73configs,ion_channel,Ion Channel,52,MSCMF__BasicSMOTE__90_10,Basic SMOTE,MSCMF,BasicSMOTE,90_10,90/10,1,5,42840,41364,1476,0.9902194211017741,0.9025133282559025,0.8028455284552846,0.8497669415561133,0.9713728327448635,0.873551055610326,39cee56f51793454ee2496d32c41737e7be08bb87f94d304fb61b86f05c35bfd,not fixed; not saved,71.8511393070221,PASS,2026-09-03T21:09:08
dnn_oof_v1_fixed_5fold_10run_73configs,ion_channel,Ion Channel,52,MSCMF__BasicSMOTE__90_10,Basic SMOTE,MSCMF,BasicSMOTE,90_10,90/10,2,5,42840,41364,1476,0.9901727357609711,0.9163378058405682,0.7865853658536586,0.8465184104994532,0.9757041163270158,0.8728609279937979,39cee56f51793454ee2496d32c41737e7be08bb87f94d304fb61b86f05c35bfd,not fixed; not saved,71.02282929420471,PASS,2026-09-03T21:12:20
dnn_oof_v1_fixed_5fold_10run_73configs,ion_channel,Ion Channel,52,MSCMF__BasicSMOTE__90_10,Basic SMOTE,MSCMF,BasicSMOTE,90_10,90/10,3,5,42840,41364,1476,0.9891923436041083,0.8851711026615969,0.7886178861788617,0.8341096381225367,0.9731499449398806,0.869138220788525,39cee56f51793454ee2496d32c41737e7be08bb87f94d304fb61b86f05c35bfd,not fixed; not saved,71.89118838310242,PASS,2026-09-03T21:15:34
dnn_oof_v1_fixed_5fold_10run_73configs,ion_channel,Ion Channel,52,MSCMF__BasicSMOTE__90_10,Basic SMOTE,MSCMF,BasicSMOTE,90_10,90/10,4,5,42840,41364,1476,0.9899626517273576,0.9098746081504702,0.7865853658536586,0.84375,0.9626650755314244,0.8622930294168567,39cee56f51793454ee2496d32c41737e7be08bb87f94d304fb61b86f05c35bfd,not fixed; not saved,70.96657490730286,PASS,2026-09-03T21:18:45
dnn_oof_v1_fixed_5fold_10run_73configs,ion_channel,Ion Channel,52,MSCMF__BasicSMOTE__90_10,Basic SMOTE,MSCMF,BasicSMOTE,90_10,90/10,5,5,42840,41364,1476,0.9899626517273576,0.9177316293929713,0.7784552845528455,0.842375366568915,0.9659360963895395,0.8611533178328371,39cee56f51793454ee2496d32c41737e7be08bb87f94d304fb61b86f05c35bfd,not fixed; not saved,71.19463109970093,PASS,2026-09-03T21:21:57
dnn_oof_v1_fixed_5fold_10run_73configs,ion_channel,Ion Channel,52,MSCMF__BasicSMOTE__90_10,Basic SMOTE,MSCMF,BasicSMOTE,90_10,90/10,6,5,42840,41364,1476,0.9893323996265173,0.8964980544747082,0.7804878048780488,0.8344802607750815,0.9711831295375134,0.8589867068816589,39cee56f51793454ee2496d32c41737e7be08bb87f94d304fb61b86f05c35bfd,not fixed; not saved,71.14880800247192,PASS,2026-09-03T21:25:09
dnn_oof_v1_fixed_5fold_10run_73configs,ion_channel,Ion Channel,52,MSCMF__BasicSMOTE__90_10,Basic SMOTE,MSCMF,BasicSMOTE,90_10,90/10,7,5,42840,41364,1476,0.9898459383753502,0.9025522041763341,0.790650406504065,0.8429035752979415,0.9719850768338937,0.8658976056053722,39cee56f51793454ee2496d32c41737e7be08bb87f94d304fb61b86f05c35bfd,not fixed; not saved,71.75224804878235,PASS,2026-09-03T21:28:22
dnn_oof_v1_fixed_5fold_10run_73configs,ion_channel,Ion Channel,52,MSCMF__BasicSMOTE__90_10,Basic SMOTE,MSCMF,BasicSMOTE,90_10,90/10,8,5,42840,41364,1476,0.9899626517273576,0.9079563182527302,0.7886178861788617,0.8440899202320522,0.9736842488879872,0.8760333332323619,39cee56f51793454ee2496d32c41737e7be08bb87f94d304fb61b86f05c35bfd,not fixed; not saved,70.73227167129517,PASS,2026-09-03T21:31:35
dnn_oof_v1_fixed_5fold_10run_73configs,ion_channel,Ion Channel,52,MSCMF__BasicSMOTE__90_10,Basic SMOTE,MSCMF,BasicSMOTE,90_10,90/10,9,5,42840,41364,1476,0.9898225957049487,0.9269293924466339,0.7649051490514905,0.838158871566444,0.9700158782665574,0.8688824704478332,39cee56f51793454ee2496d32c41737e7be08bb87f94d304fb61b86f05c35bfd,not fixed; not saved,73.14457511901855,PASS,2026-09-03T21:34:53
dnn_oof_v1_fixed_5fold_10run_73configs,ion_channel,Ion Channel,52,MSCMF__BasicSMOTE__90_10,Basic SMOTE,MSCMF,BasicSMOTE,90_10,90/10,10,5,42840,41364,1476,0.9900793650793651,0.9134539732494099,0.7865853658536586,0.8452857662904987,0.9720862999232932,0.8704621579075317,39cee56f51793454ee2496d32c41737e7be08bb87f94d304fb61b86f05c35bfd,not fixed; not saved,72.36733269691467,PASS,2026-09-03T21:38:12
dnn_oof_v1_fixed_5fold_10run_73configs,ion_channel,Ion Channel,53,MSCMF__KMeansSMOTE__50_50,k-Means SMOTE,MSCMF,KMeansSMOTE,50_50,50/50,1,5,42840,41364,1476,0.9894724556489263,0.8821774794929157,0.801490514905149,0.8399006034788783,0.9660092538213846,0.8363376306394454,39cee56f51793454ee2496d32c41737e7be08bb87f94d304fb61b86f05c35bfd,not fixed; not saved,117.18723249435425,PASS,2026-09-03T21:42:13
dnn_oof_v1_fixed_5fold_10run_73configs,ion_channel,Ion Channel,53,MSCMF__KMeansSMOTE__50_50,k-Means SMOTE,MSCMF,KMeansSMOTE,50_50,50/50,2,5,42840,41364,1476,0.9882819794584501,0.8419943820224719,0.8123306233062331,0.8268965517241379,0.957132922492072,0.8356723939387632,39cee56f51793454ee2496d32c41737e7be08bb87f94d304fb61b86f05c35bfd,not fixed; not saved,117.84970211982727,PASS,2026-09-03T21:46:17
dnn_oof_v1_fixed_5fold_10run_73configs,ion_channel,Ion Channel,53,MSCMF__KMeansSMOTE__50_50,k-Means SMOTE,MSCMF,KMeansSMOTE,50_50,50/50,3,5,42840,41364,1476,0.9901260504201681,0.9110070257611241,0.790650406504065,0.8465723612622416,0.9677886345273857,0.8656056904159137,39cee56f51793454ee2496d32c41737e7be08bb87f94d304fb61b86f05c35bfd,not fixed; not saved,117.5267858505249,PASS,2026-09-03T21:50:21
dnn_oof_v1_fixed_5fold_10run_73configs,ion_channel,Ion Channel,53,MSCMF__KMeansSMOTE__50_50,k-Means SMOTE,MSCMF,KMeansSMOTE,50_50,50/50,4,5,42840,41364,1476,0.9902894491129786,0.9021244309559939,0.8055555555555556,0.851109520400859,0.9719880087000755,0.8669692126458214,39cee56f51793454ee2496d32c41737e7be08bb87f94d304fb61b86f05c35bfd,not fixed; not saved,116.50874590873718,PASS,2026-09-03T21:54:22
dnn_oof_v1_fixed_5fold_10run_73configs,ion_channel,Ion Channel,53,MSCMF__KMeansSMOTE__50_50,k-Means SMOTE,MSCMF,KMeansSMOTE,50_50,50/50,5,5,42840,41364,1476,0.990592903828198,0.9201252936570086,0.7960704607046071,0.853614239011987,0.9713695241584465,0.8663266001608408,39cee56f51793454ee2496d32c41737e7be08bb87f94d304fb61b86f05c35bfd,not fixed; not saved,115.25357961654663,PASS,2026-09-03T21:58:24
dnn_oof_v1_fixed_5fold_10run_73configs,ion_channel,Ion Channel,53,MSCMF__KMeansSMOTE__50_50,k-Means SMOTE,MSCMF,KMeansSMOTE,50_50,50/50,6,5,42840,41364,1476,0.9902661064425771,0.9146436961628818,0.7913279132791328,0.8485288775880857,0.9705953640742288,0.8703710384707285,39cee56f51793454ee2496d32c41737e7be08bb87f94d304fb61b86f05c35bfd,not fixed; not saved,118.04232692718506,PASS,2026-09-03T22:02:29
dnn_oof_v1_fixed_5fold_10run_73configs,ion_channel,Ion Channel,53,MSCMF__KMeansSMOTE__50_50,k-Means SMOTE,MSCMF,KMeansSMOTE,50_50,50/50,7,5,42840,41364,1476,0.990406162464986,0.9196217494089834,0.790650406504065,0.8502732240437159,0.9696887049314842,0.8686925249056379,39cee56f51793454ee2496d32c41737e7be08bb87f94d304fb61b86f05c35bfd,not fixed; not saved,117.68221044540405,PASS,2026-09-03T22:06:32
dnn_oof_v1_fixed_5fold_10run_73configs,ion_channel,Ion Channel,53,MSCMF__KMeansSMOTE__50_50,k-Means SMOTE,MSCMF,KMeansSMOTE,50_50,50/50,8,5,42840,41364,1476,0.9900560224089636,0.9186602870813397,0.7804878048780488,0.843956043956044,0.9700829508476402,0.8606749028068609,39cee56f51793454ee2496d32c41737e7be08bb87f94d304fb61b86f05c35bfd,not fixed; not saved,116.56574177742004,PASS,2026-09-03T22:10:35
dnn_oof_v1_fixed_5fold_10run_73configs,ion_channel,Ion Channel,53,MSCMF__KMeansSMOTE__50_50,k-Means SMOTE,MSCMF,KMeansSMOTE,50_50,50/50,9,5,42840,41364,1476,0.9895658263305322,0.8979118329466357,0.7865853658536586,0.838569880823402,0.9690213614132079,0.8593358371045424,39cee56f51793454ee2496d32c41737e7be08bb87f94d304fb61b86f05c35bfd,not fixed; not saved,117.0095751285553,PASS,2026-09-03T22:14:40
dnn_oof_v1_fixed_5fold_10run_73configs,ion_channel,Ion Channel,53,MSCMF__KMeansSMOTE__50_50,k-Means SMOTE,MSCMF,KMeansSMOTE,50_50,50/50,10,5,42840,41364,1476,0.9898225957049487,0.9081632653061225,0.7838753387533876,0.8414545454545455,0.9714425423675956,0.8675930741222594,39cee56f51793454ee2496d32c41737e7be08bb87f94d304fb61b86f05c35bfd,not fixed; not saved,116.02027654647827,PASS,2026-09-03T22:18:43
dnn_oof_v1_fixed_5fold_10run_73configs,ion_channel,Ion Channel,54,MSCMF__KMeansSMOTE__80_20,k-Means SMOTE,MSCMF,KMeansSMOTE,80_20,80/20,1,5,42840,41364,1476,0.9896825396825397,0.9142628205128205,0.7730352303523035,0.8377386196769456,0.9714933095141317,0.8578280646714009,39cee56f51793454ee2496d32c41737e7be08bb87f94d304fb61b86f05c35bfd,not fixed; not saved,79.19410419464111,PASS,2026-09-03T22:22:09
dnn_oof_v1_fixed_5fold_10run_73configs,ion_channel,Ion Channel,54,MSCMF__KMeansSMOTE__80_20,k-Means SMOTE,MSCMF,KMeansSMOTE,80_20,80/20,2,5,42840,41364,1476,0.9900560224089636,0.9050925925925926,0.7947154471544715,0.8463203463203464,0.9724710868857069,0.870972436583045,39cee56f51793454ee2496d32c41737e7be08bb87f94d304fb61b86f05c35bfd,not fixed; not saved,79.99406695365906,PASS,2026-09-03T22:25:40
dnn_oof_v1_fixed_5fold_10run_73configs,ion_channel,Ion Channel,54,MSCMF__KMeansSMOTE__80_20,k-Means SMOTE,MSCMF,KMeansSMOTE,80_20,80/20,3,5,42840,41364,1476,0.9896358543417367,0.9056603773584906,0.7804878048780488,0.8384279475982532,0.9685453180684983,0.8649867395447561,39cee56f51793454ee2496d32c41737e7be08bb87f94d304fb61b86f05c35bfd,not fixed; not saved,77.73244905471802,PASS,2026-09-03T22:29:06
dnn_oof_v1_fixed_5fold_10run_73configs,ion_channel,Ion Channel,54,MSCMF__KMeansSMOTE__80_20,k-Means SMOTE,MSCMF,KMeansSMOTE,80_20,80/20,4,5,42840,41364,1476,0.9902661064425771,0.9057471264367816,0.8008130081300813,0.8500539374325782,0.9742671661256309,0.8687148072846347,39cee56f51793454ee2496d32c41737e7be08bb87f94d304fb61b86f05c35bfd,not fixed; not saved,80.67049789428711,PASS,2026-09-03T22:32:36
dnn_oof_v1_fixed_5fold_10run_73configs,ion_channel,Ion Channel,54,MSCMF__KMeansSMOTE__80_20,k-Means SMOTE,MSCMF,KMeansSMOTE,80_20,80/20,5,5,42840,41364,1476,0.9904761904761905,0.9120370370370371,0.8008130081300813,0.8528138528138528,0.9716399929084871,0.8737078979397619,39cee56f51793454ee2496d32c41737e7be08bb87f94d304fb61b86f05c35bfd,not fixed; not saved,80.4467203617096,PASS,2026-09-03T22:36:06
dnn_oof_v1_fixed_5fold_10run_73configs,ion_channel,Ion Channel,54,MSCMF__KMeansSMOTE__80_20,k-Means SMOTE,MSCMF,KMeansSMOTE,80_20,80/20,6,5,42840,41364,1476,0.9890989729225024,0.8865900383141763,0.7838753387533876,0.8320747932398418,0.9728566027198808,0.859808441276967,39cee56f51793454ee2496d32c41737e7be08bb87f94d304fb61b86f05c35bfd,not fixed; not saved,78.68176126480103,PASS,2026-09-03T22:39:34
dnn_oof_v1_fixed_5fold_10run_73configs,ion_channel,Ion Channel,54,MSCMF__KMeansSMOTE__80_20,k-Means SMOTE,MSCMF,KMeansSMOTE,80_20,80/20,7,5,42840,41364,1476,0.9899159663865547,0.916267942583732,0.7784552845528455,0.8417582417582418,0.9727804479052913,0.8639414459348147,39cee56f51793454ee2496d32c41737e7be08bb87f94d304fb61b86f05c35bfd,not fixed; not saved,81.2728762626648,PASS,2026-09-03T22:43:05
dnn_oof_v1_fixed_5fold_10run_73configs,ion_channel,Ion Channel,54,MSCMF__KMeansSMOTE__80_20,k-Means SMOTE,MSCMF,KMeansSMOTE,80_20,80/20,8,5,42840,41364,1476,0.9899159663865547,0.9182692307692307,0.7764227642276422,0.8414096916299559,0.9653453499226511,0.858913375330643,39cee56f51793454ee2496d32c41737e7be08bb87f94d304fb61b86f05c35bfd,not fixed; not saved,78.24674558639526,PASS,2026-09-03T22:46:32
dnn_oof_v1_fixed_5fold_10run_73configs,ion_channel,Ion Channel,54,MSCMF__KMeansSMOTE__80_20,k-Means SMOTE,MSCMF,KMeansSMOTE,80_20,80/20,9,5,42840,41364,1476,0.9898459383753502,0.8946171341925702,0.7994579945799458,0.8443649373881932,0.9731565539231449,0.8657081975812333,39cee56f51793454ee2496d32c41737e7be08bb87f94d304fb61b86f05c35bfd,not fixed; not saved,79.3443534374237,PASS,2026-09-03T22:49:59
dnn_oof_v1_fixed_5fold_10run_73configs,ion_channel,Ion Channel,54,MSCMF__KMeansSMOTE__80_20,k-Means SMOTE,MSCMF,KMeansSMOTE,80_20,80/20,10,5,42840,41364,1476,0.9904761904761905,0.9178403755868545,0.7947154471544715,0.8518518518518519,0.9712266489142989,0.87217699877567,39cee56f51793454ee2496d32c41737e7be08bb87f94d304fb61b86f05c35bfd,not fixed; not saved,79.03008270263672,PASS,2026-09-03T22:53:29
dnn_oof_v1_fixed_5fold_10run_73configs,ion_channel,Ion Channel,55,MSCMF__KMeansSMOTE__85_15,k-Means SMOTE,MSCMF,KMeansSMOTE,85_15,85/15,1,5,42840,41364,1476,0.990452847805789,0.9132455460883037,0.7987804878048781,0.8521864835561981,0.9742452098875499,0.8700123476211238,39cee56f51793454ee2496d32c41737e7be08bb87f94d304fb61b86f05c35bfd,not fixed; not saved,75.49951076507568,PASS,2026-09-03T22:56:58
dnn_oof_v1_fixed_5fold_10run_73configs,ion_channel,Ion Channel,55,MSCMF__KMeansSMOTE__85_15,k-Means SMOTE,MSCMF,KMeansSMOTE,85_15,85/15,2,5,42840,41364,1476,0.9898225957049487,0.9075235109717869,0.7845528455284553,0.8415697674418605,0.9675229730551342,0.8638465592195727,39cee56f51793454ee2496d32c41737e7be08bb87f94d304fb61b86f05c35bfd,not fixed; not saved,75.74323272705078,PASS,2026-09-03T23:00:25
dnn_oof_v1_fixed_5fold_10run_73configs,ion_channel,Ion Channel,55,MSCMF__KMeansSMOTE__85_15,k-Means SMOTE,MSCMF,KMeansSMOTE,85_15,85/15,3,5,42840,41364,1476,0.988468720821662,0.8664179104477612,0.7865853658536586,0.8245738636363636,0.9707991533425634,0.8584618123555511,39cee56f51793454ee2496d32c41737e7be08bb87f94d304fb61b86f05c35bfd,not fixed; not saved,76.15992379188538,PASS,2026-09-03T23:03:54
dnn_oof_v1_fixed_5fold_10run_73configs,ion_channel,Ion Channel,55,MSCMF__KMeansSMOTE__85_15,k-Means SMOTE,MSCMF,KMeansSMOTE,85_15,85/15,4,5,42840,41364,1476,0.9900793650793651,0.912156862745098,0.787940379403794,0.8455107233733188,0.9748755529270311,0.873634062908147,39cee56f51793454ee2496d32c41737e7be08bb87f94d304fb61b86f05c35bfd,not fixed; not saved,75.57516074180603,PASS,2026-09-03T23:07:19
dnn_oof_v1_fixed_5fold_10run_73configs,ion_channel,Ion Channel,55,MSCMF__KMeansSMOTE__85_15,k-Means SMOTE,MSCMF,KMeansSMOTE,85_15,85/15,5,5,42840,41364,1476,0.9896125116713352,0.9081551860649247,0.7771002710027101,0.8375319459656809,0.9656068347140294,0.855552956542422,39cee56f51793454ee2496d32c41737e7be08bb87f94d304fb61b86f05c35bfd,not fixed; not saved,74.81791186332703,PASS,2026-09-03T23:10:46
dnn_oof_v1_fixed_5fold_10run_73configs,ion_channel,Ion Channel,55,MSCMF__KMeansSMOTE__85_15,k-Means SMOTE,MSCMF,KMeansSMOTE,85_15,85/15,6,5,42840,41364,1476,0.9902661064425771,0.9179163378058406,0.787940379403794,0.8479766678818812,0.9742970908156524,0.8750967440961592,39cee56f51793454ee2496d32c41737e7be08bb87f94d304fb61b86f05c35bfd,not fixed; not saved,74.97705149650574,PASS,2026-09-03T23:14:15
dnn_oof_v1_fixed_5fold_10run_73configs,ion_channel,Ion Channel,55,MSCMF__KMeansSMOTE__85_15,k-Means SMOTE,MSCMF,KMeansSMOTE,85_15,85/15,7,5,42840,41364,1476,0.9900560224089636,0.9140378548895899,0.785230352303523,0.8447521865889213,0.9688547691733564,0.8678948133711382,39cee56f51793454ee2496d32c41737e7be08bb87f94d304fb61b86f05c35bfd,not fixed; not saved,76.34941220283508,PASS,2026-09-03T23:17:43
dnn_oof_v1_fixed_5fold_10run_73configs,ion_channel,Ion Channel,55,MSCMF__KMeansSMOTE__85_15,k-Means SMOTE,MSCMF,KMeansSMOTE,85_15,85/15,8,5,42840,41364,1476,0.9900793650793651,0.9108678655199375,0.7892953929539296,0.8457350272232305,0.9726551556686633,0.8722841981168618,39cee56f51793454ee2496d32c41737e7be08bb87f94d304fb61b86f05c35bfd,not fixed; not saved,75.16303205490112,PASS,2026-09-03T23:21:13
dnn_oof_v1_fixed_5fold_10run_73configs,ion_channel,Ion Channel,55,MSCMF__KMeansSMOTE__85_15,k-Means SMOTE,MSCMF,KMeansSMOTE,85_15,85/15,9,5,42840,41364,1476,0.990639589169001,0.9222309505106049,0.7953929539295393,0.8541287740996726,0.9723958083551439,0.8717998497239584,39cee56f51793454ee2496d32c41737e7be08bb87f94d304fb61b86f05c35bfd,not fixed; not saved,75.34609317779541,PASS,2026-09-03T23:24:42
dnn_oof_v1_fixed_5fold_10run_73configs,ion_channel,Ion Channel,55,MSCMF__KMeansSMOTE__85_15,k-Means SMOTE,MSCMF,KMeansSMOTE,85_15,85/15,10,5,42840,41364,1476,0.9903828197945845,0.9162754303599374,0.7933604336043361,0.85039941902687,0.9746258447378013,0.8720278733297632,39cee56f51793454ee2496d32c41737e7be08bb87f94d304fb61b86f05c35bfd,not fixed; not saved,74.50166296958923,PASS,2026-09-03T23:28:10
dnn_oof_v1_fixed_5fold_10run_73configs,ion_channel,Ion Channel,56,MSCMF__KMeansSMOTE__90_10,k-Means SMOTE,MSCMF,KMeansSMOTE,90_10,90/10,1,5,42840,41364,1476,0.9902661064425771,0.9120622568093385,0.7940379403794038,0.8489677653024267,0.9735208751492794,0.8704261963177289,39cee56f51793454ee2496d32c41737e7be08bb87f94d304fb61b86f05c35bfd,not fixed; not saved,72.35314917564392,PASS,2026-09-03T23:31:35
dnn_oof_v1_fixed_5fold_10run_73configs,ion_channel,Ion Channel,56,MSCMF__KMeansSMOTE__90_10,k-Means SMOTE,MSCMF,KMeansSMOTE,90_10,90/10,2,5,42840,41364,1476,0.9904295051353875,0.9138198757763976,0.7974254742547425,0.8516642547033285,0.973341433473565,0.8672358151435113,39cee56f51793454ee2496d32c41737e7be08bb87f94d304fb61b86f05c35bfd,not fixed; not saved,72.24848985671997,PASS,2026-09-03T23:35:02
dnn_oof_v1_fixed_5fold_10run_73configs,ion_channel,Ion Channel,56,MSCMF__KMeansSMOTE__90_10,k-Means SMOTE,MSCMF,KMeansSMOTE,90_10,90/10,3,5,42840,41364,1476,0.9902661064425771,0.9088803088803089,0.7974254742547425,0.8495128112594731,0.9754565701843558,0.875880208659414,39cee56f51793454ee2496d32c41737e7be08bb87f94d304fb61b86f05c35bfd,not fixed; not saved,71.52885246276855,PASS,2026-09-03T23:38:28
dnn_oof_v1_fixed_5fold_10run_73configs,ion_channel,Ion Channel,56,MSCMF__KMeansSMOTE__90_10,k-Means SMOTE,MSCMF,KMeansSMOTE,90_10,90/10,4,5,42840,41364,1476,0.9896591970121382,0.8933739527798934,0.7947154471544715,0.8411617067049122,0.9655274941565778,0.8622083805425724,39cee56f51793454ee2496d32c41737e7be08bb87f94d304fb61b86f05c35bfd,not fixed; not saved,71.4579529762268,PASS,2026-09-03T23:41:54
dnn_oof_v1_fixed_5fold_10run_73configs,ion_channel,Ion Channel,56,MSCMF__KMeansSMOTE__90_10,k-Means SMOTE,MSCMF,KMeansSMOTE,90_10,90/10,5,5,42840,41364,1476,0.9900560224089636,0.8959276018099548,0.8048780487804879,0.8479657387580299,0.9683044300465246,0.8644500753516776,39cee56f51793454ee2496d32c41737e7be08bb87f94d304fb61b86f05c35bfd,not fixed; not saved,72.90109539031982,PASS,2026-09-03T23:45:23
dnn_oof_v1_fixed_5fold_10run_73configs,ion_channel,Ion Channel,56,MSCMF__KMeansSMOTE__90_10,k-Means SMOTE,MSCMF,KMeansSMOTE,90_10,90/10,6,5,42840,41364,1476,0.990592903828198,0.926131850675139,0.7899728997289973,0.8526508226691042,0.9769914840261448,0.8780829433696807,39cee56f51793454ee2496d32c41737e7be08bb87f94d304fb61b86f05c35bfd,not fixed; not saved,72.4528272151947,PASS,2026-09-03T23:48:52
dnn_oof_v1_fixed_5fold_10run_73configs,ion_channel,Ion Channel,56,MSCMF__KMeansSMOTE__90_10,k-Means SMOTE,MSCMF,KMeansSMOTE,90_10,90/10,7,5,42840,41364,1476,0.9900326797385621,0.9260763606823721,0.7723577235772358,0.842260805319542,0.9702607464197164,0.8670094855944568,39cee56f51793454ee2496d32c41737e7be08bb87f94d304fb61b86f05c35bfd,not fixed; not saved,72.8597457408905,PASS,2026-09-03T23:52:23
dnn_oof_v1_fixed_5fold_10run_73configs,ion_channel,Ion Channel,56,MSCMF__KMeansSMOTE__90_10,k-Means SMOTE,MSCMF,KMeansSMOTE,90_10,90/10,8,5,42840,41364,1476,0.9895658263305322,0.8859714928732183,0.8001355013550135,0.8408686365254538,0.9679781821328997,0.8650004710484958,39cee56f51793454ee2496d32c41737e7be08bb87f94d304fb61b86f05c35bfd,not fixed; not saved,72.28573799133301,PASS,2026-09-03T23:55:51
dnn_oof_v1_fixed_5fold_10run_73configs,ion_channel,Ion Channel,56,MSCMF__KMeansSMOTE__90_10,k-Means SMOTE,MSCMF,KMeansSMOTE,90_10,90/10,9,5,42840,41364,1476,0.9900793650793651,0.9248181083265966,0.7750677506775068,0.8433468485071877,0.9707487055892703,0.8664589797427198,39cee56f51793454ee2496d32c41737e7be08bb87f94d304fb61b86f05c35bfd,not fixed; not saved,72.38051247596741,PASS,2026-09-03T23:59:20
dnn_oof_v1_fixed_5fold_10run_73configs,ion_channel,Ion Channel,56,MSCMF__KMeansSMOTE__90_10,k-Means SMOTE,MSCMF,KMeansSMOTE,90_10,90/10,10,5,42840,41364,1476,0.9900793650793651,0.9207365892714171,0.7791327913279132,0.8440366972477065,0.9730228673769186,0.8692000683504519,39cee56f51793454ee2496d32c41737e7be08bb87f94d304fb61b86f05c35bfd,not fixed; not saved,71.5955400466919,PASS,2026-09-04T00:02:48
dnn_oof_v1_fixed_5fold_10run_73configs,ion_channel,Ion Channel,57,MSCMF__SMOTETomekLinks__50_50,SMOTE + Tomek Links,MSCMF,SMOTETomekLinks,50_50,50/50,1,5,42840,41364,1476,0.9898692810457517,0.8940998487140696,0.8008130081300813,0.8448892065761258,0.9722311652330333,0.8636813482924096,39cee56f51793454ee2496d32c41737e7be08bb87f94d304fb61b86f05c35bfd,not fixed; not saved,117.31012797355652,PASS,2026-09-04T00:07:03
dnn_oof_v1_fixed_5fold_10run_73configs,ion_channel,Ion Channel,57,MSCMF__SMOTETomekLinks__50_50,SMOTE + Tomek Links,MSCMF,SMOTETomekLinks,50_50,50/50,2,5,42840,41364,1476,0.990406162464986,0.9000751314800901,0.8116531165311653,0.853580334877093,0.9717747195301465,0.8690321649845052,39cee56f51793454ee2496d32c41737e7be08bb87f94d304fb61b86f05c35bfd,not fixed; not saved,116.63104295730591,PASS,2026-09-04T00:11:16
dnn_oof_v1_fixed_5fold_10run_73configs,ion_channel,Ion Channel,57,MSCMF__SMOTETomekLinks__50_50,SMOTE + Tomek Links,MSCMF,SMOTETomekLinks,50_50,50/50,3,5,42840,41364,1476,0.9894491129785248,0.8764705882352941,0.8075880758807588,0.840620592383639,0.9732634851430711,0.8730959126596394,39cee56f51793454ee2496d32c41737e7be08bb87f94d304fb61b86f05c35bfd,not fixed; not saved,118.96152925491333,PASS,2026-09-04T00:15:33
dnn_oof_v1_fixed_5fold_10run_73configs,ion_channel,Ion Channel,57,MSCMF__SMOTETomekLinks__50_50,SMOTE + Tomek Links,MSCMF,SMOTETomekLinks,50_50,50/50,4,5,42840,41364,1476,0.990359477124183,0.9104247104247104,0.7987804878048781,0.8509563334536269,0.9675065693457437,0.8713415509128273,39cee56f51793454ee2496d32c41737e7be08bb87f94d304fb61b86f05c35bfd,not fixed; not saved,115.46958804130554,PASS,2026-09-04T00:19:47
dnn_oof_v1_fixed_5fold_10run_73configs,ion_channel,Ion Channel,57,MSCMF__SMOTETomekLinks__50_50,SMOTE + Tomek Links,MSCMF,SMOTETomekLinks,50_50,50/50,5,5,42840,41364,1476,0.9893323996265173,0.8983580922595777,0.7784552845528455,0.8341197822141561,0.9718010162405076,0.8700733755607706,39cee56f51793454ee2496d32c41737e7be08bb87f94d304fb61b86f05c35bfd,not fixed; not saved,117.1274402141571,PASS,2026-09-04T00:24:05
dnn_oof_v1_fixed_5fold_10run_73configs,ion_channel,Ion Channel,57,MSCMF__SMOTETomekLinks__50_50,SMOTE + Tomek Links,MSCMF,SMOTETomekLinks,50_50,50/50,6,5,42840,41364,1476,0.990546218487395,0.9226519337016574,0.7920054200542005,0.8523514400291652,0.974058332081967,0.8761941173314384,39cee56f51793454ee2496d32c41737e7be08bb87f94d304fb61b86f05c35bfd,not fixed; not saved,118.93398833274841,PASS,2026-09-04T00:28:24
dnn_oof_v1_fixed_5fold_10run_73configs,ion_channel,Ion Channel,57,MSCMF__SMOTETomekLinks__50_50,SMOTE + Tomek Links,MSCMF,SMOTETomekLinks,50_50,50/50,7,5,42840,41364,1476,0.9907096171802054,0.9250788643533123,0.7947154471544715,0.8549562682215743,0.9712113589864746,0.8793937637049661,39cee56f51793454ee2496d32c41737e7be08bb87f94d304fb61b86f05c35bfd,not fixed; not saved,117.49639964103699,PASS,2026-09-04T00:32:41
dnn_oof_v1_fixed_5fold_10run_73configs,ion_channel,Ion Channel,57,MSCMF__SMOTETomekLinks__50_50,SMOTE + Tomek Links,MSCMF,SMOTETomekLinks,50_50,50/50,8,5,42840,41364,1476,0.9896591970121382,0.889811320754717,0.7987804878048781,0.8418421992145663,0.973012122660633,0.8733721622973817,39cee56f51793454ee2496d32c41737e7be08bb87f94d304fb61b86f05c35bfd,not fixed; not saved,118.47716999053955,PASS,2026-09-04T00:37:01
dnn_oof_v1_fixed_5fold_10run_73configs,ion_channel,Ion Channel,57,MSCMF__SMOTETomekLinks__50_50,SMOTE + Tomek Links,MSCMF,SMOTETomekLinks,50_50,50/50,9,5,42840,41364,1476,0.9901493930905696,0.9035222052067381,0.7994579945799458,0.8483105679367362,0.9720661699593981,0.8718801708931826,39cee56f51793454ee2496d32c41737e7be08bb87f94d304fb61b86f05c35bfd,not fixed; not saved,116.27865362167358,PASS,2026-09-04T00:41:19
dnn_oof_v1_fixed_5fold_10run_73configs,ion_channel,Ion Channel,57,MSCMF__SMOTETomekLinks__50_50,SMOTE + Tomek Links,MSCMF,SMOTETomekLinks,50_50,50/50,10,5,42840,41364,1476,0.9904295051353875,0.901355421686747,0.8109756097560976,0.8537803138373752,0.9709845652150555,0.8704004514269396,39cee56f51793454ee2496d32c41737e7be08bb87f94d304fb61b86f05c35bfd,not fixed; not saved,116.35429883003235,PASS,2026-09-04T00:45:36
dnn_oof_v1_fixed_5fold_10run_73configs,ion_channel,Ion Channel,58,MSCMF__SMOTETomekLinks__80_20,SMOTE + Tomek Links,MSCMF,SMOTETomekLinks,80_20,80/20,1,5,42840,41364,1476,0.9904761904761905,0.9272,0.785230352303523,0.8503301540719003,0.969008561114767,0.8708771285096127,39cee56f51793454ee2496d32c41737e7be08bb87f94d304fb61b86f05c35bfd,not fixed; not saved,81.01289987564087,PASS,2026-09-04T00:49:20
dnn_oof_v1_fixed_5fold_10run_73configs,ion_channel,Ion Channel,58,MSCMF__SMOTETomekLinks__80_20,SMOTE + Tomek Links,MSCMF,SMOTETomekLinks,80_20,80/20,2,5,42840,41364,1476,0.9878851540616247,0.8362614195361912,0.8062330623306233,0.8209727492238703,0.9707630864747869,0.8610335476119036,39cee56f51793454ee2496d32c41737e7be08bb87f94d304fb61b86f05c35bfd,not fixed; not saved,80.0649516582489,PASS,2026-09-04T00:53:02
dnn_oof_v1_fixed_5fold_10run_73configs,ion_channel,Ion Channel,58,MSCMF__SMOTETomekLinks__80_20,SMOTE + Tomek Links,MSCMF,SMOTETomekLinks,80_20,80/20,3,5,42840,41364,1476,0.9888888888888889,0.8731343283582089,0.7926829268292683,0.8309659090909091,0.9695979726816899,0.8598465292576093,39cee56f51793454ee2496d32c41737e7be08bb87f94d304fb61b86f05c35bfd,not fixed; not saved,80.48935008049011,PASS,2026-09-04T00:56:47
dnn_oof_v1_fixed_5fold_10run_73configs,ion_channel,Ion Channel,58,MSCMF__SMOTETomekLinks__80_20,SMOTE + Tomek Links,MSCMF,SMOTETomekLinks,80_20,80/20,4,5,42840,41364,1476,0.9900093370681606,0.899390243902439,0.7994579945799458,0.8464849354375896,0.9742737177819027,0.874110699724439,39cee56f51793454ee2496d32c41737e7be08bb87f94d304fb61b86f05c35bfd,not fixed; not saved,79.89358973503113,PASS,2026-09-04T01:00:28
dnn_oof_v1_fixed_5fold_10run_73configs,ion_channel,Ion Channel,58,MSCMF__SMOTETomekLinks__80_20,SMOTE + Tomek Links,MSCMF,SMOTETomekLinks,80_20,80/20,5,5,42840,41364,1476,0.9892156862745098,0.89,0.7838753387533876,0.8335734870317003,0.9713487554080645,0.8639309346128105,39cee56f51793454ee2496d32c41737e7be08bb87f94d304fb61b86f05c35bfd,not fixed; not saved,82.31372714042664,PASS,2026-09-04T01:04:13
dnn_oof_v1_fixed_5fold_10run_73configs,ion_channel,Ion Channel,58,MSCMF__SMOTETomekLinks__80_20,SMOTE + Tomek Links,MSCMF,SMOTETomekLinks,80_20,80/20,6,5,42840,41364,1476,0.9895191409897293,0.9157894736842105,0.766260162601626,0.8343784581335301,0.9748524665282434,0.8650306542045159,39cee56f51793454ee2496d32c41737e7be08bb87f94d304fb61b86f05c35bfd,not fixed; not saved,81.24366736412048,PASS,2026-09-04T01:07:56
dnn_oof_v1_fixed_5fold_10run_73configs,ion_channel,Ion Channel,58,MSCMF__SMOTETomekLinks__80_20,SMOTE + Tomek Links,MSCMF,SMOTETomekLinks,80_20,80/20,7,5,42840,41364,1476,0.990359477124183,0.9123351435221102,0.7967479674796748,0.850632911392405,0.9731860118076568,0.8779025238700326,39cee56f51793454ee2496d32c41737e7be08bb87f94d304fb61b86f05c35bfd,not fixed; not saved,80.00438237190247,PASS,2026-09-04T01:11:36
dnn_oof_v1_fixed_5fold_10run_73configs,ion_channel,Ion Channel,58,MSCMF__SMOTETomekLinks__80_20,SMOTE + Tomek Links,MSCMF,SMOTETomekLinks,80_20,80/20,8,5,42840,41364,1476,0.9893090569561158,0.8844410876132931,0.7933604336043361,0.8364285714285714,0.9698984889653074,0.8692769099795242,39cee56f51793454ee2496d32c41737e7be08bb87f94d304fb61b86f05c35bfd,not fixed; not saved,79.0495069026947,PASS,2026-09-04T01:15:15
dnn_oof_v1_fixed_5fold_10run_73configs,ion_channel,Ion Channel,58,MSCMF__SMOTETomekLinks__80_20,SMOTE + Tomek Links,MSCMF,SMOTETomekLinks,80_20,80/20,9,5,42840,41364,1476,0.9904761904761905,0.913312693498452,0.7994579945799458,0.8526011560693642,0.9724158482337651,0.8751050905617274,39cee56f51793454ee2496d32c41737e7be08bb87f94d304fb61b86f05c35bfd,not fixed; not saved,79.76358437538147,PASS,2026-09-04T01:18:59
dnn_oof_v1_fixed_5fold_10run_73configs,ion_channel,Ion Channel,58,MSCMF__SMOTETomekLinks__80_20,SMOTE + Tomek Links,MSCMF,SMOTETomekLinks,80_20,80/20,10,5,42840,41364,1476,0.9898459383753502,0.897025171624714,0.7967479674796748,0.8439181916038752,0.9714547612065425,0.8731298966673781,39cee56f51793454ee2496d32c41737e7be08bb87f94d304fb61b86f05c35bfd,not fixed; not saved,79.38105988502502,PASS,2026-09-04T01:22:40
dnn_oof_v1_fixed_5fold_10run_73configs,ion_channel,Ion Channel,59,MSCMF__SMOTETomekLinks__85_15,SMOTE + Tomek Links,MSCMF,SMOTETomekLinks,85_15,85/15,1,5,42840,41364,1476,0.9902427637721756,0.9218500797448166,0.7831978319783198,0.8468864468864469,0.9709861949395531,0.871514657693065,39cee56f51793454ee2496d32c41737e7be08bb87f94d304fb61b86f05c35bfd,not fixed; not saved,76.7546660900116,PASS,2026-09-04T01:26:23
dnn_oof_v1_fixed_5fold_10run_73configs,ion_channel,Ion Channel,59,MSCMF__SMOTETomekLinks__85_15,SMOTE + Tomek Links,MSCMF,SMOTETomekLinks,85_15,85/15,2,5,42840,41364,1476,0.9911064425770308,0.9240898528272656,0.8082655826558266,0.8623057462956271,0.9769232157677925,0.8836076265711249,39cee56f51793454ee2496d32c41737e7be08bb87f94d304fb61b86f05c35bfd,not fixed; not saved,74.98625636100769,PASS,2026-09-04T01:30:03
dnn_oof_v1_fixed_5fold_10run_73configs,ion_channel,Ion Channel,59,MSCMF__SMOTETomekLinks__85_15,SMOTE + Tomek Links,MSCMF,SMOTETomekLinks,85_15,85/15,3,5,42840,41364,1476,0.9900326797385621,0.9113725490196078,0.7872628726287263,0.8447837150127226,0.9773887109459046,0.8818168330581226,39cee56f51793454ee2496d32c41737e7be08bb87f94d304fb61b86f05c35bfd,not fixed; not saved,76.8477213382721,PASS,2026-09-04T01:33:45
dnn_oof_v1_fixed_5fold_10run_73configs,ion_channel,Ion Channel,59,MSCMF__SMOTETomekLinks__85_15,SMOTE + Tomek Links,MSCMF,SMOTETomekLinks,85_15,85/15,4,5,42840,41364,1476,0.9896358543417367,0.8862275449101796,0.8021680216802168,0.8421052631578947,0.9684831674191899,0.8673094479793595,39cee56f51793454ee2496d32c41737e7be08bb87f94d304fb61b86f05c35bfd,not fixed; not saved,76.90233659744263,PASS,2026-09-04T01:37:28
dnn_oof_v1_fixed_5fold_10run_73configs,ion_channel,Ion Channel,59,MSCMF__SMOTETomekLinks__85_15,SMOTE + Tomek Links,MSCMF,SMOTETomekLinks,85_15,85/15,5,5,42840,41364,1476,0.990359477124183,0.9175176747839748,0.7913279132791328,0.8497635503819571,0.9700787577876263,0.8712903522237344,39cee56f51793454ee2496d32c41737e7be08bb87f94d304fb61b86f05c35bfd,not fixed; not saved,77.07692408561707,PASS,2026-09-04T01:41:08
dnn_oof_v1_fixed_5fold_10run_73configs,ion_channel,Ion Channel,59,MSCMF__SMOTETomekLinks__85_15,SMOTE + Tomek Links,MSCMF,SMOTETomekLinks,85_15,85/15,6,5,42840,41364,1476,0.99031279178338,0.9065134099616858,0.801490514905149,0.8507731032002877,0.9732705855005558,0.8760654277582932,39cee56f51793454ee2496d32c41737e7be08bb87f94d304fb61b86f05c35bfd,not fixed; not saved,74.5153329372406,PASS,2026-09-04T01:44:47
dnn_oof_v1_fixed_5fold_10run_73configs,ion_channel,Ion Channel,59,MSCMF__SMOTETomekLinks__85_15,SMOTE + Tomek Links,MSCMF,SMOTETomekLinks,85_15,85/15,7,5,42840,41364,1476,0.990359477124183,0.9079048349961627,0.801490514905149,0.8513853904282116,0.9740546631544548,0.8779335644600296,39cee56f51793454ee2496d32c41737e7be08bb87f94d304fb61b86f05c35bfd,not fixed; not saved,76.43193626403809,PASS,2026-09-04T01:48:29
dnn_oof_v1_fixed_5fold_10run_73configs,ion_channel,Ion Channel,59,MSCMF__SMOTETomekLinks__85_15,SMOTE + Tomek Links,MSCMF,SMOTETomekLinks,85_15,85/15,8,5,42840,41364,1476,0.990639589169001,0.9182879377431906,0.7994579945799458,0.8547627671133647,0.972879287829722,0.8791503809926793,39cee56f51793454ee2496d32c41737e7be08bb87f94d304fb61b86f05c35bfd,not fixed; not saved,76.20796751976013,PASS,2026-09-04T01:52:13
dnn_oof_v1_fixed_5fold_10run_73configs,ion_channel,Ion Channel,59,MSCMF__SMOTETomekLinks__85_15,SMOTE + Tomek Links,MSCMF,SMOTETomekLinks,85_15,85/15,9,5,42840,41364,1476,0.9900560224089636,0.8977272727272727,0.8028455284552846,0.8476394849785408,0.9731494289969493,0.8787603785468124,39cee56f51793454ee2496d32c41737e7be08bb87f94d304fb61b86f05c35bfd,not fixed; not saved,75.46820306777954,PASS,2026-09-04T01:55:56
dnn_oof_v1_fixed_5fold_10run_73configs,ion_channel,Ion Channel,59,MSCMF__SMOTETomekLinks__85_15,SMOTE + Tomek Links,MSCMF,SMOTETomekLinks,85_15,85/15,10,5,42840,41364,1476,0.9905695611577965,0.9247226624405706,0.790650406504065,0.8524470416362309,0.9731881001480935,0.8800659201639401,39cee56f51793454ee2496d32c41737e7be08bb87f94d304fb61b86f05c35bfd,not fixed; not saved,75.4869282245636,PASS,2026-09-04T01:59:39
dnn_oof_v1_fixed_5fold_10run_73configs,ion_channel,Ion Channel,60,MSCMF__SMOTETomekLinks__90_10,SMOTE + Tomek Links,MSCMF,SMOTETomekLinks,90_10,90/10,1,5,42840,41364,1476,0.9893557422969188,0.8823088455772113,0.7974254742547425,0.8377224199288256,0.972975007527853,0.8692680137038472,39cee56f51793454ee2496d32c41737e7be08bb87f94d304fb61b86f05c35bfd,not fixed; not saved,74.08199405670166,PASS,2026-09-04T02:03:23
dnn_oof_v1_fixed_5fold_10run_73configs,ion_channel,Ion Channel,60,MSCMF__SMOTETomekLinks__90_10,SMOTE + Tomek Links,MSCMF,SMOTETomekLinks,90_10,90/10,2,5,42840,41364,1476,0.9901960784313726,0.8981900452488688,0.806910569105691,0.8501070663811563,0.9722190446689304,0.8726126290062031,39cee56f51793454ee2496d32c41737e7be08bb87f94d304fb61b86f05c35bfd,not fixed; not saved,73.0484025478363,PASS,2026-09-04T02:07:02
dnn_oof_v1_fixed_5fold_10run_73configs,ion_channel,Ion Channel,60,MSCMF__SMOTETomekLinks__90_10,SMOTE + Tomek Links,MSCMF,SMOTETomekLinks,90_10,90/10,3,5,42840,41364,1476,0.9903361344537815,0.9207606973058637,0.7872628726287263,0.8487947406866326,0.9692419147320281,0.8683923939420837,39cee56f51793454ee2496d32c41737e7be08bb87f94d304fb61b86f05c35bfd,not fixed; not saved,73.68626737594604,PASS,2026-09-04T02:10:44
dnn_oof_v1_fixed_5fold_10run_73configs,ion_channel,Ion Channel,60,MSCMF__SMOTETomekLinks__90_10,SMOTE + Tomek Links,MSCMF,SMOTETomekLinks,90_10,90/10,4,5,42840,41364,1476,0.9905228758169935,0.9219242902208202,0.7920054200542005,0.8520408163265306,0.9757847344574404,0.8835795988912521,39cee56f51793454ee2496d32c41737e7be08bb87f94d304fb61b86f05c35bfd,not fixed; not saved,72.49706029891968,PASS,2026-09-04T02:14:27
dnn_oof_v1_fixed_5fold_10run_73configs,ion_channel,Ion Channel,60,MSCMF__SMOTETomekLinks__90_10,SMOTE + Tomek Links,MSCMF,SMOTETomekLinks,90_10,90/10,5,5,42840,41364,1476,0.9905228758169935,0.9147286821705426,0.7994579945799458,0.8532176428054953,0.9728431226871016,0.8775489292545651,39cee56f51793454ee2496d32c41737e7be08bb87f94d304fb61b86f05c35bfd,not fixed; not saved,73.08287715911865,PASS,2026-09-04T02:18:09
dnn_oof_v1_fixed_5fold_10run_73configs,ion_channel,Ion Channel,60,MSCMF__SMOTETomekLinks__90_10,SMOTE + Tomek Links,MSCMF,SMOTETomekLinks,90_10,90/10,6,5,42840,41364,1476,0.9895191409897293,0.8946963873943121,0.7886178861788617,0.8383147281238746,0.9738102454276647,0.8656017704340078,39cee56f51793454ee2496d32c41737e7be08bb87f94d304fb61b86f05c35bfd,not fixed; not saved,76.02771878242493,PASS,2026-09-04T02:21:57
dnn_oof_v1_fixed_5fold_10run_73configs,ion_channel,Ion Channel,60,MSCMF__SMOTETomekLinks__90_10,SMOTE + Tomek Links,MSCMF,SMOTETomekLinks,90_10,90/10,7,5,42840,41364,1476,0.990592903828198,0.9379591836734694,0.7784552845528455,0.850796001480933,0.9721787274141478,0.8763840727150343,39cee56f51793454ee2496d32c41737e7be08bb87f94d304fb61b86f05c35bfd,not fixed; not saved,76.74332809448242,PASS,2026-09-04T02:25:49
dnn_oof_v1_fixed_5fold_10run_73configs,ion_channel,Ion Channel,60,MSCMF__SMOTETomekLinks__90_10,SMOTE + Tomek Links,MSCMF,SMOTETomekLinks,90_10,90/10,8,5,42840,41364,1476,0.9899859943977591,0.8993135011441648,0.7987804878048781,0.8460710441334769,0.9741171577657175,0.8741960138455809,39cee56f51793454ee2496d32c41737e7be08bb87f94d304fb61b86f05c35bfd,not fixed; not saved,77.65511703491211,PASS,2026-09-04T02:29:43
dnn_oof_v1_fixed_5fold_10run_73configs,ion_channel,Ion Channel,60,MSCMF__SMOTETomekLinks__90_10,SMOTE + Tomek Links,MSCMF,SMOTETomekLinks,90_10,90/10,9,5,42840,41364,1476,0.990592903828198,0.9330104923325262,0.7831978319783198,0.8515653775322284,0.9755253953334911,0.8773099825768694,39cee56f51793454ee2496d32c41737e7be08bb87f94d304fb61b86f05c35bfd,not fixed; not saved,76.20224571228027,PASS,2026-09-04T02:33:34
dnn_oof_v1_fixed_5fold_10run_73configs,ion_channel,Ion Channel,60,MSCMF__SMOTETomekLinks__90_10,SMOTE + Tomek Links,MSCMF,SMOTETomekLinks,90_10,90/10,10,5,42840,41364,1476,0.9902661064425771,0.9088803088803089,0.7974254742547425,0.8495128112594731,0.973168224060879,0.8781330974163866,39cee56f51793454ee2496d32c41737e7be08bb87f94d304fb61b86f05c35bfd,not fixed; not saved,77.71972274780273,PASS,2026-09-04T02:37:27
dnn_oof_v1_fixed_5fold_10run_73configs,ion_channel,Ion Channel,61,MSCMF__CNNTomekLinks__50_50,CNN + Tomek Links,MSCMF,CNNTomekLinks,50_50,50/50,1,5,42840,41364,1476,0.9472689075630252,0.37083470801715607,0.7615176151761518,0.49877967605946305,0.8955821510214425,0.7178042443342026,39cee56f51793454ee2496d32c41737e7be08bb87f94d304fb61b86f05c35bfd,not fixed; not saved,20.157506942749023,PASS,2026-09-04T02:40:22
dnn_oof_v1_fixed_5fold_10run_73configs,ion_channel,Ion Channel,61,MSCMF__CNNTomekLinks__50_50,CNN + Tomek Links,MSCMF,CNNTomekLinks,50_50,50/50,2,5,42840,41364,1476,0.9369281045751634,0.32117852975495914,0.7459349593495935,0.449021207177814,0.886870839534476,0.6884858245210721,39cee56f51793454ee2496d32c41737e7be08bb87f94d304fb61b86f05c35bfd,not fixed; not saved,18.327054262161255,PASS,2026-09-04T02:43:16
dnn_oof_v1_fixed_5fold_10run_73configs,ion_channel,Ion Channel,61,MSCMF__CNNTomekLinks__50_50,CNN + Tomek Links,MSCMF,CNNTomekLinks,50_50,50/50,3,5,42840,41364,1476,0.9472922502334267,0.3698402130492676,0.752710027100271,0.49598214285714287,0.8991209790192382,0.7089363009914428,39cee56f51793454ee2496d32c41737e7be08bb87f94d304fb61b86f05c35bfd,not fixed; not saved,20.053580045700073,PASS,2026-09-04T02:46:10
dnn_oof_v1_fixed_5fold_10run_73configs,ion_channel,Ion Channel,61,MSCMF__CNNTomekLinks__50_50,CNN + Tomek Links,MSCMF,CNNTomekLinks,50_50,50/50,4,5,42840,41364,1476,0.9488562091503268,0.37835998638992857,0.7533875338753387,0.5037372593431484,0.8970056621378997,0.7235411386239687,39cee56f51793454ee2496d32c41737e7be08bb87f94d304fb61b86f05c35bfd,not fixed; not saved,19.31981086730957,PASS,2026-09-04T02:49:06
dnn_oof_v1_fixed_5fold_10run_73configs,ion_channel,Ion Channel,61,MSCMF__CNNTomekLinks__50_50,CNN + Tomek Links,MSCMF,CNNTomekLinks,50_50,50/50,5,5,42840,41364,1476,0.9334033613445378,0.30880311024715357,0.7533875338753387,0.4380539688792594,0.8975791941279339,0.6974589066051902,39cee56f51793454ee2496d32c41737e7be08bb87f94d304fb61b86f05c35bfd,not fixed; not saved,19.60969591140747,PASS,2026-09-04T02:52:02
dnn_oof_v1_fixed_5fold_10run_73configs,ion_channel,Ion Channel,61,MSCMF__CNNTomekLinks__50_50,CNN + Tomek Links,MSCMF,CNNTomekLinks,50_50,50/50,6,5,42840,41364,1476,0.947922502334267,0.37276710481968317,0.7493224932249323,0.4978618050866532,0.8983179425100024,0.7264415307775764,39cee56f51793454ee2496d32c41737e7be08bb87f94d304fb61b86f05c35bfd,not fixed; not saved,18.814591646194458,PASS,2026-09-04T02:54:57
dnn_oof_v1_fixed_5fold_10run_73configs,ion_channel,Ion Channel,61,MSCMF__CNNTomekLinks__50_50,CNN + Tomek Links,MSCMF,CNNTomekLinks,50_50,50/50,7,5,42840,41364,1476,0.9449346405228758,0.35771833709313566,0.7520325203252033,0.48482201354007426,0.8979990160722613,0.7130706650929081,39cee56f51793454ee2496d32c41737e7be08bb87f94d304fb61b86f05c35bfd,not fixed; not saved,19.61737847328186,PASS,2026-09-04T02:57:55
dnn_oof_v1_fixed_5fold_10run_73configs,ion_channel,Ion Channel,61,MSCMF__CNNTomekLinks__50_50,CNN + Tomek Links,MSCMF,CNNTomekLinks,50_50,50/50,8,5,42840,41364,1476,0.919000933706816,0.2683550185873606,0.782520325203252,0.39965397923875434,0.8994183832661264,0.7087604864676039,39cee56f51793454ee2496d32c41737e7be08bb87f94d304fb61b86f05c35bfd,not fixed; not saved,18.429862022399902,PASS,2026-09-04T03:00:50
dnn_oof_v1_fixed_5fold_10run_73configs,ion_channel,Ion Channel,61,MSCMF__CNNTomekLinks__50_50,CNN + Tomek Links,MSCMF,CNNTomekLinks,50_50,50/50,9,5,42840,41364,1476,0.944047619047619,0.35376309939663386,0.7547425474254743,0.4817297297297297,0.8947021734988648,0.7131993951225908,39cee56f51793454ee2496d32c41737e7be08bb87f94d304fb61b86f05c35bfd,not fixed; not saved,18.699761390686035,PASS,2026-09-04T03:03:46
dnn_oof_v1_fixed_5fold_10run_73configs,ion_channel,Ion Channel,61,MSCMF__CNNTomekLinks__50_50,CNN + Tomek Links,MSCMF,CNNTomekLinks,50_50,50/50,10,5,42840,41364,1476,0.9462885154061624,0.3641751728679618,0.7493224932249323,0.490139596720585,0.8949795214879912,0.697204449671994,39cee56f51793454ee2496d32c41737e7be08bb87f94d304fb61b86f05c35bfd,not fixed; not saved,19.02001404762268,PASS,2026-09-04T03:06:44
dnn_oof_v1_fixed_5fold_10run_73configs,ion_channel,Ion Channel,62,MSCMF__CNNTomekLinks__80_20,CNN + Tomek Links,MSCMF,CNNTomekLinks,80_20,80/20,1,5,42840,41364,1476,0.9576797385620915,0.42238599723629666,0.6212737127371274,0.5028790786948176,0.8035272037216553,0.5632909640700925,39cee56f51793454ee2496d32c41737e7be08bb87f94d304fb61b86f05c35bfd,not fixed; not saved,19.49977993965149,PASS,2026-09-04T03:09:43
dnn_oof_v1_fixed_5fold_10run_73configs,ion_channel,Ion Channel,62,MSCMF__CNNTomekLinks__80_20,CNN + Tomek Links,MSCMF,CNNTomekLinks,80_20,80/20,2,5,42840,41364,1476,0.9668067226890756,0.515661252900232,0.6023035230352304,0.555625,0.8037375937836837,0.5700910129412683,39cee56f51793454ee2496d32c41737e7be08bb87f94d304fb61b86f05c35bfd,not fixed; not saved,18.925287008285522,PASS,2026-09-04T03:12:39
dnn_oof_v1_fixed_5fold_10run_73configs,ion_channel,Ion Channel,62,MSCMF__CNNTomekLinks__80_20,CNN + Tomek Links,MSCMF,CNNTomekLinks,80_20,80/20,3,5,42840,41364,1476,0.9645891690009337,0.4888161483906165,0.6070460704607046,0.5415533393774554,0.8013176576439877,0.5848043208078793,39cee56f51793454ee2496d32c41737e7be08bb87f94d304fb61b86f05c35bfd,not fixed; not saved,18.63184118270874,PASS,2026-09-04T03:15:37
dnn_oof_v1_fixed_5fold_10run_73configs,ion_channel,Ion Channel,62,MSCMF__CNNTomekLinks__80_20,CNN + Tomek Links,MSCMF,CNNTomekLinks,80_20,80/20,4,5,42840,41364,1476,0.9668300653594771,0.5154234436343241,0.6226287262872628,0.5639766799631789,0.8032018402816268,0.6130578032105423,39cee56f51793454ee2496d32c41737e7be08bb87f94d304fb61b86f05c35bfd,not fixed; not saved,18.561702966690063,PASS,2026-09-04T03:18:34
dnn_oof_v1_fixed_5fold_10run_73configs,ion_channel,Ion Channel,62,MSCMF__CNNTomekLinks__80_20,CNN + Tomek Links,MSCMF,CNNTomekLinks,80_20,80/20,5,5,42840,41364,1476,0.959873949579832,0.4407027818448023,0.6117886178861789,0.512340425531915,0.7958873501013802,0.5819188437390255,39cee56f51793454ee2496d32c41737e7be08bb87f94d304fb61b86f05c35bfd,not fixed; not saved,19.7803316116333,PASS,2026-09-04T03:21:34
dnn_oof_v1_fixed_5fold_10run_73configs,ion_channel,Ion Channel,62,MSCMF__CNNTomekLinks__80_20,CNN + Tomek Links,MSCMF,CNNTomekLinks,80_20,80/20,6,5,42840,41364,1476,0.9621148459383754,0.46217189912506434,0.6084010840108401,0.5252997952617724,0.7984833538138107,0.5896094506918926,39cee56f51793454ee2496d32c41737e7be08bb87f94d304fb61b86f05c35bfd,not fixed; not saved,17.622929096221924,PASS,2026-09-04T03:24:32
dnn_oof_v1_fixed_5fold_10run_73configs,ion_channel,Ion Channel,62,MSCMF__CNNTomekLinks__80_20,CNN + Tomek Links,MSCMF,CNNTomekLinks,80_20,80/20,7,5,42840,41364,1476,0.9598506069094305,0.44157088122605365,0.6246612466124661,0.5173961840628507,0.8046530157666919,0.5923575430887008,39cee56f51793454ee2496d32c41737e7be08bb87f94d304fb61b86f05c35bfd,not fixed; not saved,18.27430033683777,PASS,2026-09-04T03:27:31
dnn_oof_v1_fixed_5fold_10run_73configs,ion_channel,Ion Channel,62,MSCMF__CNNTomekLinks__80_20,CNN + Tomek Links,MSCMF,CNNTomekLinks,80_20,80/20,8,5,42840,41364,1476,0.9590336134453782,0.4341048653755314,0.6226287262872628,0.5115502365711105,0.8003746368089345,0.587430419649773,39cee56f51793454ee2496d32c41737e7be08bb87f94d304fb61b86f05c35bfd,not fixed; not saved,18.46137309074402,PASS,2026-09-04T03:30:30
dnn_oof_v1_fixed_5fold_10run_73configs,ion_channel,Ion Channel,62,MSCMF__CNNTomekLinks__80_20,CNN + Tomek Links,MSCMF,CNNTomekLinks,80_20,80/20,9,5,42840,41364,1476,0.96734360410831,0.522344747533372,0.6097560975609756,0.5626758361988121,0.8008514417836857,0.599628285824045,39cee56f51793454ee2496d32c41737e7be08bb87f94d304fb61b86f05c35bfd,not fixed; not saved,19.009230375289917,PASS,2026-09-04T03:33:30
dnn_oof_v1_fixed_5fold_10run_73configs,ion_channel,Ion Channel,62,MSCMF__CNNTomekLinks__80_20,CNN + Tomek Links,MSCMF,CNNTomekLinks,80_20,80/20,10,5,42840,41364,1476,0.9693977591036415,0.5519848771266541,0.5934959349593496,0.5719882468168462,0.7986002271721296,0.5929051514676072,39cee56f51793454ee2496d32c41737e7be08bb87f94d304fb61b86f05c35bfd,not fixed; not saved,18.63052201271057,PASS,2026-09-04T03:36:29
dnn_oof_v1_fixed_5fold_10run_73configs,ion_channel,Ion Channel,63,MSCMF__CNNTomekLinks__85_15,CNN + Tomek Links,MSCMF,CNNTomekLinks,85_15,85/15,1,5,42840,41364,1476,0.9643790849673203,0.48431618569636137,0.5230352303523035,0.5029315960912052,0.7750956115958026,0.52029859817369,39cee56f51793454ee2496d32c41737e7be08bb87f94d304fb61b86f05c35bfd,not fixed; not saved,17.47561240196228,PASS,2026-09-04T03:39:27
dnn_oof_v1_fixed_5fold_10run_73configs,ion_channel,Ion Channel,63,MSCMF__CNNTomekLinks__85_15,CNN + Tomek Links,MSCMF,CNNTomekLinks,85_15,85/15,2,5,42840,41364,1476,0.9626283846872082,0.46153846153846156,0.508130081300813,0.4837149306675266,0.7660069656554316,0.4652265646701167,39cee56f51793454ee2496d32c41737e7be08bb87f94d304fb61b86f05c35bfd,not fixed; not saved,17.57718586921692,PASS,2026-09-04T03:42:28
dnn_oof_v1_fixed_5fold_10run_73configs,ion_channel,Ion Channel,63,MSCMF__CNNTomekLinks__85_15,CNN + Tomek Links,MSCMF,CNNTomekLinks,85_15,85/15,3,5,42840,41364,1476,0.96937441643324,0.5578279266572638,0.5359078590785907,0.5466482377332412,0.7786330473666405,0.5268943335215268,39cee56f51793454ee2496d32c41737e7be08bb87f94d304fb61b86f05c35bfd,not fixed; not saved,19.77400827407837,PASS,2026-09-04T03:45:31
dnn_oof_v1_fixed_5fold_10run_73configs,ion_channel,Ion Channel,63,MSCMF__CNNTomekLinks__85_15,CNN + Tomek Links,MSCMF,CNNTomekLinks,85_15,85/15,4,5,42840,41364,1476,0.9643557422969188,0.48282828282828283,0.48577235772357724,0.48429584599797365,0.7630391882078573,0.43913115573874506,39cee56f51793454ee2496d32c41737e7be08bb87f94d304fb61b86f05c35bfd,not fixed; not saved,18.8383629322052,PASS,2026-09-04T03:48:31
dnn_oof_v1_fixed_5fold_10run_73configs,ion_channel,Ion Channel,63,MSCMF__CNNTomekLinks__85_15,CNN + Tomek Links,MSCMF,CNNTomekLinks,85_15,85/15,5,5,42840,41364,1476,0.9661764705882353,0.5090060040026685,0.5169376693766937,0.5129411764705882,0.7733455577411881,0.5209158083618558,39cee56f51793454ee2496d32c41737e7be08bb87f94d304fb61b86f05c35bfd,not fixed; not saved,17.37332797050476,PASS,2026-09-04T03:51:30
dnn_oof_v1_fixed_5fold_10run_73configs,ion_channel,Ion Channel,63,MSCMF__CNNTomekLinks__85_15,CNN + Tomek Links,MSCMF,CNNTomekLinks,85_15,85/15,6,5,42840,41364,1476,0.9683940242763772,0.5420110192837465,0.5331978319783198,0.537568306010929,0.7750273269583097,0.5358625204763382,39cee56f51793454ee2496d32c41737e7be08bb87f94d304fb61b86f05c35bfd,not fixed; not saved,18.645798206329346,PASS,2026-09-04T03:54:31
dnn_oof_v1_fixed_5fold_10run_73configs,ion_channel,Ion Channel,63,MSCMF__CNNTomekLinks__85_15,CNN + Tomek Links,MSCMF,CNNTomekLinks,85_15,85/15,7,5,42840,41364,1476,0.9646358543417367,0.48668941979522184,0.4830623306233062,0.48486909214552876,0.7677657987294504,0.4459495574947559,39cee56f51793454ee2496d32c41737e7be08bb87f94d304fb61b86f05c35bfd,not fixed; not saved,18.57919144630432,PASS,2026-09-04T03:57:34
dnn_oof_v1_fixed_5fold_10run_73configs,ion_channel,Ion Channel,63,MSCMF__CNNTomekLinks__85_15,CNN + Tomek Links,MSCMF,CNNTomekLinks,85_15,85/15,8,5,42840,41364,1476,0.959873949579832,0.4283185840707965,0.491869918699187,0.45789971617786185,0.7660385118803804,0.4304834142644617,39cee56f51793454ee2496d32c41737e7be08bb87f94d304fb61b86f05c35bfd,not fixed; not saved,19.145305156707764,PASS,2026-09-04T04:00:38
dnn_oof_v1_fixed_5fold_10run_73configs,ion_channel,Ion Channel,63,MSCMF__CNNTomekLinks__85_15,CNN + Tomek Links,MSCMF,CNNTomekLinks,85_15,85/15,9,5,42840,41364,1476,0.9680905695611578,0.5401030169242089,0.497289972899729,0.5178130511463844,0.7722316369522848,0.4957762437712778,39cee56f51793454ee2496d32c41737e7be08bb87f94d304fb61b86f05c35bfd,not fixed; not saved,19.20669913291931,PASS,2026-09-04T04:03:40
dnn_oof_v1_fixed_5fold_10run_73configs,ion_channel,Ion Channel,63,MSCMF__CNNTomekLinks__85_15,CNN + Tomek Links,MSCMF,CNNTomekLinks,85_15,85/15,10,5,42840,41364,1476,0.9634453781512605,0.4731823599523242,0.537940379403794,0.5034876347495244,0.7784275792363862,0.5089781228867128,39cee56f51793454ee2496d32c41737e7be08bb87f94d304fb61b86f05c35bfd,not fixed; not saved,18.821158170700073,PASS,2026-09-04T04:06:44
dnn_oof_v1_fixed_5fold_10run_73configs,ion_channel,Ion Channel,64,MSCMF__CNNTomekLinks__90_10,CNN + Tomek Links,MSCMF,CNNTomekLinks,90_10,90/10,1,5,42840,41364,1476,0.9737628384687208,0.7285714285714285,0.3800813008130081,0.4995547640249332,0.7203520109915826,0.46575434131412946,39cee56f51793454ee2496d32c41737e7be08bb87f94d304fb61b86f05c35bfd,not fixed; not saved,18.441219568252563,PASS,2026-09-04T04:09:47
dnn_oof_v1_fixed_5fold_10run_73configs,ion_channel,Ion Channel,64,MSCMF__CNNTomekLinks__90_10,CNN + Tomek Links,MSCMF,CNNTomekLinks,90_10,90/10,2,5,42840,41364,1476,0.9729458450046685,0.704516129032258,0.3699186991869919,0.4851177254553532,0.715992538908321,0.43979204255979065,39cee56f51793454ee2496d32c41737e7be08bb87f94d304fb61b86f05c35bfd,not fixed; not saved,17.586069583892822,PASS,2026-09-04T04:12:50
dnn_oof_v1_fixed_5fold_10run_73configs,ion_channel,Ion Channel,64,MSCMF__CNNTomekLinks__90_10,CNN + Tomek Links,MSCMF,CNNTomekLinks,90_10,90/10,3,5,42840,41364,1476,0.9746265172735761,0.7822931785195936,0.36517615176151763,0.49792147806004616,0.7177189740420757,0.4580886645573195,39cee56f51793454ee2496d32c41737e7be08bb87f94d304fb61b86f05c35bfd,not fixed; not saved,17.924601554870605,PASS,2026-09-04T04:15:53
dnn_oof_v1_fixed_5fold_10run_73configs,ion_channel,Ion Channel,64,MSCMF__CNNTomekLinks__90_10,CNN + Tomek Links,MSCMF,CNNTomekLinks,90_10,90/10,4,5,42840,41364,1476,0.9736694677871148,0.7909698996655519,0.32046070460704607,0.4561234329797493,0.7214678890877971,0.43043138481192084,39cee56f51793454ee2496d32c41737e7be08bb87f94d304fb61b86f05c35bfd,not fixed; not saved,18.816691875457764,PASS,2026-09-04T04:18:59
dnn_oof_v1_fixed_5fold_10run_73configs,ion_channel,Ion Channel,64,MSCMF__CNNTomekLinks__90_10,CNN + Tomek Links,MSCMF,CNNTomekLinks,90_10,90/10,5,5,42840,41364,1476,0.9743697478991596,0.794392523364486,0.34552845528455284,0.48158640226628896,0.7162025358709733,0.45663274505140405,39cee56f51793454ee2496d32c41737e7be08bb87f94d304fb61b86f05c35bfd,not fixed; not saved,18.451589345932007,PASS,2026-09-04T04:22:04
dnn_oof_v1_fixed_5fold_10run_73configs,ion_channel,Ion Channel,64,MSCMF__CNNTomekLinks__90_10,CNN + Tomek Links,MSCMF,CNNTomekLinks,90_10,90/10,6,5,42840,41364,1476,0.9750233426704015,0.8181818181818182,0.35365853658536583,0.4938505203405866,0.7201296068298658,0.44757000294845106,39cee56f51793454ee2496d32c41737e7be08bb87f94d304fb61b86f05c35bfd,not fixed; not saved,19.415500164031982,PASS,2026-09-04T04:25:09
dnn_oof_v1_fixed_5fold_10run_73configs,ion_channel,Ion Channel,64,MSCMF__CNNTomekLinks__90_10,CNN + Tomek Links,MSCMF,CNNTomekLinks,90_10,90/10,7,5,42840,41364,1476,0.9736694677871148,0.7744479495268138,0.3326558265582656,0.4654028436018957,0.7209834514334893,0.4533537528720153,39cee56f51793454ee2496d32c41737e7be08bb87f94d304fb61b86f05c35bfd,not fixed; not saved,18.040279150009155,PASS,2026-09-04T04:28:14
dnn_oof_v1_fixed_5fold_10run_73configs,ion_channel,Ion Channel,64,MSCMF__CNNTomekLinks__90_10,CNN + Tomek Links,MSCMF,CNNTomekLinks,90_10,90/10,8,5,42840,41364,1476,0.9715452847805789,0.6488991888760139,0.3794037940379404,0.4788371098760154,0.7276727825722799,0.4237881586651911,39cee56f51793454ee2496d32c41737e7be08bb87f94d304fb61b86f05c35bfd,not fixed; not saved,17.740598678588867,PASS,2026-09-04T04:31:18
dnn_oof_v1_fixed_5fold_10run_73configs,ion_channel,Ion Channel,64,MSCMF__CNNTomekLinks__90_10,CNN + Tomek Links,MSCMF,CNNTomekLinks,90_10,90/10,9,5,42840,41364,1476,0.9736694677871148,0.7551319648093842,0.3489159891598916,0.4772937905468026,0.7172524797363823,0.451125992192794,39cee56f51793454ee2496d32c41737e7be08bb87f94d304fb61b86f05c35bfd,not fixed; not saved,17.126632690429688,PASS,2026-09-04T04:34:23
dnn_oof_v1_fixed_5fold_10run_73configs,ion_channel,Ion Channel,64,MSCMF__CNNTomekLinks__90_10,CNN + Tomek Links,MSCMF,CNNTomekLinks,90_10,90/10,10,5,42840,41364,1476,0.9724089635854342,0.7008196721311475,0.3475609756097561,0.46467391304347827,0.7219221072275513,0.43198684557827083,39cee56f51793454ee2496d32c41737e7be08bb87f94d304fb61b86f05c35bfd,not fixed; not saved,19.374025106430054,PASS,2026-09-04T04:37:30
dnn_oof_v1_fixed_5fold_10run_73configs,ion_channel,Ion Channel,65,MSCMF__RandomUnder__50_50,Random Under-Sampling,MSCMF,RandomUnder,50_50,50/50,1,5,42840,41364,1476,0.9670868347338936,0.513317191283293,0.8617886178861789,0.6433990895295902,0.972823123756332,0.7862503793792524,39cee56f51793454ee2496d32c41737e7be08bb87f94d304fb61b86f05c35bfd,not fixed; not saved,20.722148418426514,PASS,2026-09-04T04:40:38
dnn_oof_v1_fixed_5fold_10run_73configs,ion_channel,Ion Channel,65,MSCMF__RandomUnder__50_50,Random Under-Sampling,MSCMF,RandomUnder,50_50,50/50,2,5,42840,41364,1476,0.969327731092437,0.5334158415841584,0.8760162601626016,0.6630769230769231,0.9750533566886775,0.7986546574375839,39cee56f51793454ee2496d32c41737e7be08bb87f94d304fb61b86f05c35bfd,not fixed; not saved,22.303564071655273,PASS,2026-09-04T04:43:49
dnn_oof_v1_fixed_5fold_10run_73configs,ion_channel,Ion Channel,65,MSCMF__RandomUnder__50_50,Random Under-Sampling,MSCMF,RandomUnder,50_50,50/50,3,5,42840,41364,1476,0.9668300653594771,0.5109868158210148,0.8665311653116531,0.6428750942447852,0.9720447542329596,0.7781497916444958,39cee56f51793454ee2496d32c41737e7be08bb87f94d304fb61b86f05c35bfd,not fixed; not saved,21.437923669815063,PASS,2026-09-04T04:46:59
dnn_oof_v1_fixed_5fold_10run_73configs,ion_channel,Ion Channel,65,MSCMF__RandomUnder__50_50,Random Under-Sampling,MSCMF,RandomUnder,50_50,50/50,4,5,42840,41364,1476,0.9544351073762839,0.4224755700325733,0.8787262872628726,0.570611526616806,0.9704940836578367,0.7532621483426825,39cee56f51793454ee2496d32c41737e7be08bb87f94d304fb61b86f05c35bfd,not fixed; not saved,20.39888072013855,PASS,2026-09-04T04:50:06
dnn_oof_v1_fixed_5fold_10run_73configs,ion_channel,Ion Channel,65,MSCMF__RandomUnder__50_50,Random Under-Sampling,MSCMF,RandomUnder,50_50,50/50,5,5,42840,41364,1476,0.9713352007469654,0.5551111111111111,0.8462059620596206,0.6704240472356414,0.9726032010344279,0.7655044284972842,39cee56f51793454ee2496d32c41737e7be08bb87f94d304fb61b86f05c35bfd,not fixed; not saved,21.669105768203735,PASS,2026-09-04T04:53:19
dnn_oof_v1_fixed_5fold_10run_73configs,ion_channel,Ion Channel,65,MSCMF__RandomUnder__50_50,Random Under-Sampling,MSCMF,RandomUnder,50_50,50/50,6,5,42840,41364,1476,0.9560224089635855,0.432,0.8780487804878049,0.579088471849866,0.9725250643438162,0.8028588617329494,39cee56f51793454ee2496d32c41737e7be08bb87f94d304fb61b86f05c35bfd,not fixed; not saved,20.792561769485474,PASS,2026-09-04T04:56:29
dnn_oof_v1_fixed_5fold_10run_73configs,ion_channel,Ion Channel,65,MSCMF__RandomUnder__50_50,Random Under-Sampling,MSCMF,RandomUnder,50_50,50/50,7,5,42840,41364,1476,0.9635854341736695,0.48415094339622644,0.8692411924119241,0.6219098400387785,0.9703710271739115,0.7888282351683527,39cee56f51793454ee2496d32c41737e7be08bb87f94d304fb61b86f05c35bfd,not fixed; not saved,22.085184335708618,PASS,2026-09-04T04:59:39
dnn_oof_v1_fixed_5fold_10run_73configs,ion_channel,Ion Channel,65,MSCMF__RandomUnder__50_50,Random Under-Sampling,MSCMF,RandomUnder,50_50,50/50,8,5,42840,41364,1476,0.965592903828198,0.5003891050583658,0.8712737127371274,0.6356895699456253,0.9732489158974368,0.7632878650407374,39cee56f51793454ee2496d32c41737e7be08bb87f94d304fb61b86f05c35bfd,not fixed; not saved,21.775837898254395,PASS,2026-09-04T05:02:50
dnn_oof_v1_fixed_5fold_10run_73configs,ion_channel,Ion Channel,65,MSCMF__RandomUnder__50_50,Random Under-Sampling,MSCMF,RandomUnder,50_50,50/50,9,5,42840,41364,1476,0.9679971988795518,0.5212121212121212,0.8739837398373984,0.6529992406985573,0.97309207743586,0.7984460543842284,39cee56f51793454ee2496d32c41737e7be08bb87f94d304fb61b86f05c35bfd,not fixed; not saved,21.59460711479187,PASS,2026-09-04T05:06:01
dnn_oof_v1_fixed_5fold_10run_73configs,ion_channel,Ion Channel,65,MSCMF__RandomUnder__50_50,Random Under-Sampling,MSCMF,RandomUnder,50_50,50/50,10,5,42840,41364,1476,0.959733893557423,0.4564837469416288,0.8848238482384824,0.60225962646991,0.9747981778664611,0.8034508170149692,39cee56f51793454ee2496d32c41737e7be08bb87f94d304fb61b86f05c35bfd,not fixed; not saved,22.74704098701477,PASS,2026-09-04T05:09:12
dnn_oof_v1_fixed_5fold_10run_73configs,ion_channel,Ion Channel,66,MSCMF__RandomUnder__80_20,Random Under-Sampling,MSCMF,RandomUnder,80_20,80/20,1,5,42840,41364,1476,0.9871148459383754,0.8035479632063075,0.8285907859078591,0.8158772515010007,0.9736203620497669,0.8654442871389669,39cee56f51793454ee2496d32c41737e7be08bb87f94d304fb61b86f05c35bfd,not fixed; not saved,25.808481693267822,PASS,2026-09-04T05:12:30
dnn_oof_v1_fixed_5fold_10run_73configs,ion_channel,Ion Channel,66,MSCMF__RandomUnder__80_20,Random Under-Sampling,MSCMF,RandomUnder,80_20,80/20,2,5,42840,41364,1476,0.9874416433239963,0.8073394495412844,0.8346883468834688,0.820786142571619,0.9755864322012333,0.8687361958432424,39cee56f51793454ee2496d32c41737e7be08bb87f94d304fb61b86f05c35bfd,not fixed; not saved,27.733800649642944,PASS,2026-09-04T05:15:49
dnn_oof_v1_fixed_5fold_10run_73configs,ion_channel,Ion Channel,66,MSCMF__RandomUnder__80_20,Random Under-Sampling,MSCMF,RandomUnder,80_20,80/20,3,5,42840,41364,1476,0.9856909430438843,0.773968253968254,0.825880758807588,0.7990822681088168,0.9777294543990308,0.857484215211884,39cee56f51793454ee2496d32c41737e7be08bb87f94d304fb61b86f05c35bfd,not fixed; not saved,26.98195505142212,PASS,2026-09-04T05:19:07
dnn_oof_v1_fixed_5fold_10run_73configs,ion_channel,Ion Channel,66,MSCMF__RandomUnder__80_20,Random Under-Sampling,MSCMF,RandomUnder,80_20,80/20,4,5,42840,41364,1476,0.9851540616246499,0.7583025830258303,0.8353658536585366,0.7949709864603481,0.9762935606522201,0.8630786112433,39cee56f51793454ee2496d32c41737e7be08bb87f94d304fb61b86f05c35bfd,not fixed; not saved,27.16994881629944,PASS,2026-09-04T05:22:28
dnn_oof_v1_fixed_5fold_10run_73configs,ion_channel,Ion Channel,66,MSCMF__RandomUnder__80_20,Random Under-Sampling,MSCMF,RandomUnder,80_20,80/20,5,5,42840,41364,1476,0.9855508870214753,0.7710309930423782,0.825880758807588,0.7975139025188093,0.9754258838642927,0.8482520007562782,39cee56f51793454ee2496d32c41737e7be08bb87f94d304fb61b86f05c35bfd,not fixed; not saved,27.65860867500305,PASS,2026-09-04T05:25:49
dnn_oof_v1_fixed_5fold_10run_73configs,ion_channel,Ion Channel,66,MSCMF__RandomUnder__80_20,Random Under-Sampling,MSCMF,RandomUnder,80_20,80/20,6,5,42840,41364,1476,0.9852941176470589,0.7715019255455713,0.8143631436314364,0.7923533289386948,0.972518578204107,0.8478586012420349,39cee56f51793454ee2496d32c41737e7be08bb87f94d304fb61b86f05c35bfd,not fixed; not saved,26.298455953598022,PASS,2026-09-04T05:29:07
dnn_oof_v1_fixed_5fold_10run_73configs,ion_channel,Ion Channel,66,MSCMF__RandomUnder__80_20,Random Under-Sampling,MSCMF,RandomUnder,80_20,80/20,7,5,42840,41364,1476,0.9855975723622783,0.7744408945686901,0.8211382113821138,0.7971062150608352,0.9732007612238389,0.8536322970690539,39cee56f51793454ee2496d32c41737e7be08bb87f94d304fb61b86f05c35bfd,not fixed; not saved,26.828148126602173,PASS,2026-09-04T05:32:26
dnn_oof_v1_fixed_5fold_10run_73configs,ion_channel,Ion Channel,66,MSCMF__RandomUnder__80_20,Random Under-Sampling,MSCMF,RandomUnder,80_20,80/20,8,5,42840,41364,1476,0.9862278244631186,0.7903014416775884,0.8170731707317073,0.8034643570952699,0.9725896800537969,0.8521038185175103,39cee56f51793454ee2496d32c41737e7be08bb87f94d304fb61b86f05c35bfd,not fixed; not saved,27.739713430404663,PASS,2026-09-04T05:35:47
dnn_oof_v1_fixed_5fold_10run_73configs,ion_channel,Ion Channel,66,MSCMF__RandomUnder__80_20,Random Under-Sampling,MSCMF,RandomUnder,80_20,80/20,9,5,42840,41364,1476,0.986811391223156,0.8002636783124588,0.8224932249322493,0.8112261944537253,0.9747502033634108,0.8596938806129347,39cee56f51793454ee2496d32c41737e7be08bb87f94d304fb61b86f05c35bfd,not fixed; not saved,27.84817934036255,PASS,2026-09-04T05:39:08
dnn_oof_v1_fixed_5fold_10run_73configs,ion_channel,Ion Channel,66,MSCMF__RandomUnder__80_20,Random Under-Sampling,MSCMF,RandomUnder,80_20,80/20,10,5,42840,41364,1476,0.9862978524743231,0.7858520900321544,0.8279132791327913,0.8063345430550973,0.9762463477792113,0.8680987017664001,39cee56f51793454ee2496d32c41737e7be08bb87f94d304fb61b86f05c35bfd,not fixed; not saved,27.147205591201782,PASS,2026-09-04T05:42:29
dnn_oof_v1_fixed_5fold_10run_73configs,ion_channel,Ion Channel,67,MSCMF__RandomUnder__85_15,Random Under-Sampling,MSCMF,RandomUnder,85_15,85/15,1,5,42840,41364,1476,0.9872315592903829,0.8090485695276114,0.8238482384823849,0.8163813360187983,0.9722335893458538,0.8633281651162827,39cee56f51793454ee2496d32c41737e7be08bb87f94d304fb61b86f05c35bfd,not fixed; not saved,30.394945859909058,PASS,2026-09-04T05:45:54
dnn_oof_v1_fixed_5fold_10run_73configs,ion_channel,Ion Channel,67,MSCMF__RandomUnder__85_15,Random Under-Sampling,MSCMF,RandomUnder,85_15,85/15,2,5,42840,41364,1476,0.9867880485527545,0.7969973890339426,0.8272357723577236,0.8118351063829787,0.9723437144982127,0.8547519059019997,39cee56f51793454ee2496d32c41737e7be08bb87f94d304fb61b86f05c35bfd,not fixed; not saved,31.23584747314453,PASS,2026-09-04T05:49:20
dnn_oof_v1_fixed_5fold_10run_73configs,ion_channel,Ion Channel,67,MSCMF__RandomUnder__85_15,Random Under-Sampling,MSCMF,RandomUnder,85_15,85/15,3,5,42840,41364,1476,0.988702147525677,0.843015214384509,0.825880758807588,0.8343600273785079,0.9799766725002614,0.8773135593364461,39cee56f51793454ee2496d32c41737e7be08bb87f94d304fb61b86f05c35bfd,not fixed; not saved,30.55866551399231,PASS,2026-09-04T05:52:46
dnn_oof_v1_fixed_5fold_10run_73configs,ion_channel,Ion Channel,67,MSCMF__RandomUnder__85_15,Random Under-Sampling,MSCMF,RandomUnder,85_15,85/15,4,5,42840,41364,1476,0.9883986928104576,0.8382861091914305,0.8218157181571816,0.8299692097160452,0.9730138506599745,0.8651792845264594,39cee56f51793454ee2496d32c41737e7be08bb87f94d304fb61b86f05c35bfd,not fixed; not saved,30.01203751564026,PASS,2026-09-04T05:56:12
dnn_oof_v1_fixed_5fold_10run_73configs,ion_channel,Ion Channel,67,MSCMF__RandomUnder__85_15,Random Under-Sampling,MSCMF,RandomUnder,85_15,85/15,5,5,42840,41364,1476,0.988608776844071,0.8411602209944752,0.8252032520325203,0.8331053351573188,0.9773877036287527,0.870195961664597,39cee56f51793454ee2496d32c41737e7be08bb87f94d304fb61b86f05c35bfd,not fixed; not saved,30.73342275619507,PASS,2026-09-04T05:59:36
dnn_oof_v1_fixed_5fold_10run_73configs,ion_channel,Ion Channel,67,MSCMF__RandomUnder__85_15,Random Under-Sampling,MSCMF,RandomUnder,85_15,85/15,6,5,42840,41364,1476,0.9870448179271709,0.8027613412228797,0.8272357723577236,0.8148148148148148,0.9751443591942931,0.8615071856791939,39cee56f51793454ee2496d32c41737e7be08bb87f94d304fb61b86f05c35bfd,not fixed; not saved,30.142295122146606,PASS,2026-09-04T06:03:03
dnn_oof_v1_fixed_5fold_10run_73configs,ion_channel,Ion Channel,67,MSCMF__RandomUnder__85_15,Random Under-Sampling,MSCMF,RandomUnder,85_15,85/15,7,5,42840,41364,1476,0.9890756302521009,0.8480662983425414,0.8319783197831978,0.8399452804377565,0.9746706580667007,0.8760745492382621,39cee56f51793454ee2496d32c41737e7be08bb87f94d304fb61b86f05c35bfd,not fixed; not saved,30.96513795852661,PASS,2026-09-04T06:06:29
dnn_oof_v1_fixed_5fold_10run_73configs,ion_channel,Ion Channel,67,MSCMF__RandomUnder__85_15,Random Under-Sampling,MSCMF,RandomUnder,85_15,85/15,8,5,42840,41364,1476,0.9874416433239963,0.8118351063829787,0.8272357723577236,0.8194630872483222,0.9756797523552548,0.8671530066852547,39cee56f51793454ee2496d32c41737e7be08bb87f94d304fb61b86f05c35bfd,not fixed; not saved,29.67167615890503,PASS,2026-09-04T06:09:56
dnn_oof_v1_fixed_5fold_10run_73configs,ion_channel,Ion Channel,67,MSCMF__RandomUnder__85_15,Random Under-Sampling,MSCMF,RandomUnder,85_15,85/15,9,5,42840,41364,1476,0.9873949579831933,0.8124165554072096,0.8245257452574526,0.8184263618022865,0.9731316576293121,0.8388028409455837,39cee56f51793454ee2496d32c41737e7be08bb87f94d304fb61b86f05c35bfd,not fixed; not saved,30.142906427383423,PASS,2026-09-04T06:13:23
dnn_oof_v1_fixed_5fold_10run_73configs,ion_channel,Ion Channel,67,MSCMF__RandomUnder__85_15,Random Under-Sampling,MSCMF,RandomUnder,85_15,85/15,10,5,42840,41364,1476,0.9871848739495799,0.8096192384769539,0.8211382113821138,0.8153380423814329,0.9722172921008776,0.8553969144827295,39cee56f51793454ee2496d32c41737e7be08bb87f94d304fb61b86f05c35bfd,not fixed; not saved,28.938767433166504,PASS,2026-09-04T06:16:48
dnn_oof_v1_fixed_5fold_10run_73configs,ion_channel,Ion Channel,68,MSCMF__RandomUnder__90_10,Random Under-Sampling,MSCMF,RandomUnder,90_10,90/10,1,5,42840,41364,1476,0.9888422035480859,0.8524011299435028,0.8177506775067751,0.834716459197787,0.9738763516394472,0.8684290663423858,39cee56f51793454ee2496d32c41737e7be08bb87f94d304fb61b86f05c35bfd,not fixed; not saved,38.36032462120056,PASS,2026-09-04T06:20:23
dnn_oof_v1_fixed_5fold_10run_73configs,ion_channel,Ion Channel,68,MSCMF__RandomUnder__90_10,Random Under-Sampling,MSCMF,RandomUnder,90_10,90/10,2,5,42840,41364,1476,0.9886321195144725,0.8343475321162948,0.8360433604336044,0.8351945854483925,0.9725418529630128,0.8729119423032933,39cee56f51793454ee2496d32c41737e7be08bb87f94d304fb61b86f05c35bfd,not fixed; not saved,37.44895839691162,PASS,2026-09-04T06:23:58
dnn_oof_v1_fixed_5fold_10run_73configs,ion_channel,Ion Channel,68,MSCMF__RandomUnder__90_10,Random Under-Sampling,MSCMF,RandomUnder,90_10,90/10,3,5,42840,41364,1476,0.9891223155929039,0.8831562974203339,0.7886178861788617,0.8332140300644237,0.9693651759552119,0.8642595948482407,39cee56f51793454ee2496d32c41737e7be08bb87f94d304fb61b86f05c35bfd,not fixed; not saved,36.040430307388306,PASS,2026-09-04T06:27:32
dnn_oof_v1_fixed_5fold_10run_73configs,ion_channel,Ion Channel,68,MSCMF__RandomUnder__90_10,Random Under-Sampling,MSCMF,RandomUnder,90_10,90/10,4,5,42840,41364,1476,0.9887721755368815,0.8530872959545777,0.8143631436314364,0.8332755632582323,0.975298814490901,0.873370279374407,39cee56f51793454ee2496d32c41737e7be08bb87f94d304fb61b86f05c35bfd,not fixed; not saved,36.14451622962952,PASS,2026-09-04T06:31:07
dnn_oof_v1_fixed_5fold_10run_73configs,ion_channel,Ion Channel,68,MSCMF__RandomUnder__90_10,Random Under-Sampling,MSCMF,RandomUnder,90_10,90/10,5,5,42840,41364,1476,0.9894024276377218,0.8670977011494253,0.8177506775067751,0.8417015341701534,0.9760595682484725,0.8765341629268554,39cee56f51793454ee2496d32c41737e7be08bb87f94d304fb61b86f05c35bfd,not fixed; not saved,35.56838011741638,PASS,2026-09-04T06:34:40
dnn_oof_v1_fixed_5fold_10run_73configs,ion_channel,Ion Channel,68,MSCMF__RandomUnder__90_10,Random Under-Sampling,MSCMF,RandomUnder,90_10,90/10,6,5,42840,41364,1476,0.9893557422969188,0.8601694915254238,0.8252032520325203,0.8423236514522822,0.9751803359767957,0.8751426023347054,39cee56f51793454ee2496d32c41737e7be08bb87f94d304fb61b86f05c35bfd,not fixed; not saved,37.19350481033325,PASS,2026-09-04T06:38:17
dnn_oof_v1_fixed_5fold_10run_73configs,ion_channel,Ion Channel,68,MSCMF__RandomUnder__90_10,Random Under-Sampling,MSCMF,RandomUnder,90_10,90/10,7,5,42840,41364,1476,0.9893557422969188,0.8722627737226277,0.809620596205962,0.8397751229796205,0.973981587618313,0.871818332531852,39cee56f51793454ee2496d32c41737e7be08bb87f94d304fb61b86f05c35bfd,not fixed; not saved,36.9294056892395,PASS,2026-09-04T06:41:53
dnn_oof_v1_fixed_5fold_10run_73configs,ion_channel,Ion Channel,68,MSCMF__RandomUnder__90_10,Random Under-Sampling,MSCMF,RandomUnder,90_10,90/10,8,5,42840,41364,1476,0.9878618113912232,0.8324061196105702,0.8109756097560976,0.821551132463967,0.9740987394220234,0.8571714278025072,39cee56f51793454ee2496d32c41737e7be08bb87f94d304fb61b86f05c35bfd,not fixed; not saved,36.60161733627319,PASS,2026-09-04T06:45:30
dnn_oof_v1_fixed_5fold_10run_73configs,ion_channel,Ion Channel,68,MSCMF__RandomUnder__90_10,Random Under-Sampling,MSCMF,RandomUnder,90_10,90/10,9,5,42840,41364,1476,0.9877217553688142,0.819650067294751,0.8252032520325203,0.8224172856178258,0.9735527080091902,0.8534071761723874,39cee56f51793454ee2496d32c41737e7be08bb87f94d304fb61b86f05c35bfd,not fixed; not saved,36.74603843688965,PASS,2026-09-04T06:49:06
dnn_oof_v1_fixed_5fold_10run_73configs,ion_channel,Ion Channel,68,MSCMF__RandomUnder__90_10,Random Under-Sampling,MSCMF,RandomUnder,90_10,90/10,10,5,42840,41364,1476,0.9890989729225024,0.8626887131560029,0.8130081300813008,0.8371119637251483,0.9742953300580294,0.8644832370902175,39cee56f51793454ee2496d32c41737e7be08bb87f94d304fb61b86f05c35bfd,not fixed; not saved,36.175087451934814,PASS,2026-09-04T06:52:41
dnn_oof_v1_fixed_5fold_10run_73configs,ion_channel,Ion Channel,69,MSCMF__TomekLinks__50_50,Tomek Links,MSCMF,TomekLinks,50_50,50/50,1,5,42840,41364,1476,0.965266106442577,0.4976762199845081,0.8705962059620597,0.6333169048792509,0.9734757669958481,0.8142149460513444,39cee56f51793454ee2496d32c41737e7be08bb87f94d304fb61b86f05c35bfd,not fixed; not saved,20.661356449127197,PASS,2026-09-04T06:56:02
dnn_oof_v1_fixed_5fold_10run_73configs,ion_channel,Ion Channel,69,MSCMF__TomekLinks__50_50,Tomek Links,MSCMF,TomekLinks,50_50,50/50,2,5,42840,41364,1476,0.9653828197945845,0.49863227823368506,0.8644986449864499,0.6324659231722429,0.9745028046330169,0.820332646175291,39cee56f51793454ee2496d32c41737e7be08bb87f94d304fb61b86f05c35bfd,not fixed; not saved,23.286149263381958,PASS,2026-09-04T06:59:26
dnn_oof_v1_fixed_5fold_10run_73configs,ion_channel,Ion Channel,69,MSCMF__TomekLinks__50_50,Tomek Links,MSCMF,TomekLinks,50_50,50/50,3,5,42840,41364,1476,0.9649859943977591,0.495398773006135,0.8753387533875339,0.6327130264446621,0.9732957520502099,0.7759548737779028,39cee56f51793454ee2496d32c41737e7be08bb87f94d304fb61b86f05c35bfd,not fixed; not saved,20.73661208152771,PASS,2026-09-04T07:02:46
dnn_oof_v1_fixed_5fold_10run_73configs,ion_channel,Ion Channel,69,MSCMF__TomekLinks__50_50,Tomek Links,MSCMF,TomekLinks,50_50,50/50,4,5,42840,41364,1476,0.9763071895424836,0.6132678132678133,0.8455284552845529,0.7109085730561093,0.9746466462464644,0.8191184297306061,39cee56f51793454ee2496d32c41737e7be08bb87f94d304fb61b86f05c35bfd,not fixed; not saved,22.410972118377686,PASS,2026-09-04T07:06:10
dnn_oof_v1_fixed_5fold_10run_73configs,ion_channel,Ion Channel,69,MSCMF__TomekLinks__50_50,Tomek Links,MSCMF,TomekLinks,50_50,50/50,5,5,42840,41364,1476,0.9686974789915966,0.5276526013928717,0.8726287262872628,0.6576461577738065,0.9746141827896375,0.8190956307438312,39cee56f51793454ee2496d32c41737e7be08bb87f94d304fb61b86f05c35bfd,not fixed; not saved,21.364120960235596,PASS,2026-09-04T07:09:34
dnn_oof_v1_fixed_5fold_10run_73configs,ion_channel,Ion Channel,69,MSCMF__TomekLinks__50_50,Tomek Links,MSCMF,TomekLinks,50_50,50/50,6,5,42840,41364,1476,0.9702614379084967,0.5430520034100597,0.8631436314363143,0.6666666666666666,0.9756225482064317,0.8464337426502281,39cee56f51793454ee2496d32c41737e7be08bb87f94d304fb61b86f05c35bfd,not fixed; not saved,21.256622314453125,PASS,2026-09-04T07:12:57
dnn_oof_v1_fixed_5fold_10run_73configs,ion_channel,Ion Channel,69,MSCMF__TomekLinks__50_50,Tomek Links,MSCMF,TomekLinks,50_50,50/50,7,5,42840,41364,1476,0.9687208216619981,0.5281224152191895,0.8651761517615176,0.6558808423215203,0.9730839042446608,0.7934352066849306,39cee56f51793454ee2496d32c41737e7be08bb87f94d304fb61b86f05c35bfd,not fixed; not saved,21.470386028289795,PASS,2026-09-04T07:16:20
dnn_oof_v1_fixed_5fold_10run_73configs,ion_channel,Ion Channel,69,MSCMF__TomekLinks__50_50,Tomek Links,MSCMF,TomekLinks,50_50,50/50,8,5,42840,41364,1476,0.9671802054154995,0.5140675241157556,0.8665311653116531,0.6453077699293642,0.9710450451920146,0.7830716518543636,39cee56f51793454ee2496d32c41737e7be08bb87f94d304fb61b86f05c35bfd,not fixed; not saved,20.64298105239868,PASS,2026-09-04T07:19:45
dnn_oof_v1_fixed_5fold_10run_73configs,ion_channel,Ion Channel,69,MSCMF__TomekLinks__50_50,Tomek Links,MSCMF,TomekLinks,50_50,50/50,9,5,42840,41364,1476,0.965219421101774,0.4973056197074673,0.8753387533875339,0.6342660775650466,0.9742349565454845,0.8186212708293095,39cee56f51793454ee2496d32c41737e7be08bb87f94d304fb61b86f05c35bfd,not fixed; not saved,20.643178701400757,PASS,2026-09-04T07:23:09
dnn_oof_v1_fixed_5fold_10run_73configs,ion_channel,Ion Channel,69,MSCMF__TomekLinks__50_50,Tomek Links,MSCMF,TomekLinks,50_50,50/50,10,5,42840,41364,1476,0.954014939309057,0.42108626198083066,0.8929539295392954,0.5722970039079461,0.9741535030788853,0.8019266107202151,39cee56f51793454ee2496d32c41737e7be08bb87f94d304fb61b86f05c35bfd,not fixed; not saved,21.611448526382446,PASS,2026-09-04T07:26:34
dnn_oof_v1_fixed_5fold_10run_73configs,ion_channel,Ion Channel,70,MSCMF__TomekLinks__80_20,Tomek Links,MSCMF,TomekLinks,80_20,80/20,1,5,42840,41364,1476,0.9839869281045751,0.7399756986634265,0.8252032520325203,0.7802690582959642,0.9742184791299611,0.8515512135257916,39cee56f51793454ee2496d32c41737e7be08bb87f94d304fb61b86f05c35bfd,not fixed; not saved,26.30915927886963,PASS,2026-09-04T07:30:03
dnn_oof_v1_fixed_5fold_10run_73configs,ion_channel,Ion Channel,70,MSCMF__TomekLinks__80_20,Tomek Links,MSCMF,TomekLinks,80_20,80/20,2,5,42840,41364,1476,0.9873015873015873,0.8102529960053262,0.8245257452574526,0.8173270651443922,0.9731903440903669,0.8585530910885932,39cee56f51793454ee2496d32c41737e7be08bb87f94d304fb61b86f05c35bfd,not fixed; not saved,27.780946254730225,PASS,2026-09-04T07:33:34
dnn_oof_v1_fixed_5fold_10run_73configs,ion_channel,Ion Channel,70,MSCMF__TomekLinks__80_20,Tomek Links,MSCMF,TomekLinks,80_20,80/20,3,5,42840,41364,1476,0.9879318394024277,0.822028206850235,0.8292682926829268,0.8256323777403035,0.9749561464887447,0.863590933946293,39cee56f51793454ee2496d32c41737e7be08bb87f94d304fb61b86f05c35bfd,not fixed; not saved,26.56113052368164,PASS,2026-09-04T07:37:05
dnn_oof_v1_fixed_5fold_10run_73configs,ion_channel,Ion Channel,70,MSCMF__TomekLinks__80_20,Tomek Links,MSCMF,TomekLinks,80_20,80/20,4,5,42840,41364,1476,0.984733893557423,0.7461077844311377,0.8441734417344173,0.7921169739351558,0.9742501072506132,0.8589982413838912,39cee56f51793454ee2496d32c41737e7be08bb87f94d304fb61b86f05c35bfd,not fixed; not saved,26.564491987228394,PASS,2026-09-04T07:40:34
dnn_oof_v1_fixed_5fold_10run_73configs,ion_channel,Ion Channel,70,MSCMF__TomekLinks__80_20,Tomek Links,MSCMF,TomekLinks,80_20,80/20,5,5,42840,41364,1476,0.9854341736694678,0.7591240875912408,0.8455284552845529,0.8,0.9784921408952026,0.8700197485398312,39cee56f51793454ee2496d32c41737e7be08bb87f94d304fb61b86f05c35bfd,not fixed; not saved,27.150184154510498,PASS,2026-09-04T07:44:05
dnn_oof_v1_fixed_5fold_10run_73configs,ion_channel,Ion Channel,70,MSCMF__TomekLinks__80_20,Tomek Links,MSCMF,TomekLinks,80_20,80/20,6,5,42840,41364,1476,0.9879551820728292,0.821285140562249,0.8313008130081301,0.8262626262626263,0.9767501865256542,0.8695879220709808,39cee56f51793454ee2496d32c41737e7be08bb87f94d304fb61b86f05c35bfd,not fixed; not saved,27.344525575637817,PASS,2026-09-04T07:47:37
dnn_oof_v1_fixed_5fold_10run_73configs,ion_channel,Ion Channel,70,MSCMF__TomekLinks__80_20,Tomek Links,MSCMF,TomekLinks,80_20,80/20,7,5,42840,41364,1476,0.9856442577030813,0.7705845380263985,0.8306233062330624,0.7994783175741768,0.9762890318198221,0.8577370797442523,39cee56f51793454ee2496d32c41737e7be08bb87f94d304fb61b86f05c35bfd,not fixed; not saved,27.905288696289062,PASS,2026-09-04T07:51:11
dnn_oof_v1_fixed_5fold_10run_73configs,ion_channel,Ion Channel,70,MSCMF__TomekLinks__80_20,Tomek Links,MSCMF,TomekLinks,80_20,80/20,8,5,42840,41364,1476,0.9854808590102708,0.770253164556962,0.8245257452574526,0.7964659685863874,0.9721695305266562,0.8403565659486648,39cee56f51793454ee2496d32c41737e7be08bb87f94d304fb61b86f05c35bfd,not fixed; not saved,27.93564224243164,PASS,2026-09-04T07:54:46
dnn_oof_v1_fixed_5fold_10run_73configs,ion_channel,Ion Channel,70,MSCMF__TomekLinks__80_20,Tomek Links,MSCMF,TomekLinks,80_20,80/20,9,5,42840,41364,1476,0.9842903828197945,0.7357604227833235,0.8489159891598916,0.7882982069833281,0.9775431744320827,0.8601881345656773,39cee56f51793454ee2496d32c41737e7be08bb87f94d304fb61b86f05c35bfd,not fixed; not saved,27.16893768310547,PASS,2026-09-04T07:58:17
dnn_oof_v1_fixed_5fold_10run_73configs,ion_channel,Ion Channel,70,MSCMF__TomekLinks__80_20,Tomek Links,MSCMF,TomekLinks,80_20,80/20,10,5,42840,41364,1476,0.9841970121381886,0.7387925881649731,0.8373983739837398,0.7850111146395681,0.9748745619890199,0.8487069244657548,39cee56f51793454ee2496d32c41737e7be08bb87f94d304fb61b86f05c35bfd,not fixed; not saved,27.641360998153687,PASS,2026-09-04T08:01:54
dnn_oof_v1_fixed_5fold_10run_73configs,ion_channel,Ion Channel,71,MSCMF__TomekLinks__85_15,Tomek Links,MSCMF,TomekLinks,85_15,85/15,1,5,42840,41364,1476,0.988562091503268,0.8511396011396012,0.809620596205962,0.8298611111111112,0.9721785308644596,0.8637833309750745,39cee56f51793454ee2496d32c41737e7be08bb87f94d304fb61b86f05c35bfd,not fixed; not saved,30.59693455696106,PASS,2026-09-04T08:05:31
dnn_oof_v1_fixed_5fold_10run_73configs,ion_channel,Ion Channel,71,MSCMF__TomekLinks__85_15,Tomek Links,MSCMF,TomekLinks,85_15,85/15,2,5,42840,41364,1476,0.988468720821662,0.846262341325811,0.8130081300813008,0.82930200414651,0.9720110213927302,0.8637207157162426,39cee56f51793454ee2496d32c41737e7be08bb87f94d304fb61b86f05c35bfd,not fixed; not saved,30.25421905517578,PASS,2026-09-04T08:09:08
dnn_oof_v1_fixed_5fold_10run_73configs,ion_channel,Ion Channel,71,MSCMF__TomekLinks__85_15,Tomek Links,MSCMF,TomekLinks,85_15,85/15,3,5,42840,41364,1476,0.988422035480859,0.8402777777777778,0.8197831978319783,0.8299039780521262,0.9774600666722749,0.8716760659448276,39cee56f51793454ee2496d32c41737e7be08bb87f94d304fb61b86f05c35bfd,not fixed; not saved,31.317969799041748,PASS,2026-09-04T08:12:48
dnn_oof_v1_fixed_5fold_10run_73configs,ion_channel,Ion Channel,71,MSCMF__TomekLinks__85_15,Tomek Links,MSCMF,TomekLinks,85_15,85/15,4,5,42840,41364,1476,0.988608776844071,0.8513513513513513,0.8109756097560976,0.8306731436502429,0.9735210635093973,0.8653223501183158,39cee56f51793454ee2496d32c41737e7be08bb87f94d304fb61b86f05c35bfd,not fixed; not saved,31.087615489959717,PASS,2026-09-04T08:16:25
dnn_oof_v1_fixed_5fold_10run_73configs,ion_channel,Ion Channel,71,MSCMF__TomekLinks__85_15,Tomek Links,MSCMF,TomekLinks,85_15,85/15,5,5,42840,41364,1476,0.988422035480859,0.8346994535519126,0.8279132791327913,0.8312925170068027,0.9755796348578513,0.8722444915148022,39cee56f51793454ee2496d32c41737e7be08bb87f94d304fb61b86f05c35bfd,not fixed; not saved,30.067461490631104,PASS,2026-09-04T08:20:05
dnn_oof_v1_fixed_5fold_10run_73configs,ion_channel,Ion Channel,71,MSCMF__TomekLinks__85_15,Tomek Links,MSCMF,TomekLinks,85_15,85/15,6,5,42840,41364,1476,0.9871615312791784,0.8042049934296978,0.8292682926829268,0.8165443629086058,0.9741343149155792,0.8696415172741913,39cee56f51793454ee2496d32c41737e7be08bb87f94d304fb61b86f05c35bfd,not fixed; not saved,29.99821138381958,PASS,2026-09-04T08:23:44
dnn_oof_v1_fixed_5fold_10run_73configs,ion_channel,Ion Channel,71,MSCMF__TomekLinks__85_15,Tomek Links,MSCMF,TomekLinks,85_15,85/15,7,5,42840,41364,1476,0.9870915032679739,0.814587593728698,0.809620596205962,0.8120965001698947,0.9731804510893963,0.8560064704202874,39cee56f51793454ee2496d32c41737e7be08bb87f94d304fb61b86f05c35bfd,not fixed; not saved,30.468005895614624,PASS,2026-09-04T08:27:25
dnn_oof_v1_fixed_5fold_10run_73configs,ion_channel,Ion Channel,71,MSCMF__TomekLinks__85_15,Tomek Links,MSCMF,TomekLinks,85_15,85/15,8,5,42840,41364,1476,0.9880018674136322,0.8290013679890561,0.8211382113821138,0.8250510551395507,0.9739464789302664,0.8708820600684778,39cee56f51793454ee2496d32c41737e7be08bb87f94d304fb61b86f05c35bfd,not fixed; not saved,30.7630672454834,PASS,2026-09-04T08:31:06
dnn_oof_v1_fixed_5fold_10run_73configs,ion_channel,Ion Channel,71,MSCMF__TomekLinks__85_15,Tomek Links,MSCMF,TomekLinks,85_15,85/15,9,5,42840,41364,1476,0.9893323996265173,0.8626334519572953,0.8211382113821138,0.8413745227351614,0.9791476996217598,0.8761174478500567,39cee56f51793454ee2496d32c41737e7be08bb87f94d304fb61b86f05c35bfd,not fixed; not saved,29.854753732681274,PASS,2026-09-04T08:34:43
dnn_oof_v1_fixed_5fold_10run_73configs,ion_channel,Ion Channel,71,MSCMF__TomekLinks__85_15,Tomek Links,MSCMF,TomekLinks,85_15,85/15,10,5,42840,41364,1476,0.9878618113912232,0.8186666666666667,0.8319783197831978,0.8252688172043011,0.9736105673236405,0.8696570249647265,39cee56f51793454ee2496d32c41737e7be08bb87f94d304fb61b86f05c35bfd,not fixed; not saved,30.17693305015564,PASS,2026-09-04T08:38:24
dnn_oof_v1_fixed_5fold_10run_73configs,ion_channel,Ion Channel,72,MSCMF__TomekLinks__90_10,Tomek Links,MSCMF,TomekLinks,90_10,90/10,1,5,42840,41364,1476,0.9890989729225024,0.8570417551309271,0.8204607046070461,0.8383523710626515,0.9777398633429327,0.8755515792917404,39cee56f51793454ee2496d32c41737e7be08bb87f94d304fb61b86f05c35bfd,not fixed; not saved,37.85317611694336,PASS,2026-09-04T08:42:11
dnn_oof_v1_fixed_5fold_10run_73configs,ion_channel,Ion Channel,72,MSCMF__TomekLinks__90_10,Tomek Links,MSCMF,TomekLinks,90_10,90/10,2,5,42840,41364,1476,0.9896591970121382,0.8745467730239304,0.8170731707317073,0.8448336252189141,0.972751997337931,0.8729798780753546,39cee56f51793454ee2496d32c41737e7be08bb87f94d304fb61b86f05c35bfd,not fixed; not saved,37.8206422328949,PASS,2026-09-04T08:46:00
dnn_oof_v1_fixed_5fold_10run_73configs,ion_channel,Ion Channel,72,MSCMF__TomekLinks__90_10,Tomek Links,MSCMF,TomekLinks,90_10,90/10,3,5,42840,41364,1476,0.9877450980392157,0.8219363574813812,0.8224932249322493,0.8222146969183881,0.9763640646632751,0.8701679644070632,39cee56f51793454ee2496d32c41737e7be08bb87f94d304fb61b86f05c35bfd,not fixed; not saved,35.80406856536865,PASS,2026-09-04T08:49:47
dnn_oof_v1_fixed_5fold_10run_73configs,ion_channel,Ion Channel,72,MSCMF__TomekLinks__90_10,Tomek Links,MSCMF,TomekLinks,90_10,90/10,4,5,42840,41364,1476,0.9876283846872083,0.8293871866295265,0.806910569105691,0.8179945054945055,0.9730087239889418,0.854401822295745,39cee56f51793454ee2496d32c41737e7be08bb87f94d304fb61b86f05c35bfd,not fixed; not saved,35.80162048339844,PASS,2026-09-04T08:53:33
dnn_oof_v1_fixed_5fold_10run_73configs,ion_channel,Ion Channel,72,MSCMF__TomekLinks__90_10,Tomek Links,MSCMF,TomekLinks,90_10,90/10,5,5,42840,41364,1476,0.9890289449112979,0.8748137108792846,0.7953929539295393,0.8332150461320085,0.9699356696146498,0.8642967179152468,39cee56f51793454ee2496d32c41737e7be08bb87f94d304fb61b86f05c35bfd,not fixed; not saved,35.44814682006836,PASS,2026-09-04T08:57:20
dnn_oof_v1_fixed_5fold_10run_73configs,ion_channel,Ion Channel,72,MSCMF__TomekLinks__90_10,Tomek Links,MSCMF,TomekLinks,90_10,90/10,6,5,42840,41364,1476,0.9894024276377218,0.8785185185185185,0.8035230352303523,0.8393489030431706,0.9764073219738095,0.8695182771789104,39cee56f51793454ee2496d32c41737e7be08bb87f94d304fb61b86f05c35bfd,not fixed; not saved,35.967371225357056,PASS,2026-09-04T09:01:05
dnn_oof_v1_fixed_5fold_10run_73configs,ion_channel,Ion Channel,72,MSCMF__TomekLinks__90_10,Tomek Links,MSCMF,TomekLinks,90_10,90/10,7,5,42840,41364,1476,0.9889822595704949,0.8611510791366906,0.8109756097560976,0.8353105373342637,0.9732588252775478,0.8693314710824834,39cee56f51793454ee2496d32c41737e7be08bb87f94d304fb61b86f05c35bfd,not fixed; not saved,36.70035004615784,PASS,2026-09-04T09:04:53
dnn_oof_v1_fixed_5fold_10run_73configs,ion_channel,Ion Channel,72,MSCMF__TomekLinks__90_10,Tomek Links,MSCMF,TomekLinks,90_10,90/10,8,5,42840,41364,1476,0.9887721755368815,0.8650036683785767,0.7987804878048781,0.8305741458259951,0.9718418248695107,0.8530840327795409,39cee56f51793454ee2496d32c41737e7be08bb87f94d304fb61b86f05c35bfd,not fixed; not saved,36.476083517074585,PASS,2026-09-04T09:08:43
dnn_oof_v1_fixed_5fold_10run_73configs,ion_channel,Ion Channel,72,MSCMF__TomekLinks__90_10,Tomek Links,MSCMF,TomekLinks,90_10,90/10,9,5,42840,41364,1476,0.9889822595704949,0.8530239099859352,0.8218157181571816,0.8371290545203589,0.9743277607565748,0.8700509308960006,39cee56f51793454ee2496d32c41737e7be08bb87f94d304fb61b86f05c35bfd,not fixed; not saved,37.386096715927124,PASS,2026-09-04T09:12:33
dnn_oof_v1_fixed_5fold_10run_73configs,ion_channel,Ion Channel,72,MSCMF__TomekLinks__90_10,Tomek Links,MSCMF,TomekLinks,90_10,90/10,10,5,42840,41364,1476,0.9894024276377218,0.8660458452722063,0.8191056910569106,0.8419220055710307,0.9732679975963283,0.8719949606251193,39cee56f51793454ee2496d32c41737e7be08bb87f94d304fb61b86f05c35bfd,not fixed; not saved,37.254414796829224,PASS,2026-09-04T09:16:22
dnn_oof_v1_fixed_5fold_10run_73configs,ion_channel,Ion Channel,9,NNMF__WGANGP__50_50,NNMF (WGAN-GP),NNMF,WGANGP,50_50,50/50,1,5,42840,41364,1476,0.9861111111111112,0.8344722854973424,0.744579945799458,0.7869674185463659,0.9562147242447185,0.8115211733357552,39cee56f51793454ee2496d32c41737e7be08bb87f94d304fb61b86f05c35bfd,not fixed; not saved,123.55587434768677,PASS,2026-09-04T09:23:12
dnn_oof_v1_fixed_5fold_10run_73configs,ion_channel,Ion Channel,9,NNMF__WGANGP__50_50,NNMF (WGAN-GP),NNMF,WGANGP,50_50,50/50,2,5,42840,41364,1476,0.9863211951447246,0.8366111951588502,0.7493224932249323,0.7905646890636169,0.9568120141783084,0.8115797279219377,39cee56f51793454ee2496d32c41737e7be08bb87f94d304fb61b86f05c35bfd,not fixed; not saved,122.75723314285278,PASS,2026-09-04T09:28:31
dnn_oof_v1_fixed_5fold_10run_73configs,ion_channel,Ion Channel,9,NNMF__WGANGP__50_50,NNMF (WGAN-GP),NNMF,WGANGP,50_50,50/50,3,5,42840,41364,1476,0.9865079365079366,0.8411854103343465,0.75,0.7929799426934098,0.95368794697037,0.8092248719511801,39cee56f51793454ee2496d32c41737e7be08bb87f94d304fb61b86f05c35bfd,not fixed; not saved,122.22972869873047,PASS,2026-09-04T09:33:51
dnn_oof_v1_fixed_5fold_10run_73configs,ion_channel,Ion Channel,9,NNMF__WGANGP__50_50,NNMF (WGAN-GP),NNMF,WGANGP,50_50,50/50,4,5,42840,41364,1476,0.9860410830999067,0.8610197368421053,0.709349593495935,0.7778603268945022,0.9543530793046544,0.8051327947684812,39cee56f51793454ee2496d32c41737e7be08bb87f94d304fb61b86f05c35bfd,not fixed; not saved,123.59736585617065,PASS,2026-09-04T09:39:10
dnn_oof_v1_fixed_5fold_10run_73configs,ion_channel,Ion Channel,9,NNMF__WGANGP__50_50,NNMF (WGAN-GP),NNMF,WGANGP,50_50,50/50,5,5,42840,41364,1476,0.9870915032679739,0.8689048760991207,0.736449864498645,0.7972130546387972,0.9517662642901451,0.8105035441373601,39cee56f51793454ee2496d32c41737e7be08bb87f94d304fb61b86f05c35bfd,not fixed; not saved,122.5244300365448,PASS,2026-09-04T09:44:31
dnn_oof_v1_fixed_5fold_10run_73configs,ion_channel,Ion Channel,9,NNMF__WGANGP__50_50,NNMF (WGAN-GP),NNMF,WGANGP,50_50,50/50,6,5,42840,41364,1476,0.9865079365079366,0.8779461279461279,0.7066395663956639,0.7830330330330331,0.952190181019642,0.8097389532660677,39cee56f51793454ee2496d32c41737e7be08bb87f94d304fb61b86f05c35bfd,not fixed; not saved,123.03131914138794,PASS,2026-09-04T09:49:51
dnn_oof_v1_fixed_5fold_10run_73configs,ion_channel,Ion Channel,9,NNMF__WGANGP__50_50,NNMF (WGAN-GP),NNMF,WGANGP,50_50,50/50,7,5,42840,41364,1476,0.9869981325863679,0.8684843624699278,0.733739837398374,0.7954461990451708,0.9531721350720905,0.8043694287453561,39cee56f51793454ee2496d32c41737e7be08bb87f94d304fb61b86f05c35bfd,not fixed; not saved,122.23585915565491,PASS,2026-09-04T09:55:10
dnn_oof_v1_fixed_5fold_10run_73configs,ion_channel,Ion Channel,9,NNMF__WGANGP__50_50,NNMF (WGAN-GP),NNMF,WGANGP,50_50,50/50,8,5,42840,41364,1476,0.9873716153127918,0.8761061946902655,0.7378048780487805,0.8010297903641045,0.9561487490660614,0.815839591603753,39cee56f51793454ee2496d32c41737e7be08bb87f94d304fb61b86f05c35bfd,not fixed; not saved,121.96119666099548,PASS,2026-09-04T10:00:31
dnn_oof_v1_fixed_5fold_10run_73configs,ion_channel,Ion Channel,9,NNMF__WGANGP__50_50,NNMF (WGAN-GP),NNMF,WGANGP,50_50,50/50,9,5,42840,41364,1476,0.9864845938375351,0.8590872698158527,0.7269647696476965,0.7875229357798165,0.9514825448152944,0.8098397532297651,39cee56f51793454ee2496d32c41737e7be08bb87f94d304fb61b86f05c35bfd,not fixed; not saved,122.58248043060303,PASS,2026-09-04T10:05:51
dnn_oof_v1_fixed_5fold_10run_73configs,ion_channel,Ion Channel,9,NNMF__WGANGP__50_50,NNMF (WGAN-GP),NNMF,WGANGP,50_50,50/50,10,5,42840,41364,1476,0.9865079365079366,0.8557844690966719,0.7317073170731707,0.7888970051132214,0.9564948812564715,0.8070415919090634,39cee56f51793454ee2496d32c41737e7be08bb87f94d304fb61b86f05c35bfd,not fixed; not saved,122.32180619239807,PASS,2026-09-04T10:11:13
dnn_oof_v1_fixed_5fold_10run_73configs,ion_channel,Ion Channel,10,NNMF__WGANGP__80_20,NNMF (WGAN-GP),NNMF,WGANGP,80_20,80/20,1,5,42840,41364,1476,0.9865079365079366,0.8638573743922204,0.7222222222222222,0.7867158671586716,0.95004825622427,0.7990829509858168,39cee56f51793454ee2496d32c41737e7be08bb87f94d304fb61b86f05c35bfd,not fixed; not saved,84.14402914047241,PASS,2026-09-04T10:15:55
dnn_oof_v1_fixed_5fold_10run_73configs,ion_channel,Ion Channel,10,NNMF__WGANGP__80_20,NNMF (WGAN-GP),NNMF,WGANGP,80_20,80/20,2,5,42840,41364,1476,0.9864612511671336,0.8522012578616353,0.7344173441734417,0.7889374090247453,0.9543456923122079,0.8114634243978406,39cee56f51793454ee2496d32c41737e7be08bb87f94d304fb61b86f05c35bfd,not fixed; not saved,81.97679996490479,PASS,2026-09-04T10:20:38
dnn_oof_v1_fixed_5fold_10run_73configs,ion_channel,Ion Channel,10,NNMF__WGANGP__80_20,NNMF (WGAN-GP),NNMF,WGANGP,80_20,80/20,3,5,42840,41364,1476,0.9866013071895425,0.8528951486697965,0.7384823848238482,0.7915758896151053,0.9561048611586106,0.8055234416193267,39cee56f51793454ee2496d32c41737e7be08bb87f94d304fb61b86f05c35bfd,not fixed; not saved,84.54653596878052,PASS,2026-09-04T10:25:22
dnn_oof_v1_fixed_5fold_10run_73configs,ion_channel,Ion Channel,10,NNMF__WGANGP__80_20,NNMF (WGAN-GP),NNMF,WGANGP,80_20,80/20,4,5,42840,41364,1476,0.9869281045751634,0.8589341692789969,0.7425474254742548,0.7965116279069767,0.9560075117359819,0.8116209704313045,39cee56f51793454ee2496d32c41737e7be08bb87f94d304fb61b86f05c35bfd,not fixed; not saved,83.57268595695496,PASS,2026-09-04T10:30:05
dnn_oof_v1_fixed_5fold_10run_73configs,ion_channel,Ion Channel,10,NNMF__WGANGP__80_20,NNMF (WGAN-GP),NNMF,WGANGP,80_20,80/20,5,5,42840,41364,1476,0.9864845938375351,0.8643379366368806,0.7208672086720868,0.7861100849649058,0.9549692789561586,0.807543315653177,39cee56f51793454ee2496d32c41737e7be08bb87f94d304fb61b86f05c35bfd,not fixed; not saved,85.15395092964172,PASS,2026-09-04T10:34:48
dnn_oof_v1_fixed_5fold_10run_73configs,ion_channel,Ion Channel,10,NNMF__WGANGP__80_20,NNMF (WGAN-GP),NNMF,WGANGP,80_20,80/20,6,5,42840,41364,1476,0.9866479925303455,0.869281045751634,0.7208672086720868,0.7881481481481482,0.956126588088722,0.8079278159120906,39cee56f51793454ee2496d32c41737e7be08bb87f94d304fb61b86f05c35bfd,not fixed; not saved,81.73072552680969,PASS,2026-09-04T10:39:31
dnn_oof_v1_fixed_5fold_10run_73configs,ion_channel,Ion Channel,10,NNMF__WGANGP__80_20,NNMF (WGAN-GP),NNMF,WGANGP,80_20,80/20,7,5,42840,41364,1476,0.9861811391223156,0.836890243902439,0.7439024390243902,0.787661406025825,0.9550315606385926,0.8006771059079647,39cee56f51793454ee2496d32c41737e7be08bb87f94d304fb61b86f05c35bfd,not fixed; not saved,85.8540678024292,PASS,2026-09-04T10:44:16
dnn_oof_v1_fixed_5fold_10run_73configs,ion_channel,Ion Channel,10,NNMF__WGANGP__80_20,NNMF (WGAN-GP),NNMF,WGANGP,80_20,80/20,8,5,42840,41364,1476,0.9863211951447246,0.8460342146189735,0.7371273712737128,0.7878349022447502,0.9589871313022675,0.8111740941335857,39cee56f51793454ee2496d32c41737e7be08bb87f94d304fb61b86f05c35bfd,not fixed; not saved,84.13081574440002,PASS,2026-09-04T10:49:02
dnn_oof_v1_fixed_5fold_10run_73configs,ion_channel,Ion Channel,10,NNMF__WGANGP__80_20,NNMF (WGAN-GP),NNMF,WGANGP,80_20,80/20,9,5,42840,41364,1476,0.986624649859944,0.8580491673275178,0.7330623306233063,0.7906466934599927,0.954193308976896,0.810179319395664,39cee56f51793454ee2496d32c41737e7be08bb87f94d304fb61b86f05c35bfd,not fixed; not saved,82.28040504455566,PASS,2026-09-04T10:53:44
dnn_oof_v1_fixed_5fold_10run_73configs,ion_channel,Ion Channel,10,NNMF__WGANGP__80_20,NNMF (WGAN-GP),NNMF,WGANGP,80_20,80/20,10,5,42840,41364,1476,0.9853174603174604,0.8205904617713853,0.7344173441734417,0.7751161959242046,0.9512764788464054,0.7890109284756934,39cee56f51793454ee2496d32c41737e7be08bb87f94d304fb61b86f05c35bfd,not fixed; not saved,84.89045763015747,PASS,2026-09-04T10:58:27
dnn_oof_v1_fixed_5fold_10run_73configs,ion_channel,Ion Channel,11,NNMF__WGANGP__85_15,NNMF (WGAN-GP),NNMF,WGANGP,85_15,85/15,1,5,42840,41364,1476,0.9861577964519141,0.8700754400670578,0.7032520325203252,0.7778194080179842,0.9532902532451009,0.796229435067972,39cee56f51793454ee2496d32c41737e7be08bb87f94d304fb61b86f05c35bfd,not fixed; not saved,81.33579754829407,PASS,2026-09-04T11:03:10
dnn_oof_v1_fixed_5fold_10run_73configs,ion_channel,Ion Channel,11,NNMF__WGANGP__85_15,NNMF (WGAN-GP),NNMF,WGANGP,85_15,85/15,2,5,42840,41364,1476,0.9861111111111112,0.8637489677952106,0.7086720867208672,0.7785634536657983,0.9548951060175914,0.8040539186529422,39cee56f51793454ee2496d32c41737e7be08bb87f94d304fb61b86f05c35bfd,not fixed; not saved,79.61038160324097,PASS,2026-09-04T11:07:53
dnn_oof_v1_fixed_5fold_10run_73configs,ion_channel,Ion Channel,11,NNMF__WGANGP__85_15,NNMF (WGAN-GP),NNMF,WGANGP,85_15,85/15,3,5,42840,41364,1476,0.9866479925303455,0.8419062027231468,0.7540650406504065,0.7955682630450321,0.9550869712715114,0.8092003796990901,39cee56f51793454ee2496d32c41737e7be08bb87f94d304fb61b86f05c35bfd,not fixed; not saved,78.87706708908081,PASS,2026-09-04T11:12:34
dnn_oof_v1_fixed_5fold_10run_73configs,ion_channel,Ion Channel,11,NNMF__WGANGP__85_15,NNMF (WGAN-GP),NNMF,WGANGP,85_15,85/15,4,5,42840,41364,1476,0.9864845938375351,0.8637469586374696,0.7215447154471545,0.7862679955703211,0.9553134702183981,0.8061638052987457,39cee56f51793454ee2496d32c41737e7be08bb87f94d304fb61b86f05c35bfd,not fixed; not saved,80.53820466995239,PASS,2026-09-04T11:17:17
dnn_oof_v1_fixed_5fold_10run_73configs,ion_channel,Ion Channel,11,NNMF__WGANGP__85_15,NNMF (WGAN-GP),NNMF,WGANGP,85_15,85/15,5,5,42840,41364,1476,0.9861577964519141,0.8546184738955823,0.7208672086720868,0.7820654171260566,0.9569510403243962,0.8090393320402351,39cee56f51793454ee2496d32c41737e7be08bb87f94d304fb61b86f05c35bfd,not fixed; not saved,78.8154923915863,PASS,2026-09-04T11:21:59
dnn_oof_v1_fixed_5fold_10run_73configs,ion_channel,Ion Channel,11,NNMF__WGANGP__85_15,NNMF (WGAN-GP),NNMF,WGANGP,85_15,85/15,6,5,42840,41364,1476,0.9866479925303455,0.8598726114649682,0.7317073170731707,0.7906295754026355,0.9575925048003985,0.8125808272920618,39cee56f51793454ee2496d32c41737e7be08bb87f94d304fb61b86f05c35bfd,not fixed; not saved,79.08232092857361,PASS,2026-09-04T11:26:42
dnn_oof_v1_fixed_5fold_10run_73configs,ion_channel,Ion Channel,11,NNMF__WGANGP__85_15,NNMF (WGAN-GP),NNMF,WGANGP,85_15,85/15,7,5,42840,41364,1476,0.986671335200747,0.8554595443833464,0.7378048780487805,0.7922881047653693,0.9544392499637693,0.8085804860162891,39cee56f51793454ee2496d32c41737e7be08bb87f94d304fb61b86f05c35bfd,not fixed; not saved,79.27442073822021,PASS,2026-09-04T11:31:23
dnn_oof_v1_fixed_5fold_10run_73configs,ion_channel,Ion Channel,11,NNMF__WGANGP__85_15,NNMF (WGAN-GP),NNMF,WGANGP,85_15,85/15,8,5,42840,41364,1476,0.9862278244631186,0.8301043219076006,0.7547425474254743,0.7906316536550745,0.9560245378527182,0.8168992490218868,39cee56f51793454ee2496d32c41737e7be08bb87f94d304fb61b86f05c35bfd,not fixed; not saved,79.49324679374695,PASS,2026-09-04T11:36:07
dnn_oof_v1_fixed_5fold_10run_73configs,ion_channel,Ion Channel,11,NNMF__WGANGP__85_15,NNMF (WGAN-GP),NNMF,WGANGP,85_15,85/15,9,5,42840,41364,1476,0.9870448179271709,0.8746948738812043,0.728319783197832,0.7948243992606284,0.9566591558479167,0.8126451357933452,39cee56f51793454ee2496d32c41737e7be08bb87f94d304fb61b86f05c35bfd,not fixed; not saved,80.59998774528503,PASS,2026-09-04T11:40:50
dnn_oof_v1_fixed_5fold_10run_73configs,ion_channel,Ion Channel,11,NNMF__WGANGP__85_15,NNMF (WGAN-GP),NNMF,WGANGP,85_15,85/15,10,5,42840,41364,1476,0.986811391223156,0.8517374517374517,0.747289972899729,0.7961024900757849,0.9568467952835413,0.810294722259331,39cee56f51793454ee2496d32c41737e7be08bb87f94d304fb61b86f05c35bfd,not fixed; not saved,77.94534754753113,PASS,2026-09-04T11:45:31
dnn_oof_v1_fixed_5fold_10run_73configs,ion_channel,Ion Channel,12,NNMF__WGANGP__90_10,NNMF (WGAN-GP),NNMF,WGANGP,90_10,90/10,1,5,42840,41364,1476,0.9862044817927171,0.8375286041189931,0.7439024390243902,0.7879440258342304,0.9568573270709982,0.8096052011568297,39cee56f51793454ee2496d32c41737e7be08bb87f94d304fb61b86f05c35bfd,not fixed; not saved,76.73126649856567,PASS,2026-09-04T11:50:13
dnn_oof_v1_fixed_5fold_10run_73configs,ion_channel,Ion Channel,12,NNMF__WGANGP__90_10,NNMF (WGAN-GP),NNMF,WGANGP,90_10,90/10,2,5,42840,41364,1476,0.9868814192343605,0.8526234567901234,0.7486449864498645,0.7972582972582972,0.956228859443125,0.8067930398022907,39cee56f51793454ee2496d32c41737e7be08bb87f94d304fb61b86f05c35bfd,not fixed; not saved,75.22225546836853,PASS,2026-09-04T11:54:53
dnn_oof_v1_fixed_5fold_10run_73configs,ion_channel,Ion Channel,12,NNMF__WGANGP__90_10,NNMF (WGAN-GP),NNMF,WGANGP,90_10,90/10,3,5,42840,41364,1476,0.9863678804855276,0.8562300319488818,0.7262872628726287,0.7859237536656891,0.9563376169372371,0.8086169390466114,39cee56f51793454ee2496d32c41737e7be08bb87f94d304fb61b86f05c35bfd,not fixed; not saved,73.27276802062988,PASS,2026-09-04T11:59:31
dnn_oof_v1_fixed_5fold_10run_73configs,ion_channel,Ion Channel,12,NNMF__WGANGP__90_10,NNMF (WGAN-GP),NNMF,WGANGP,90_10,90/10,4,5,42840,41364,1476,0.9864379084967321,0.8392721758908264,0.75,0.792128801431127,0.9532759214970062,0.807385829088459,39cee56f51793454ee2496d32c41737e7be08bb87f94d304fb61b86f05c35bfd,not fixed; not saved,75.41437339782715,PASS,2026-09-04T12:04:12
dnn_oof_v1_fixed_5fold_10run_73configs,ion_channel,Ion Channel,12,NNMF__WGANGP__90_10,NNMF (WGAN-GP),NNMF,WGANGP,90_10,90/10,5,5,42840,41364,1476,0.9863678804855276,0.8579454253611557,0.7242547425474255,0.7854518736223365,0.9547006201011627,0.8049049205033338,39cee56f51793454ee2496d32c41737e7be08bb87f94d304fb61b86f05c35bfd,not fixed; not saved,75.43758392333984,PASS,2026-09-04T12:08:52
dnn_oof_v1_fixed_5fold_10run_73configs,ion_channel,Ion Channel,12,NNMF__WGANGP__90_10,NNMF (WGAN-GP),NNMF,WGANGP,90_10,90/10,6,5,42840,41364,1476,0.9857843137254902,0.8476343223736968,0.7161246612466124,0.7763496143958869,0.9524894770572789,0.8035284482118955,39cee56f51793454ee2496d32c41737e7be08bb87f94d304fb61b86f05c35bfd,not fixed; not saved,75.09937262535095,PASS,2026-09-04T12:13:31
dnn_oof_v1_fixed_5fold_10run_73configs,ion_channel,Ion Channel,12,NNMF__WGANGP__90_10,NNMF (WGAN-GP),NNMF,WGANGP,90_10,90/10,7,5,42840,41364,1476,0.9863912231559291,0.8447876447876448,0.7411924119241192,0.7896066402020931,0.9535095945075107,0.8137563461318352,39cee56f51793454ee2496d32c41737e7be08bb87f94d304fb61b86f05c35bfd,not fixed; not saved,76.03584170341492,PASS,2026-09-04T12:18:13
dnn_oof_v1_fixed_5fold_10run_73configs,ion_channel,Ion Channel,12,NNMF__WGANGP__90_10,NNMF (WGAN-GP),NNMF,WGANGP,90_10,90/10,8,5,42840,41364,1476,0.9865546218487395,0.8537735849056604,0.7357723577235772,0.7903930131004366,0.9533428139075415,0.8080172254102408,39cee56f51793454ee2496d32c41737e7be08bb87f94d304fb61b86f05c35bfd,not fixed; not saved,76.10619401931763,PASS,2026-09-04T12:22:50
dnn_oof_v1_fixed_5fold_10run_73configs,ion_channel,Ion Channel,12,NNMF__WGANGP__90_10,NNMF (WGAN-GP),NNMF,WGANGP,90_10,90/10,9,5,42840,41364,1476,0.986531279178338,0.8693508627773213,0.7168021680216802,0.785740809506127,0.9537938708731445,0.804736655374595,39cee56f51793454ee2496d32c41737e7be08bb87f94d304fb61b86f05c35bfd,not fixed; not saved,75.44820809364319,PASS,2026-09-04T12:27:32
dnn_oof_v1_fixed_5fold_10run_73configs,ion_channel,Ion Channel,12,NNMF__WGANGP__90_10,NNMF (WGAN-GP),NNMF,WGANGP,90_10,90/10,10,5,42840,41364,1476,0.9859243697478992,0.8309325246398787,0.7425474254742548,0.784257602862254,0.9525423571129629,0.8028981226877645,39cee56f51793454ee2496d32c41737e7be08bb87f94d304fb61b86f05c35bfd,not fixed; not saved,77.74629378318787,PASS,2026-09-04T12:32:16
dnn_oof_v1_fixed_5fold_10run_73configs,ion_channel,Ion Channel,17,NNMF__VAE__50_50,NNMF (VAE),NNMF,VAE,50_50,50/50,1,5,42840,41364,1476,0.9859477124183007,0.8392857142857143,0.7323848238482384,0.7821997105643994,0.9577039648527228,0.8052770067568871,39cee56f51793454ee2496d32c41737e7be08bb87f94d304fb61b86f05c35bfd,not fixed; not saved,120.75713872909546,PASS,2026-09-04T12:37:45
dnn_oof_v1_fixed_5fold_10run_73configs,ion_channel,Ion Channel,17,NNMF__VAE__50_50,NNMF (VAE),NNMF,VAE,50_50,50/50,2,5,42840,41364,1476,0.9861577964519141,0.8669991687448046,0.7066395663956639,0.778648749533408,0.9503575517272916,0.8038423023818425,39cee56f51793454ee2496d32c41737e7be08bb87f94d304fb61b86f05c35bfd,not fixed; not saved,123.73840141296387,PASS,2026-09-04T12:43:14
dnn_oof_v1_fixed_5fold_10run_73configs,ion_channel,Ion Channel,17,NNMF__VAE__50_50,NNMF (VAE),NNMF,VAE,50_50,50/50,3,5,42840,41364,1476,0.9868347338935575,0.854587869362364,0.744579945799458,0.7958001448225923,0.9527580212582901,0.8121482576253543,39cee56f51793454ee2496d32c41737e7be08bb87f94d304fb61b86f05c35bfd,not fixed; not saved,121.12158250808716,PASS,2026-09-04T12:48:46
dnn_oof_v1_fixed_5fold_10run_73configs,ion_channel,Ion Channel,17,NNMF__VAE__50_50,NNMF (VAE),NNMF,VAE,50_50,50/50,4,5,42840,41364,1476,0.9865079365079366,0.8632686084142395,0.7228997289972899,0.7868731563421829,0.9584119204503138,0.8177843717610632,39cee56f51793454ee2496d32c41737e7be08bb87f94d304fb61b86f05c35bfd,not fixed; not saved,123.5334677696228,PASS,2026-09-04T12:54:13
dnn_oof_v1_fixed_5fold_10run_73configs,ion_channel,Ion Channel,17,NNMF__VAE__50_50,NNMF (VAE),NNMF,VAE,50_50,50/50,5,5,42840,41364,1476,0.986858076563959,0.870235198702352,0.7269647696476965,0.7921742340346991,0.9504906240557426,0.806671895659785,39cee56f51793454ee2496d32c41737e7be08bb87f94d304fb61b86f05c35bfd,not fixed; not saved,120.95086002349854,PASS,2026-09-04T12:59:44
dnn_oof_v1_fixed_5fold_10run_73configs,ion_channel,Ion Channel,17,NNMF__VAE__50_50,NNMF (VAE),NNMF,VAE,50_50,50/50,6,5,42840,41364,1476,0.9859943977591037,0.8705583756345178,0.6971544715447154,0.7742663656884876,0.9519290893276402,0.8033966491479078,39cee56f51793454ee2496d32c41737e7be08bb87f94d304fb61b86f05c35bfd,not fixed; not saved,122.4984347820282,PASS,2026-09-04T13:05:15
dnn_oof_v1_fixed_5fold_10run_73configs,ion_channel,Ion Channel,17,NNMF__VAE__50_50,NNMF (VAE),NNMF,VAE,50_50,50/50,7,5,42840,41364,1476,0.9860644257703082,0.8535800482703138,0.7188346883468835,0.7804339830820154,0.9547321171886896,0.8065879782872244,39cee56f51793454ee2496d32c41737e7be08bb87f94d304fb61b86f05c35bfd,not fixed; not saved,122.84958076477051,PASS,2026-09-04T13:10:47
dnn_oof_v1_fixed_5fold_10run_73configs,ion_channel,Ion Channel,17,NNMF__VAE__50_50,NNMF (VAE),NNMF,VAE,50_50,50/50,8,5,42840,41364,1476,0.9862978524743231,0.8364875094625284,0.7486449864498645,0.7901322845906328,0.9505268219566443,0.8110710289087608,39cee56f51793454ee2496d32c41737e7be08bb87f94d304fb61b86f05c35bfd,not fixed; not saved,119.49842119216919,PASS,2026-09-04T13:16:17
dnn_oof_v1_fixed_5fold_10run_73configs,ion_channel,Ion Channel,17,NNMF__VAE__50_50,NNMF (VAE),NNMF,VAE,50_50,50/50,9,5,42840,41364,1476,0.9861811391223156,0.8453125,0.7330623306233063,0.7851959361393324,0.9543853625909338,0.8050105234070333,39cee56f51793454ee2496d32c41737e7be08bb87f94d304fb61b86f05c35bfd,not fixed; not saved,121.82517504692078,PASS,2026-09-04T13:21:48
dnn_oof_v1_fixed_5fold_10run_73configs,ion_channel,Ion Channel,17,NNMF__VAE__50_50,NNMF (VAE),NNMF,VAE,50_50,50/50,10,5,42840,41364,1476,0.9866479925303455,0.8598726114649682,0.7317073170731707,0.7906295754026355,0.9548771217211254,0.8117757751752936,39cee56f51793454ee2496d32c41737e7be08bb87f94d304fb61b86f05c35bfd,not fixed; not saved,121.94189047813416,PASS,2026-09-04T13:27:22
dnn_oof_v1_fixed_5fold_10run_73configs,ion_channel,Ion Channel,18,NNMF__VAE__80_20,NNMF (VAE),NNMF,VAE,80_20,80/20,1,5,42840,41364,1476,0.9858776844070962,0.8668913226621735,0.6971544715447154,0.7728126173488546,0.9519419141947925,0.7985124516055881,39cee56f51793454ee2496d32c41737e7be08bb87f94d304fb61b86f05c35bfd,not fixed; not saved,80.29564142227173,PASS,2026-09-04T13:32:09
dnn_oof_v1_fixed_5fold_10run_73configs,ion_channel,Ion Channel,18,NNMF__VAE__80_20,NNMF (VAE),NNMF,VAE,80_20,80/20,2,5,42840,41364,1476,0.9861111111111112,0.8334595003785011,0.7459349593495935,0.7872720772255989,0.9499882758111016,0.8011676785546615,39cee56f51793454ee2496d32c41737e7be08bb87f94d304fb61b86f05c35bfd,not fixed; not saved,83.34887027740479,PASS,2026-09-04T13:37:04
dnn_oof_v1_fixed_5fold_10run_73configs,ion_channel,Ion Channel,18,NNMF__VAE__80_20,NNMF (VAE),NNMF,VAE,80_20,80/20,3,5,42840,41364,1476,0.9863445378151261,0.8413793103448276,0.7439024390243902,0.7896440129449838,0.9555553901262346,0.8065007327828534,39cee56f51793454ee2496d32c41737e7be08bb87f94d304fb61b86f05c35bfd,not fixed; not saved,81.20729398727417,PASS,2026-09-04T13:41:55
dnn_oof_v1_fixed_5fold_10run_73configs,ion_channel,Ion Channel,18,NNMF__VAE__80_20,NNMF (VAE),NNMF,VAE,80_20,80/20,4,5,42840,41364,1476,0.9865079365079366,0.8401515151515152,0.7513550135501355,0.7932761087267525,0.958822660161134,0.8178276005400972,39cee56f51793454ee2496d32c41737e7be08bb87f94d304fb61b86f05c35bfd,not fixed; not saved,84.37571167945862,PASS,2026-09-04T13:46:53
dnn_oof_v1_fixed_5fold_10run_73configs,ion_channel,Ion Channel,18,NNMF__VAE__80_20,NNMF (VAE),NNMF,VAE,80_20,80/20,5,5,42840,41364,1476,0.9859477124183007,0.8430141287284144,0.7276422764227642,0.7810909090909091,0.9554110243802855,0.8117321894814306,39cee56f51793454ee2496d32c41737e7be08bb87f94d304fb61b86f05c35bfd,not fixed; not saved,82.31646656990051,PASS,2026-09-04T13:51:44
dnn_oof_v1_fixed_5fold_10run_73configs,ion_channel,Ion Channel,18,NNMF__VAE__80_20,NNMF (VAE),NNMF,VAE,80_20,80/20,6,5,42840,41364,1476,0.986624649859944,0.8443935926773455,0.75,0.7944025834230355,0.9566466995114299,0.8124783028448612,39cee56f51793454ee2496d32c41737e7be08bb87f94d304fb61b86f05c35bfd,not fixed; not saved,84.57185459136963,PASS,2026-09-04T13:56:43
dnn_oof_v1_fixed_5fold_10run_73configs,ion_channel,Ion Channel,18,NNMF__VAE__80_20,NNMF (VAE),NNMF,VAE,80_20,80/20,7,5,42840,41364,1476,0.9861577964519141,0.8495645288994458,0.7269647696476965,0.7834976268711209,0.9560730856256924,0.8111467097865226,39cee56f51793454ee2496d32c41737e7be08bb87f94d304fb61b86f05c35bfd,not fixed; not saved,85.68811058998108,PASS,2026-09-04T14:01:39
dnn_oof_v1_fixed_5fold_10run_73configs,ion_channel,Ion Channel,18,NNMF__VAE__80_20,NNMF (VAE),NNMF,VAE,80_20,80/20,8,5,42840,41364,1476,0.9868347338935575,0.8648,0.7323848238482384,0.7931034482758621,0.9573540900286673,0.8117589011186541,39cee56f51793454ee2496d32c41737e7be08bb87f94d304fb61b86f05c35bfd,not fixed; not saved,83.47298836708069,PASS,2026-09-04T14:06:34
dnn_oof_v1_fixed_5fold_10run_73configs,ion_channel,Ion Channel,18,NNMF__VAE__80_20,NNMF (VAE),NNMF,VAE,80_20,80/20,9,5,42840,41364,1476,0.9870214752567694,0.8739837398373984,0.728319783197832,0.7945306725794531,0.9556983472660856,0.8091491495662363,39cee56f51793454ee2496d32c41737e7be08bb87f94d304fb61b86f05c35bfd,not fixed; not saved,84.27327990531921,PASS,2026-09-04T14:11:31
dnn_oof_v1_fixed_5fold_10run_73configs,ion_channel,Ion Channel,18,NNMF__VAE__80_20,NNMF (VAE),NNMF,VAE,80_20,80/20,10,5,42840,41364,1476,0.9861344537815127,0.855072463768116,0.7195121951219512,0.7814569536423841,0.957853391753142,0.8108811446221653,39cee56f51793454ee2496d32c41737e7be08bb87f94d304fb61b86f05c35bfd,not fixed; not saved,83.68531203269958,PASS,2026-09-04T14:16:26
dnn_oof_v1_fixed_5fold_10run_73configs,ion_channel,Ion Channel,19,NNMF__VAE__85_15,NNMF (VAE),NNMF,VAE,85_15,85/15,1,5,42840,41364,1476,0.9862511671335201,0.853386454183267,0.725609756097561,0.7843280849505676,0.9541524430209006,0.8173032486113686,39cee56f51793454ee2496d32c41737e7be08bb87f94d304fb61b86f05c35bfd,not fixed; not saved,79.48025465011597,PASS,2026-09-04T14:21:20
dnn_oof_v1_fixed_5fold_10run_73configs,ion_channel,Ion Channel,19,NNMF__VAE__85_15,NNMF (VAE),NNMF,VAE,85_15,85/15,2,5,42840,41364,1476,0.9866946778711485,0.8452743902439024,0.7513550135501355,0.7955523672883787,0.9548501862242779,0.8101836855731842,39cee56f51793454ee2496d32c41737e7be08bb87f94d304fb61b86f05c35bfd,not fixed; not saved,79.76687145233154,PASS,2026-09-04T14:26:14
dnn_oof_v1_fixed_5fold_10run_73configs,ion_channel,Ion Channel,19,NNMF__VAE__85_15,NNMF (VAE),NNMF,VAE,85_15,85/15,3,5,42840,41364,1476,0.9861811391223156,0.8622950819672132,0.7127371273712737,0.7804154302670623,0.9575674610942995,0.8183808964525895,39cee56f51793454ee2496d32c41737e7be08bb87f94d304fb61b86f05c35bfd,not fixed; not saved,79.94131708145142,PASS,2026-09-04T14:31:06
dnn_oof_v1_fixed_5fold_10run_73configs,ion_channel,Ion Channel,19,NNMF__VAE__85_15,NNMF (VAE),NNMF,VAE,85_15,85/15,4,5,42840,41364,1476,0.9859710550887022,0.861271676300578,0.7066395663956639,0.7763304800893189,0.9504166149085822,0.8105112592240759,39cee56f51793454ee2496d32c41737e7be08bb87f94d304fb61b86f05c35bfd,not fixed; not saved,78.70042657852173,PASS,2026-09-04T14:36:01
dnn_oof_v1_fixed_5fold_10run_73configs,ion_channel,Ion Channel,19,NNMF__VAE__85_15,NNMF (VAE),NNMF,VAE,85_15,85/15,5,5,42840,41364,1476,0.9859010270774977,0.8359013867488444,0.7350948509485095,0.7822638788752704,0.9579300707002332,0.8191376113492663,39cee56f51793454ee2496d32c41737e7be08bb87f94d304fb61b86f05c35bfd,not fixed; not saved,79.78704476356506,PASS,2026-09-04T14:40:54
dnn_oof_v1_fixed_5fold_10run_73configs,ion_channel,Ion Channel,19,NNMF__VAE__85_15,NNMF (VAE),NNMF,VAE,85_15,85/15,6,5,42840,41364,1476,0.9857609710550888,0.8320552147239264,0.7350948509485095,0.7805755395683454,0.9555483225270314,0.8146278508341132,39cee56f51793454ee2496d32c41737e7be08bb87f94d304fb61b86f05c35bfd,not fixed; not saved,76.72434711456299,PASS,2026-09-04T14:45:46
dnn_oof_v1_fixed_5fold_10run_73configs,ion_channel,Ion Channel,19,NNMF__VAE__85_15,NNMF (VAE),NNMF,VAE,85_15,85/15,7,5,42840,41364,1476,0.9865079365079366,0.8401515151515152,0.7513550135501355,0.7932761087267525,0.9578135576830094,0.8119238750829011,39cee56f51793454ee2496d32c41737e7be08bb87f94d304fb61b86f05c35bfd,not fixed; not saved,78.78017020225525,PASS,2026-09-04T14:50:41
dnn_oof_v1_fixed_5fold_10run_73configs,ion_channel,Ion Channel,19,NNMF__VAE__85_15,NNMF (VAE),NNMF,VAE,85_15,85/15,8,5,42840,41364,1476,0.9862745098039216,0.8363636363636363,0.7479674796747967,0.7896995708154506,0.9543332687340025,0.8114417881428794,39cee56f51793454ee2496d32c41737e7be08bb87f94d304fb61b86f05c35bfd,not fixed; not saved,79.47599792480469,PASS,2026-09-04T14:55:37
dnn_oof_v1_fixed_5fold_10run_73configs,ion_channel,Ion Channel,19,NNMF__VAE__85_15,NNMF (VAE),NNMF,VAE,85_15,85/15,9,5,42840,41364,1476,0.9870681605975724,0.8641390205371248,0.7411924119241192,0.7979576951130561,0.956843126356029,0.8152457917278327,39cee56f51793454ee2496d32c41737e7be08bb87f94d304fb61b86f05c35bfd,not fixed; not saved,79.2071385383606,PASS,2026-09-04T15:00:30
dnn_oof_v1_fixed_5fold_10run_73configs,ion_channel,Ion Channel,19,NNMF__VAE__85_15,NNMF (VAE),NNMF,VAE,85_15,85/15,10,5,42840,41364,1476,0.986577964519141,0.8738589211618257,0.7134146341463414,0.7855277881387542,0.953910449406931,0.8104601395220377,39cee56f51793454ee2496d32c41737e7be08bb87f94d304fb61b86f05c35bfd,not fixed; not saved,77.97811269760132,PASS,2026-09-04T15:05:29
dnn_oof_v1_fixed_5fold_10run_73configs,ion_channel,Ion Channel,20,NNMF__VAE__90_10,NNMF (VAE),NNMF,VAE,90_10,90/10,1,5,42840,41364,1476,0.9861811391223156,0.8564516129032258,0.7195121951219512,0.7820324005891016,0.9575716705334542,0.8130772089489383,39cee56f51793454ee2496d32c41737e7be08bb87f94d304fb61b86f05c35bfd,not fixed; not saved,74.31497144699097,PASS,2026-09-04T15:10:19
dnn_oof_v1_fixed_5fold_10run_73configs,ion_channel,Ion Channel,20,NNMF__VAE__90_10,NNMF (VAE),NNMF,VAE,90_10,90/10,2,5,42840,41364,1476,0.9862978524743231,0.852498017446471,0.728319783197832,0.7855316039459262,0.9539543045561003,0.8063214762449092,39cee56f51793454ee2496d32c41737e7be08bb87f94d304fb61b86f05c35bfd,not fixed; not saved,77.10707139968872,PASS,2026-09-04T15:15:17
dnn_oof_v1_fixed_5fold_10run_73configs,ion_channel,Ion Channel,20,NNMF__VAE__90_10,NNMF (VAE),NNMF,VAE,90_10,90/10,3,5,42840,41364,1476,0.986811391223156,0.8600790513833992,0.7371273712737128,0.7938708500547246,0.9541125843820569,0.8116234208229622,39cee56f51793454ee2496d32c41737e7be08bb87f94d304fb61b86f05c35bfd,not fixed; not saved,77.12443590164185,PASS,2026-09-04T15:20:17
dnn_oof_v1_fixed_5fold_10run_73configs,ion_channel,Ion Channel,20,NNMF__VAE__90_10,NNMF (VAE),NNMF,VAE,90_10,90/10,4,5,42840,41364,1476,0.9867880485527545,0.8735632183908046,0.7208672086720868,0.7899034892353378,0.9536302842056078,0.8137683017861767,39cee56f51793454ee2496d32c41737e7be08bb87f94d304fb61b86f05c35bfd,not fixed; not saved,77.0696268081665,PASS,2026-09-04T15:25:15
dnn_oof_v1_fixed_5fold_10run_73configs,ion_channel,Ion Channel,20,NNMF__VAE__90_10,NNMF (VAE),NNMF,VAE,90_10,90/10,5,5,42840,41364,1476,0.9862044817927171,0.8509119746233148,0.7269647696476965,0.7840701497990501,0.9565772191966674,0.8157642728082579,39cee56f51793454ee2496d32c41737e7be08bb87f94d304fb61b86f05c35bfd,not fixed; not saved,76.10485029220581,PASS,2026-09-04T15:30:09
dnn_oof_v1_fixed_5fold_10run_73configs,ion_channel,Ion Channel,20,NNMF__VAE__90_10,NNMF (VAE),NNMF,VAE,90_10,90/10,6,5,42840,41364,1476,0.9862511671335201,0.8511480601741884,0.728319783197832,0.7849580138736765,0.9531703743144675,0.8084898833927886,39cee56f51793454ee2496d32c41737e7be08bb87f94d304fb61b86f05c35bfd,not fixed; not saved,74.40157103538513,PASS,2026-09-04T15:35:05
dnn_oof_v1_fixed_5fold_10run_73configs,ion_channel,Ion Channel,20,NNMF__VAE__90_10,NNMF (VAE),NNMF,VAE,90_10,90/10,7,5,42840,41364,1476,0.9863912231559291,0.848012470771629,0.7371273712737128,0.7886915549111997,0.9557395162361836,0.8134944176517345,39cee56f51793454ee2496d32c41737e7be08bb87f94d304fb61b86f05c35bfd,not fixed; not saved,76.49885988235474,PASS,2026-09-04T15:39:59
dnn_oof_v1_fixed_5fold_10run_73configs,ion_channel,Ion Channel,20,NNMF__VAE__90_10,NNMF (VAE),NNMF,VAE,90_10,90/10,8,5,42840,41364,1476,0.986904761904762,0.8746928746928747,0.7235772357723578,0.7919911012235817,0.9547003252766306,0.8111838056924978,39cee56f51793454ee2496d32c41737e7be08bb87f94d304fb61b86f05c35bfd,not fixed; not saved,78.30816078186035,PASS,2026-09-04T15:44:58
dnn_oof_v1_fixed_5fold_10run_73configs,ion_channel,Ion Channel,20,NNMF__VAE__90_10,NNMF (VAE),NNMF,VAE,90_10,90/10,9,5,42840,41364,1476,0.9862745098039216,0.8563402889245586,0.7228997289972899,0.783982365907421,0.9571992825805349,0.8104210043693504,39cee56f51793454ee2496d32c41737e7be08bb87f94d304fb61b86f05c35bfd,not fixed; not saved,73.11992979049683,PASS,2026-09-04T15:49:51
dnn_oof_v1_fixed_5fold_10run_73configs,ion_channel,Ion Channel,20,NNMF__VAE__90_10,NNMF (VAE),NNMF,VAE,90_10,90/10,10,5,42840,41364,1476,0.9870681605975724,0.873581847649919,0.7303523035230353,0.7955719557195572,0.9573277278017438,0.8186744678182055,39cee56f51793454ee2496d32c41737e7be08bb87f94d304fb61b86f05c35bfd,not fixed; not saved,75.82216882705688,PASS,2026-09-04T15:54:48
dnn_oof_v1_fixed_5fold_10run_73configs,ion_channel,Ion Channel,13,LMF__WGANGP__50_50,LMF (WGAN-GP),LMF,WGANGP,50_50,50/50,1,5,42840,41364,1476,0.9845471521942111,0.8532986111111112,0.6659891598915989,0.7480974124809742,0.9533422979646101,0.7843876063443057,39cee56f51793454ee2496d32c41737e7be08bb87f94d304fb61b86f05c35bfd,not fixed; not saved,120.13235235214233,PASS,2026-09-04T16:02:14
dnn_oof_v1_fixed_5fold_10run_73configs,ion_channel,Ion Channel,13,LMF__WGANGP__50_50,LMF (WGAN-GP),LMF,WGANGP,50_50,50/50,2,5,42840,41364,1476,0.9833566760037348,0.8320278503046127,0.6476964769647696,0.7283809523809524,0.9456476888770434,0.7650547072393878,39cee56f51793454ee2496d32c41737e7be08bb87f94d304fb61b86f05c35bfd,not fixed; not saved,120.98056936264038,PASS,2026-09-04T16:07:56
dnn_oof_v1_fixed_5fold_10run_73configs,ion_channel,Ion Channel,13,LMF__WGANGP__50_50,LMF (WGAN-GP),LMF,WGANGP,50_50,50/50,3,5,42840,41364,1476,0.9838468720821661,0.8305227655986509,0.6673441734417345,0.740045078888054,0.9518986896425389,0.7687977111469814,39cee56f51793454ee2496d32c41737e7be08bb87f94d304fb61b86f05c35bfd,not fixed; not saved,119.83094882965088,PASS,2026-09-04T16:13:36
dnn_oof_v1_fixed_5fold_10run_73configs,ion_channel,Ion Channel,13,LMF__WGANGP__50_50,LMF (WGAN-GP),LMF,WGANGP,50_50,50/50,4,5,42840,41364,1476,0.984827264239029,0.8560344827586207,0.6727642276422764,0.7534142640364189,0.9516967757858121,0.7861902583659425,39cee56f51793454ee2496d32c41737e7be08bb87f94d304fb61b86f05c35bfd,not fixed; not saved,120.66820240020752,PASS,2026-09-04T16:19:18
dnn_oof_v1_fixed_5fold_10run_73configs,ion_channel,Ion Channel,13,LMF__WGANGP__50_50,LMF (WGAN-GP),LMF,WGANGP,50_50,50/50,5,5,42840,41364,1476,0.9848039215686275,0.8367346938775511,0.6944444444444444,0.7589781562384302,0.9518914254936477,0.789957044245674,39cee56f51793454ee2496d32c41737e7be08bb87f94d304fb61b86f05c35bfd,not fixed; not saved,124.27945351600647,PASS,2026-09-04T16:25:05
dnn_oof_v1_fixed_5fold_10run_73configs,ion_channel,Ion Channel,13,LMF__WGANGP__50_50,LMF (WGAN-GP),LMF,WGANGP,50_50,50/50,6,5,42840,41364,1476,0.9850840336134454,0.8549618320610687,0.6829268292682927,0.7593220338983051,0.9511652317229101,0.7910879985304782,39cee56f51793454ee2496d32c41737e7be08bb87f94d304fb61b86f05c35bfd,not fixed; not saved,124.95677447319031,PASS,2026-09-04T16:30:51
dnn_oof_v1_fixed_5fold_10run_73configs,ion_channel,Ion Channel,13,LMF__WGANGP__50_50,LMF (WGAN-GP),LMF,WGANGP,50_50,50/50,7,5,42840,41364,1476,0.9847105508870215,0.8417985012489592,0.6849593495934959,0.7553231228987672,0.9502900942364032,0.7887104846139209,39cee56f51793454ee2496d32c41737e7be08bb87f94d304fb61b86f05c35bfd,not fixed; not saved,122.57204747200012,PASS,2026-09-04T16:36:36
dnn_oof_v1_fixed_5fold_10run_73configs,ion_channel,Ion Channel,13,LMF__WGANGP__50_50,LMF (WGAN-GP),LMF,WGANGP,50_50,50/50,8,5,42840,41364,1476,0.984873949579832,0.836038961038961,0.6978319783197832,0.7607090103397341,0.9497034916921068,0.7872492054165046,39cee56f51793454ee2496d32c41737e7be08bb87f94d304fb61b86f05c35bfd,not fixed; not saved,124.0213680267334,PASS,2026-09-04T16:42:23
dnn_oof_v1_fixed_5fold_10run_73configs,ion_channel,Ion Channel,13,LMF__WGANGP__50_50,LMF (WGAN-GP),LMF,WGANGP,50_50,50/50,9,5,42840,41364,1476,0.9855275443510738,0.8608768971332209,0.6917344173441734,0.7670924117205109,0.9512492239563146,0.8034941875532158,39cee56f51793454ee2496d32c41737e7be08bb87f94d304fb61b86f05c35bfd,not fixed; not saved,122.26402139663696,PASS,2026-09-04T16:48:07
dnn_oof_v1_fixed_5fold_10run_73configs,ion_channel,Ion Channel,13,LMF__WGANGP__50_50,LMF (WGAN-GP),LMF,WGANGP,50_50,50/50,10,5,42840,41364,1476,0.9852007469654529,0.8855311355311355,0.6551490514905149,0.7531152647975078,0.9506911293063709,0.7853782183386733,39cee56f51793454ee2496d32c41737e7be08bb87f94d304fb61b86f05c35bfd,not fixed; not saved,123.84127473831177,PASS,2026-09-04T16:53:54
dnn_oof_v1_fixed_5fold_10run_73configs,ion_channel,Ion Channel,14,LMF__WGANGP__80_20,LMF (WGAN-GP),LMF,WGANGP,80_20,80/20,1,5,42840,41364,1476,0.9851774042950514,0.8345266507557677,0.7107046070460704,0.7676545920234175,0.953301972520257,0.7987295548735613,39cee56f51793454ee2496d32c41737e7be08bb87f94d304fb61b86f05c35bfd,not fixed; not saved,84.34498882293701,PASS,2026-09-04T16:59:02
dnn_oof_v1_fixed_5fold_10run_73configs,ion_channel,Ion Channel,14,LMF__WGANGP__80_20,LMF (WGAN-GP),LMF,WGANGP,80_20,80/20,2,5,42840,41364,1476,0.984827264239029,0.8277777777777777,0.7066395663956639,0.7624269005847953,0.953985916297612,0.799374933581969,39cee56f51793454ee2496d32c41737e7be08bb87f94d304fb61b86f05c35bfd,not fixed; not saved,82.90380525588989,PASS,2026-09-04T17:04:08
dnn_oof_v1_fixed_5fold_10run_73configs,ion_channel,Ion Channel,14,LMF__WGANGP__80_20,LMF (WGAN-GP),LMF,WGANGP,80_20,80/20,3,5,42840,41364,1476,0.984733893557423,0.8231132075471698,0.709349593495935,0.7620087336244541,0.9505118104742115,0.797254575126081,39cee56f51793454ee2496d32c41737e7be08bb87f94d304fb61b86f05c35bfd,not fixed; not saved,82.60539817810059,PASS,2026-09-04T17:09:15
dnn_oof_v1_fixed_5fold_10run_73configs,ion_channel,Ion Channel,14,LMF__WGANGP__80_20,LMF (WGAN-GP),LMF,WGANGP,80_20,80/20,4,5,42840,41364,1476,0.9841970121381886,0.8208835341365461,0.6924119241192412,0.7511944138184491,0.9523728493860705,0.7884088854537344,39cee56f51793454ee2496d32c41737e7be08bb87f94d304fb61b86f05c35bfd,not fixed; not saved,83.13381290435791,PASS,2026-09-04T17:14:22
dnn_oof_v1_fixed_5fold_10run_73configs,ion_channel,Ion Channel,14,LMF__WGANGP__80_20,LMF (WGAN-GP),LMF,WGANGP,80_20,80/20,5,5,42840,41364,1476,0.984360410830999,0.8158307210031348,0.7052845528455285,0.7565406976744186,0.9500096260209775,0.7866500757974801,39cee56f51793454ee2496d32c41737e7be08bb87f94d304fb61b86f05c35bfd,not fixed; not saved,83.10407137870789,PASS,2026-09-04T17:19:30
dnn_oof_v1_fixed_5fold_10run_73configs,ion_channel,Ion Channel,14,LMF__WGANGP__80_20,LMF (WGAN-GP),LMF,WGANGP,80_20,80/20,6,5,42840,41364,1476,0.9847572362278245,0.8612818261633012,0.6646341463414634,0.7502868068833652,0.9521724014624345,0.7851406041004261,39cee56f51793454ee2496d32c41737e7be08bb87f94d304fb61b86f05c35bfd,not fixed; not saved,83.84214544296265,PASS,2026-09-04T17:24:38
dnn_oof_v1_fixed_5fold_10run_73configs,ion_channel,Ion Channel,14,LMF__WGANGP__80_20,LMF (WGAN-GP),LMF,WGANGP,80_20,80/20,7,5,42840,41364,1476,0.9851073762838469,0.8468543046357616,0.693089430894309,0.7622950819672131,0.9524992308355537,0.792876837156542,39cee56f51793454ee2496d32c41737e7be08bb87f94d304fb61b86f05c35bfd,not fixed; not saved,82.88819098472595,PASS,2026-09-04T17:29:47
dnn_oof_v1_fixed_5fold_10run_73configs,ion_channel,Ion Channel,14,LMF__WGANGP__80_20,LMF (WGAN-GP),LMF,WGANGP,80_20,80/20,8,5,42840,41364,1476,0.9849906629318395,0.8313444709626094,0.7079945799457995,0.7647274057811928,0.9512937997876739,0.7840129810914518,39cee56f51793454ee2496d32c41737e7be08bb87f94d304fb61b86f05c35bfd,not fixed; not saved,82.16422128677368,PASS,2026-09-04T17:34:52
dnn_oof_v1_fixed_5fold_10run_73configs,ion_channel,Ion Channel,14,LMF__WGANGP__80_20,LMF (WGAN-GP),LMF,WGANGP,80_20,80/20,9,5,42840,41364,1476,0.9854108309990663,0.8385043754972156,0.7140921409214093,0.7713135748261983,0.9527256396971666,0.8051913494755415,39cee56f51793454ee2496d32c41737e7be08bb87f94d304fb61b86f05c35bfd,not fixed; not saved,84.86580324172974,PASS,2026-09-04T17:40:02
dnn_oof_v1_fixed_5fold_10run_73configs,ion_channel,Ion Channel,14,LMF__WGANGP__80_20,LMF (WGAN-GP),LMF,WGANGP,80_20,80/20,10,5,42840,41364,1476,0.9845238095238096,0.819324430479183,0.7066395663956639,0.7588213895962168,0.9524356633905765,0.7978453073477232,39cee56f51793454ee2496d32c41737e7be08bb87f94d304fb61b86f05c35bfd,not fixed; not saved,83.64286613464355,PASS,2026-09-04T17:45:13
dnn_oof_v1_fixed_5fold_10run_73configs,ion_channel,Ion Channel,15,LMF__WGANGP__85_15,LMF (WGAN-GP),LMF,WGANGP,85_15,85/15,1,5,42840,41364,1476,0.9851307189542484,0.8632034632034632,0.6754742547425474,0.757886735081718,0.9533778406998846,0.7945470891014628,39cee56f51793454ee2496d32c41737e7be08bb87f94d304fb61b86f05c35bfd,not fixed; not saved,81.02598571777344,PASS,2026-09-04T17:50:21
dnn_oof_v1_fixed_5fold_10run_73configs,ion_channel,Ion Channel,15,LMF__WGANGP__85_15,LMF (WGAN-GP),LMF,WGANGP,85_15,85/15,2,5,42840,41364,1476,0.9852474323062559,0.8528428093645485,0.6910569105691057,0.7634730538922155,0.9536106128576516,0.7905238713897502,39cee56f51793454ee2496d32c41737e7be08bb87f94d304fb61b86f05c35bfd,not fixed; not saved,79.74309611320496,PASS,2026-09-04T17:55:28
dnn_oof_v1_fixed_5fold_10run_73configs,ion_channel,Ion Channel,15,LMF__WGANGP__85_15,LMF (WGAN-GP),LMF,WGANGP,85_15,85/15,3,5,42840,41364,1476,0.9852707749766574,0.8523769808173478,0.6924119241192412,0.7641121495327102,0.9531536266431226,0.7880169672284311,39cee56f51793454ee2496d32c41737e7be08bb87f94d304fb61b86f05c35bfd,not fixed; not saved,79.16537261009216,PASS,2026-09-04T18:00:34
dnn_oof_v1_fixed_5fold_10run_73configs,ion_channel,Ion Channel,15,LMF__WGANGP__85_15,LMF (WGAN-GP),LMF,WGANGP,85_15,85/15,4,5,42840,41364,1476,0.9842436974789915,0.8064269319051263,0.7140921409214093,0.7574559827524254,0.9528081004809178,0.7953695749702329,39cee56f51793454ee2496d32c41737e7be08bb87f94d304fb61b86f05c35bfd,not fixed; not saved,80.26925134658813,PASS,2026-09-04T18:05:41
dnn_oof_v1_fixed_5fold_10run_73configs,ion_channel,Ion Channel,15,LMF__WGANGP__85_15,LMF (WGAN-GP),LMF,WGANGP,85_15,85/15,5,5,42840,41364,1476,0.9848972922502335,0.8545765611633875,0.676829268292683,0.7553875236294896,0.9523975818884964,0.7838329565947812,39cee56f51793454ee2496d32c41737e7be08bb87f94d304fb61b86f05c35bfd,not fixed; not saved,78.70305442810059,PASS,2026-09-04T18:10:47
dnn_oof_v1_fixed_5fold_10run_73configs,ion_channel,Ion Channel,15,LMF__WGANGP__85_15,LMF (WGAN-GP),LMF,WGANGP,85_15,85/15,6,5,42840,41364,1476,0.9864379084967321,0.8635255889520714,0.7201897018970189,0.7853712596970817,0.9520947889043246,0.8059435038899168,39cee56f51793454ee2496d32c41737e7be08bb87f94d304fb61b86f05c35bfd,not fixed; not saved,79.61826848983765,PASS,2026-09-04T18:15:55
dnn_oof_v1_fixed_5fold_10run_73configs,ion_channel,Ion Channel,15,LMF__WGANGP__85_15,LMF (WGAN-GP),LMF,WGANGP,85_15,85/15,7,5,42840,41364,1476,0.9846638655462185,0.8273381294964028,0.7012195121951219,0.759075907590759,0.9514647898267978,0.794521414324023,39cee56f51793454ee2496d32c41737e7be08bb87f94d304fb61b86f05c35bfd,not fixed; not saved,80.27498269081116,PASS,2026-09-04T18:21:04
dnn_oof_v1_fixed_5fold_10run_73configs,ion_channel,Ion Channel,15,LMF__WGANGP__85_15,LMF (WGAN-GP),LMF,WGANGP,85_15,85/15,8,5,42840,41364,1476,0.9847105508870215,0.8361998361998362,0.6917344173441734,0.757137560252132,0.9527230354137987,0.7924241356682765,39cee56f51793454ee2496d32c41737e7be08bb87f94d304fb61b86f05c35bfd,not fixed; not saved,80.43399262428284,PASS,2026-09-04T18:26:14
dnn_oof_v1_fixed_5fold_10run_73configs,ion_channel,Ion Channel,15,LMF__WGANGP__85_15,LMF (WGAN-GP),LMF,WGANGP,85_15,85/15,9,5,42840,41364,1476,0.98468720821662,0.8504273504273504,0.674119241192412,0.7520786092214664,0.9527738107499052,0.7857955580575519,39cee56f51793454ee2496d32c41737e7be08bb87f94d304fb61b86f05c35bfd,not fixed; not saved,80.07912874221802,PASS,2026-09-04T18:31:21
dnn_oof_v1_fixed_5fold_10run_73configs,ion_channel,Ion Channel,15,LMF__WGANGP__85_15,LMF (WGAN-GP),LMF,WGANGP,85_15,85/15,10,5,42840,41364,1476,0.9860644257703082,0.8623248145094806,0.7086720867208672,0.7779843808107103,0.9526633416355922,0.8048931951284239,39cee56f51793454ee2496d32c41737e7be08bb87f94d304fb61b86f05c35bfd,not fixed; not saved,77.0563223361969,PASS,2026-09-04T18:36:27
dnn_oof_v1_fixed_5fold_10run_73configs,ion_channel,Ion Channel,16,LMF__WGANGP__90_10,LMF (WGAN-GP),LMF,WGANGP,90_10,90/10,1,5,42840,41364,1476,0.984780578898226,0.8280254777070064,0.7046070460704607,0.7613469985358712,0.9517796051002284,0.7762643742365238,39cee56f51793454ee2496d32c41737e7be08bb87f94d304fb61b86f05c35bfd,not fixed; not saved,75.46031045913696,PASS,2026-09-04T18:41:32
dnn_oof_v1_fixed_5fold_10run_73configs,ion_channel,Ion Channel,16,LMF__WGANGP__90_10,LMF (WGAN-GP),LMF,WGANGP,90_10,90/10,2,5,42840,41364,1476,0.9849906629318395,0.833466773418735,0.7052845528455285,0.7640366972477064,0.953836210951801,0.8026812780314914,39cee56f51793454ee2496d32c41737e7be08bb87f94d304fb61b86f05c35bfd,not fixed; not saved,74.18013429641724,PASS,2026-09-04T18:46:36
dnn_oof_v1_fixed_5fold_10run_73configs,ion_channel,Ion Channel,16,LMF__WGANGP__90_10,LMF (WGAN-GP),LMF,WGANGP,90_10,90/10,3,5,42840,41364,1476,0.9858309990662932,0.8742463393626184,0.6876693766937669,0.769814182783466,0.9508294429598392,0.7949498675190929,39cee56f51793454ee2496d32c41737e7be08bb87f94d304fb61b86f05c35bfd,not fixed; not saved,76.29036355018616,PASS,2026-09-04T18:51:41
dnn_oof_v1_fixed_5fold_10run_73configs,ion_channel,Ion Channel,16,LMF__WGANGP__90_10,LMF (WGAN-GP),LMF,WGANGP,90_10,90/10,4,5,42840,41364,1476,0.9837768440709617,0.8278757346767422,0.6680216802168022,0.7394075740532433,0.9478660469323964,0.7432449117365434,39cee56f51793454ee2496d32c41737e7be08bb87f94d304fb61b86f05c35bfd,not fixed; not saved,75.69976711273193,PASS,2026-09-04T18:56:46
dnn_oof_v1_fixed_5fold_10run_73configs,ion_channel,Ion Channel,16,LMF__WGANGP__90_10,LMF (WGAN-GP),LMF,WGANGP,90_10,90/10,5,5,42840,41364,1476,0.9857609710550888,0.868824531516184,0.6910569105691057,0.769811320754717,0.9528281894969612,0.805289341905733,39cee56f51793454ee2496d32c41737e7be08bb87f94d304fb61b86f05c35bfd,not fixed; not saved,76.60802006721497,PASS,2026-09-04T19:01:51
dnn_oof_v1_fixed_5fold_10run_73configs,ion_channel,Ion Channel,16,LMF__WGANGP__90_10,LMF (WGAN-GP),LMF,WGANGP,90_10,90/10,6,5,42840,41364,1476,0.9852707749766574,0.8565400843881856,0.6876693766937669,0.7628711010898158,0.9510708878725959,0.7864840118035046,39cee56f51793454ee2496d32c41737e7be08bb87f94d304fb61b86f05c35bfd,not fixed; not saved,75.5518867969513,PASS,2026-09-04T19:06:56
dnn_oof_v1_fixed_5fold_10run_73configs,ion_channel,Ion Channel,16,LMF__WGANGP__90_10,LMF (WGAN-GP),LMF,WGANGP,90_10,90/10,7,5,42840,41364,1476,0.9845704948646126,0.8342904019688269,0.6890243902439024,0.7547309833024118,0.9489064090005083,0.789378811793096,39cee56f51793454ee2496d32c41737e7be08bb87f94d304fb61b86f05c35bfd,not fixed; not saved,77.97147607803345,PASS,2026-09-04T19:12:04
dnn_oof_v1_fixed_5fold_10run_73configs,ion_channel,Ion Channel,16,LMF__WGANGP__90_10,LMF (WGAN-GP),LMF,WGANGP,90_10,90/10,8,5,42840,41364,1476,0.9842436974789915,0.8522427440633246,0.6565040650406504,0.7416762342135477,0.9509689604801473,0.7791574515567218,39cee56f51793454ee2496d32c41737e7be08bb87f94d304fb61b86f05c35bfd,not fixed; not saved,77.33256578445435,PASS,2026-09-04T19:17:11
dnn_oof_v1_fixed_5fold_10run_73configs,ion_channel,Ion Channel,16,LMF__WGANGP__90_10,LMF (WGAN-GP),LMF,WGANGP,90_10,90/10,9,5,42840,41364,1476,0.984733893557423,0.8161538461538461,0.7188346883468835,0.7644092219020173,0.951195918042973,0.7934239429151351,39cee56f51793454ee2496d32c41737e7be08bb87f94d304fb61b86f05c35bfd,not fixed; not saved,75.86101865768433,PASS,2026-09-04T19:22:15
dnn_oof_v1_fixed_5fold_10run_73configs,ion_channel,Ion Channel,16,LMF__WGANGP__90_10,LMF (WGAN-GP),LMF,WGANGP,90_10,90/10,10,5,42840,41364,1476,0.9839869281045751,0.8105345911949685,0.698509485094851,0.7503639010189228,0.9515280460681022,0.7849595852965442,39cee56f51793454ee2496d32c41737e7be08bb87f94d304fb61b86f05c35bfd,not fixed; not saved,77.19153833389282,PASS,2026-09-04T19:27:23
dnn_oof_v1_fixed_5fold_10run_73configs,ion_channel,Ion Channel,21,LMF__VAE__50_50,LMF (VAE),LMF,VAE,50_50,50/50,1,5,42840,41364,1476,0.98468720821662,0.8269537480063796,0.7025745257452575,0.7597069597069597,0.9494098628371448,0.7789138591317704,39cee56f51793454ee2496d32c41737e7be08bb87f94d304fb61b86f05c35bfd,not fixed; not saved,120.30666756629944,PASS,2026-09-04T19:33:16
dnn_oof_v1_fixed_5fold_10run_73configs,ion_channel,Ion Channel,21,LMF__VAE__50_50,LMF (VAE),LMF,VAE,50_50,50/50,2,5,42840,41364,1476,0.9833099906629318,0.8056224899598393,0.6795392953929539,0.7372289599411981,0.9474754126167602,0.7651631302912323,39cee56f51793454ee2496d32c41737e7be08bb87f94d304fb61b86f05c35bfd,not fixed; not saved,120.83806562423706,PASS,2026-09-04T19:39:09
dnn_oof_v1_fixed_5fold_10run_73configs,ion_channel,Ion Channel,21,LMF__VAE__50_50,LMF (VAE),LMF,VAE,50_50,50/50,3,5,42840,41364,1476,0.9855042016806723,0.8478437754271766,0.7059620596205962,0.7704251386321627,0.9490509467274345,0.7970800610351694,39cee56f51793454ee2496d32c41737e7be08bb87f94d304fb61b86f05c35bfd,not fixed; not saved,121.96428513526917,PASS,2026-09-04T19:45:05
dnn_oof_v1_fixed_5fold_10run_73configs,ion_channel,Ion Channel,21,LMF__VAE__50_50,LMF (VAE),LMF,VAE,50_50,50/50,4,5,42840,41364,1476,0.9838702147525676,0.7948910593538693,0.7168021680216802,0.7538297114356964,0.94778972013683,0.7891287419251178,39cee56f51793454ee2496d32c41737e7be08bb87f94d304fb61b86f05c35bfd,not fixed; not saved,123.09328436851501,PASS,2026-09-04T19:50:59
dnn_oof_v1_fixed_5fold_10run_73configs,ion_channel,Ion Channel,21,LMF__VAE__50_50,LMF (VAE),LMF,VAE,50_50,50/50,5,5,42840,41364,1476,0.9841036414565826,0.7895120174799709,0.7344173441734417,0.760968760968761,0.9520162836830477,0.8000583222897503,39cee56f51793454ee2496d32c41737e7be08bb87f94d304fb61b86f05c35bfd,not fixed; not saved,121.51194429397583,PASS,2026-09-04T19:56:54
dnn_oof_v1_fixed_5fold_10run_73configs,ion_channel,Ion Channel,21,LMF__VAE__50_50,LMF (VAE),LMF,VAE,50_50,50/50,6,5,42840,41364,1476,0.9841269841269841,0.8104524180967239,0.7039295392953929,0.7534445250181291,0.9508093867020769,0.7899546084999862,39cee56f51793454ee2496d32c41737e7be08bb87f94d304fb61b86f05c35bfd,not fixed; not saved,121.29945588111877,PASS,2026-09-04T20:02:48
dnn_oof_v1_fixed_5fold_10run_73configs,ion_channel,Ion Channel,21,LMF__VAE__50_50,LMF (VAE),LMF,VAE,50_50,50/50,7,5,42840,41364,1476,0.9855042016806723,0.8820375335120644,0.6686991869918699,0.7606936416184971,0.9512071213751978,0.7931565992668127,39cee56f51793454ee2496d32c41737e7be08bb87f94d304fb61b86f05c35bfd,not fixed; not saved,120.09897708892822,PASS,2026-09-04T20:08:41
dnn_oof_v1_fixed_5fold_10run_73configs,ion_channel,Ion Channel,21,LMF__VAE__50_50,LMF (VAE),LMF,VAE,50_50,50/50,8,5,42840,41364,1476,0.9839635854341736,0.79462285287528,0.7208672086720868,0.7559502664298401,0.9502415710321401,0.7799233343608288,39cee56f51793454ee2496d32c41737e7be08bb87f94d304fb61b86f05c35bfd,not fixed; not saved,119.51183366775513,PASS,2026-09-04T20:14:35
dnn_oof_v1_fixed_5fold_10run_73configs,ion_channel,Ion Channel,21,LMF__VAE__50_50,LMF (VAE),LMF,VAE,50_50,50/50,9,5,42840,41364,1476,0.9849439775910365,0.8386308068459658,0.6971544715447154,0.7613762486126526,0.95068604358319,0.7928109956547646,39cee56f51793454ee2496d32c41737e7be08bb87f94d304fb61b86f05c35bfd,not fixed; not saved,120.52527713775635,PASS,2026-09-04T20:20:28
dnn_oof_v1_fixed_5fold_10run_73configs,ion_channel,Ion Channel,21,LMF__VAE__50_50,LMF (VAE),LMF,VAE,50_50,50/50,10,5,42840,41364,1476,0.9850606909430439,0.8426229508196721,0.6964769647696477,0.7626112759643917,0.9527571613534045,0.7912659911893984,39cee56f51793454ee2496d32c41737e7be08bb87f94d304fb61b86f05c35bfd,not fixed; not saved,120.5073664188385,PASS,2026-09-04T20:26:24
dnn_oof_v1_fixed_5fold_10run_73configs,ion_channel,Ion Channel,22,LMF__VAE__80_20,LMF (VAE),LMF,VAE,80_20,80/20,1,5,42840,41364,1476,0.9844304388422036,0.8275303643724696,0.6924119241192412,0.7539653264478052,0.947771449205402,0.7839258573192229,39cee56f51793454ee2496d32c41737e7be08bb87f94d304fb61b86f05c35bfd,not fixed; not saved,83.01671099662781,PASS,2026-09-04T20:31:41
dnn_oof_v1_fixed_5fold_10run_73configs,ion_channel,Ion Channel,22,LMF__VAE__80_20,LMF (VAE),LMF,VAE,80_20,80/20,2,5,42840,41364,1476,0.9854575163398693,0.8692640692640693,0.6802168021680217,0.7632079057392627,0.9505389752790285,0.7962192472098961,39cee56f51793454ee2496d32c41737e7be08bb87f94d304fb61b86f05c35bfd,not fixed; not saved,80.35159349441528,PASS,2026-09-04T20:36:57
dnn_oof_v1_fixed_5fold_10run_73configs,ion_channel,Ion Channel,22,LMF__VAE__80_20,LMF (VAE),LMF,VAE,80_20,80/20,3,5,42840,41364,1476,0.984827264239029,0.8464765100671141,0.6836043360433605,0.7563718140929535,0.9479921417469178,0.7910853808383734,39cee56f51793454ee2496d32c41737e7be08bb87f94d304fb61b86f05c35bfd,not fixed; not saved,82.7839732170105,PASS,2026-09-04T20:42:17
dnn_oof_v1_fixed_5fold_10run_73configs,ion_channel,Ion Channel,22,LMF__VAE__80_20,LMF (VAE),LMF,VAE,80_20,80/20,4,5,42840,41364,1476,0.9837768440709617,0.8192968111201963,0.6788617886178862,0.7424972211930344,0.9488208689383093,0.7581720474381873,39cee56f51793454ee2496d32c41737e7be08bb87f94d304fb61b86f05c35bfd,not fixed; not saved,83.71608018875122,PASS,2026-09-04T20:47:36
dnn_oof_v1_fixed_5fold_10run_73configs,ion_channel,Ion Channel,22,LMF__VAE__80_20,LMF (VAE),LMF,VAE,80_20,80/20,5,5,42840,41364,1476,0.9848039215686275,0.8313253012048193,0.7012195121951219,0.7607497243660419,0.9523741269590434,0.7881156559931949,39cee56f51793454ee2496d32c41737e7be08bb87f94d304fb61b86f05c35bfd,not fixed; not saved,80.31226563453674,PASS,2026-09-04T20:52:52
dnn_oof_v1_fixed_5fold_10run_73configs,ion_channel,Ion Channel,22,LMF__VAE__80_20,LMF (VAE),LMF,VAE,80_20,80/20,6,5,42840,41364,1476,0.9852941176470589,0.8621575342465754,0.6822493224932249,0.7617246596066566,0.9500181759324121,0.7917511595124256,39cee56f51793454ee2496d32c41737e7be08bb87f94d304fb61b86f05c35bfd,not fixed; not saved,84.03636813163757,PASS,2026-09-04T20:58:12
dnn_oof_v1_fixed_5fold_10run_73configs,ion_channel,Ion Channel,22,LMF__VAE__80_20,LMF (VAE),LMF,VAE,80_20,80/20,7,5,42840,41364,1476,0.985014005602241,0.8475,0.6890243902439024,0.7600896860986547,0.9488009928510949,0.7914974740839414,39cee56f51793454ee2496d32c41737e7be08bb87f94d304fb61b86f05c35bfd,not fixed; not saved,82.69017553329468,PASS,2026-09-04T21:03:34
dnn_oof_v1_fixed_5fold_10run_73configs,ion_channel,Ion Channel,22,LMF__VAE__80_20,LMF (VAE),LMF,VAE,80_20,80/20,8,5,42840,41364,1476,0.984780578898226,0.8521367521367521,0.6754742547425474,0.7535903250188964,0.9495259745654222,0.7790335591153884,39cee56f51793454ee2496d32c41737e7be08bb87f94d304fb61b86f05c35bfd,not fixed; not saved,82.94392514228821,PASS,2026-09-04T21:08:52
dnn_oof_v1_fixed_5fold_10run_73configs,ion_channel,Ion Channel,22,LMF__VAE__80_20,LMF (VAE),LMF,VAE,80_20,80/20,9,5,42840,41364,1476,0.9855275443510738,0.84185303514377,0.7140921409214093,0.7727272727272727,0.9510931307456387,0.8007168309357993,39cee56f51793454ee2496d32c41737e7be08bb87f94d304fb61b86f05c35bfd,not fixed; not saved,80.28076934814453,PASS,2026-09-04T21:14:10
dnn_oof_v1_fixed_5fold_10run_73configs,ion_channel,Ion Channel,22,LMF__VAE__80_20,LMF (VAE),LMF,VAE,80_20,80/20,10,5,42840,41364,1476,0.9859010270774977,0.8544715447154472,0.712059620596206,0.7767923133776792,0.9534381159375853,0.7984590946274657,39cee56f51793454ee2496d32c41737e7be08bb87f94d304fb61b86f05c35bfd,not fixed; not saved,82.51840424537659,PASS,2026-09-04T21:19:29
dnn_oof_v1_fixed_5fold_10run_73configs,ion_channel,Ion Channel,23,LMF__VAE__85_15,LMF (VAE),LMF,VAE,85_15,85/15,1,5,42840,41364,1476,0.9853641456582634,0.8382470119521912,0.7127371273712737,0.7704137678506042,0.9507458765840924,0.7994368150598201,39cee56f51793454ee2496d32c41737e7be08bb87f94d304fb61b86f05c35bfd,not fixed; not saved,79.24506545066833,PASS,2026-09-04T21:24:47
dnn_oof_v1_fixed_5fold_10run_73configs,ion_channel,Ion Channel,23,LMF__VAE__85_15,LMF (VAE),LMF,VAE,85_15,85/15,2,5,42840,41364,1476,0.9844537815126051,0.8287337662337663,0.6917344173441734,0.7540620384047267,0.951231444399107,0.7694670671106464,39cee56f51793454ee2496d32c41737e7be08bb87f94d304fb61b86f05c35bfd,not fixed; not saved,78.21864151954651,PASS,2026-09-04T21:30:02
dnn_oof_v1_fixed_5fold_10run_73configs,ion_channel,Ion Channel,23,LMF__VAE__85_15,LMF (VAE),LMF,VAE,85_15,85/15,3,5,42840,41364,1476,0.9855042016806723,0.8675838349097162,0.6836043360433605,0.7646835922697992,0.9511693346976502,0.7891091083929075,39cee56f51793454ee2496d32c41737e7be08bb87f94d304fb61b86f05c35bfd,not fixed; not saved,80.1628930568695,PASS,2026-09-04T21:35:21
dnn_oof_v1_fixed_5fold_10run_73configs,ion_channel,Ion Channel,23,LMF__VAE__85_15,LMF (VAE),LMF,VAE,85_15,85/15,4,5,42840,41364,1476,0.984827264239029,0.8560344827586207,0.6727642276422764,0.7534142640364189,0.9502214328786747,0.7860144603267889,39cee56f51793454ee2496d32c41737e7be08bb87f94d304fb61b86f05c35bfd,not fixed; not saved,78.75352907180786,PASS,2026-09-04T21:40:39
dnn_oof_v1_fixed_5fold_10run_73configs,ion_channel,Ion Channel,23,LMF__VAE__85_15,LMF (VAE),LMF,VAE,85_15,85/15,5,5,42840,41364,1476,0.9830532212885154,0.7832326283987915,0.7025745257452575,0.7407142857142858,0.9505780231504086,0.7828079539096789,39cee56f51793454ee2496d32c41737e7be08bb87f94d304fb61b86f05c35bfd,not fixed; not saved,78.12364959716797,PASS,2026-09-04T21:45:56
dnn_oof_v1_fixed_5fold_10run_73configs,ion_channel,Ion Channel,23,LMF__VAE__85_15,LMF (VAE),LMF,VAE,85_15,85/15,6,5,42840,41364,1476,0.9854575163398693,0.8481632653061224,0.7039295392953929,0.7693446871529064,0.9515394950874371,0.7981007606712994,39cee56f51793454ee2496d32c41737e7be08bb87f94d304fb61b86f05c35bfd,not fixed; not saved,76.95987033843994,PASS,2026-09-04T21:51:11
dnn_oof_v1_fixed_5fold_10run_73configs,ion_channel,Ion Channel,23,LMF__VAE__85_15,LMF (VAE),LMF,VAE,85_15,85/15,7,5,42840,41364,1476,0.985014005602241,0.8601036269430051,0.6747967479674797,0.7562642369020501,0.9490094583640933,0.7928739479511255,39cee56f51793454ee2496d32c41737e7be08bb87f94d304fb61b86f05c35bfd,not fixed; not saved,78.952641248703,PASS,2026-09-04T21:56:31
dnn_oof_v1_fixed_5fold_10run_73configs,ion_channel,Ion Channel,23,LMF__VAE__85_15,LMF (VAE),LMF,VAE,85_15,85/15,8,5,42840,41364,1476,0.9851073762838469,0.8320126782884311,0.7113821138211383,0.7669831994156319,0.9511959180429732,0.7883182275159869,39cee56f51793454ee2496d32c41737e7be08bb87f94d304fb61b86f05c35bfd,not fixed; not saved,78.79385614395142,PASS,2026-09-04T22:01:50
dnn_oof_v1_fixed_5fold_10run_73configs,ion_channel,Ion Channel,23,LMF__VAE__85_15,LMF (VAE),LMF,VAE,85_15,85/15,9,5,42840,41364,1476,0.984873949579832,0.8338709677419355,0.7005420054200542,0.7614138438880707,0.9514001331689654,0.7805097748580969,39cee56f51793454ee2496d32c41737e7be08bb87f94d304fb61b86f05c35bfd,not fixed; not saved,78.77805757522583,PASS,2026-09-04T22:07:09
dnn_oof_v1_fixed_5fold_10run_73configs,ion_channel,Ion Channel,23,LMF__VAE__85_15,LMF (VAE),LMF,VAE,85_15,85/15,10,5,42840,41364,1476,0.985014005602241,0.8582474226804123,0.676829268292683,0.7568181818181818,0.9495558746867324,0.7756691360964557,39cee56f51793454ee2496d32c41737e7be08bb87f94d304fb61b86f05c35bfd,not fixed; not saved,78.4332594871521,PASS,2026-09-04T22:12:27
dnn_oof_v1_fixed_5fold_10run_73configs,ion_channel,Ion Channel,24,LMF__VAE__90_10,LMF (VAE),LMF,VAE,90_10,90/10,1,5,42840,41364,1476,0.9844070961718021,0.8400673400673401,0.6761517615176151,0.7492492492492493,0.9498451794485551,0.785350785156693,39cee56f51793454ee2496d32c41737e7be08bb87f94d304fb61b86f05c35bfd,not fixed; not saved,74.99503064155579,PASS,2026-09-04T22:17:42
dnn_oof_v1_fixed_5fold_10run_73configs,ion_channel,Ion Channel,24,LMF__VAE__90_10,LMF (VAE),LMF,VAE,90_10,90/10,2,5,42840,41364,1476,0.9839869281045751,0.8110236220472441,0.6978319783197832,0.7501820830298617,0.9524561373164259,0.7965570347475731,39cee56f51793454ee2496d32c41737e7be08bb87f94d304fb61b86f05c35bfd,not fixed; not saved,76.19454574584961,PASS,2026-09-04T22:22:59
dnn_oof_v1_fixed_5fold_10run_73configs,ion_channel,Ion Channel,24,LMF__VAE__90_10,LMF (VAE),LMF,VAE,90_10,90/10,3,5,42840,41364,1476,0.9853408029878619,0.8732394366197183,0.6720867208672087,0.7595712098009189,0.9532674125334232,0.784955089602219,39cee56f51793454ee2496d32c41737e7be08bb87f94d304fb61b86f05c35bfd,not fixed; not saved,80.02353835105896,PASS,2026-09-04T22:28:19
dnn_oof_v1_fixed_5fold_10run_73configs,ion_channel,Ion Channel,24,LMF__VAE__90_10,LMF (VAE),LMF,VAE,90_10,90/10,4,5,42840,41364,1476,0.984780578898226,0.8296,0.7025745257452575,0.7608217168011738,0.951497507160305,0.7977238522682301,39cee56f51793454ee2496d32c41737e7be08bb87f94d304fb61b86f05c35bfd,not fixed; not saved,74.7382287979126,PASS,2026-09-04T22:33:36
dnn_oof_v1_fixed_5fold_10run_73configs,ion_channel,Ion Channel,24,LMF__VAE__90_10,LMF (VAE),LMF,VAE,90_10,90/10,5,5,42840,41364,1476,0.9850373482726424,0.834803528468324,0.7052845528455285,0.7645978699963276,0.9521965443157961,0.8006273016083502,39cee56f51793454ee2496d32c41737e7be08bb87f94d304fb61b86f05c35bfd,not fixed; not saved,73.76407289505005,PASS,2026-09-04T22:38:51
dnn_oof_v1_fixed_5fold_10run_73configs,ion_channel,Ion Channel,24,LMF__VAE__90_10,LMF (VAE),LMF,VAE,90_10,90/10,6,5,42840,41364,1476,0.9852240896358544,0.8452088452088452,0.6991869918699187,0.7652947719688543,0.9512268500501463,0.7959586249123688,39cee56f51793454ee2496d32c41737e7be08bb87f94d304fb61b86f05c35bfd,not fixed; not saved,75.28539419174194,PASS,2026-09-04T22:44:09
dnn_oof_v1_fixed_5fold_10run_73configs,ion_channel,Ion Channel,24,LMF__VAE__90_10,LMF (VAE),LMF,VAE,90_10,90/10,7,5,42840,41364,1476,0.9835434173669467,0.8286445012787724,0.6585365853658537,0.7338618346545867,0.9461713545732788,0.7591603357996757,39cee56f51793454ee2496d32c41737e7be08bb87f94d304fb61b86f05c35bfd,not fixed; not saved,73.72326493263245,PASS,2026-09-04T22:49:27
dnn_oof_v1_fixed_5fold_10run_73configs,ion_channel,Ion Channel,24,LMF__VAE__90_10,LMF (VAE),LMF,VAE,90_10,90/10,8,5,42840,41364,1476,0.9845471521942111,0.8403010033444817,0.6808943089430894,0.7522455089820359,0.9469543839621745,0.7818015368653339,39cee56f51793454ee2496d32c41737e7be08bb87f94d304fb61b86f05c35bfd,not fixed; not saved,76.48328351974487,PASS,2026-09-04T22:54:49
dnn_oof_v1_fixed_5fold_10run_73configs,ion_channel,Ion Channel,24,LMF__VAE__90_10,LMF (VAE),LMF,VAE,90_10,90/10,9,5,42840,41364,1476,0.9848039215686275,0.8395061728395061,0.6910569105691057,0.758082497212932,0.9504734914745918,0.7873326569514254,39cee56f51793454ee2496d32c41737e7be08bb87f94d304fb61b86f05c35bfd,not fixed; not saved,75.91307353973389,PASS,2026-09-04T23:00:08
dnn_oof_v1_fixed_5fold_10run_73configs,ion_channel,Ion Channel,24,LMF__VAE__90_10,LMF (VAE),LMF,VAE,90_10,90/10,10,5,42840,41364,1476,0.985014005602241,0.8320063694267515,0.7079945799457995,0.7650073206442167,0.948604262992393,0.782507844236537,39cee56f51793454ee2496d32c41737e7be08bb87f94d304fb61b86f05c35bfd,not fixed; not saved,74.02351236343384,PASS,2026-09-04T23:05:25
dnn_oof_v1_fixed_5fold_10run_73configs,nuclear_receptor,Nuclear Receptor,0,MSCMF__NoDA__NO_DA,MSCMF (No DA),MSCMF,NoDA,NO_DA,No aug.,1,5,1404,1314,90,0.9394586894586895,0.5609756097560976,0.25555555555555554,0.3511450381679389,0.8014459665144597,0.36955133700350795,b50b414d86b3f7607cfe2403ddfde53b0eb51d59c73788dd319b162f46798cff,not fixed; not saved,16.406356811523438,PASS,2026-09-04T23:11:35
dnn_oof_v1_fixed_5fold_10run_73configs,nuclear_receptor,Nuclear Receptor,0,MSCMF__NoDA__NO_DA,MSCMF (No DA),MSCMF,NoDA,NO_DA,No aug.,2,5,1404,1314,90,0.9408831908831908,0.5897435897435898,0.25555555555555554,0.35658914728682173,0.7930745814307458,0.38010339350533673,b50b414d86b3f7607cfe2403ddfde53b0eb51d59c73788dd319b162f46798cff,not fixed; not saved,16.508639812469482,PASS,2026-09-04T23:15:56
dnn_oof_v1_fixed_5fold_10run_73configs,nuclear_receptor,Nuclear Receptor,0,MSCMF__NoDA__NO_DA,MSCMF (No DA),MSCMF,NoDA,NO_DA,No aug.,3,5,1404,1314,90,0.9394586894586895,0.5609756097560976,0.25555555555555554,0.3511450381679389,0.7936495856587181,0.36731678350419394,b50b414d86b3f7607cfe2403ddfde53b0eb51d59c73788dd319b162f46798cff,not fixed; not saved,16.68434453010559,PASS,2026-09-04T23:20:17
dnn_oof_v1_fixed_5fold_10run_73configs,nuclear_receptor,Nuclear Receptor,0,MSCMF__NoDA__NO_DA,MSCMF (No DA),MSCMF,NoDA,NO_DA,No aug.,4,5,1404,1314,90,0.9351851851851852,0.4883720930232558,0.23333333333333334,0.3157894736842105,0.7908422120750889,0.3762091522093584,b50b414d86b3f7607cfe2403ddfde53b0eb51d59c73788dd319b162f46798cff,not fixed; not saved,16.120895385742188,PASS,2026-09-04T23:24:39
dnn_oof_v1_fixed_5fold_10run_73configs,nuclear_receptor,Nuclear Receptor,0,MSCMF__NoDA__NO_DA,MSCMF (No DA),MSCMF,NoDA,NO_DA,No aug.,5,5,1404,1314,90,0.9401709401709402,0.5681818181818182,0.2777777777777778,0.373134328358209,0.7961187214611872,0.3606782656763199,b50b414d86b3f7607cfe2403ddfde53b0eb51d59c73788dd319b162f46798cff,not fixed; not saved,17.19801664352417,PASS,2026-09-04T23:29:00
dnn_oof_v1_fixed_5fold_10run_73configs,nuclear_receptor,Nuclear Receptor,0,MSCMF__NoDA__NO_DA,MSCMF (No DA),MSCMF,NoDA,NO_DA,No aug.,6,5,1404,1314,90,0.9430199430199431,0.631578947368421,0.26666666666666666,0.375,0.7908760358532048,0.37784969902562315,b50b414d86b3f7607cfe2403ddfde53b0eb51d59c73788dd319b162f46798cff,not fixed; not saved,16.222213983535767,PASS,2026-09-04T23:33:20
dnn_oof_v1_fixed_5fold_10run_73configs,nuclear_receptor,Nuclear Receptor,0,MSCMF__NoDA__NO_DA,MSCMF (No DA),MSCMF,NoDA,NO_DA,No aug.,7,5,1404,1314,90,0.938034188034188,0.5365853658536586,0.24444444444444444,0.33587786259541985,0.760967360054118,0.36455616483992914,b50b414d86b3f7607cfe2403ddfde53b0eb51d59c73788dd319b162f46798cff,not fixed; not saved,16.22195529937744,PASS,2026-09-04T23:37:40
dnn_oof_v1_fixed_5fold_10run_73configs,nuclear_receptor,Nuclear Receptor,0,MSCMF__NoDA__NO_DA,MSCMF (No DA),MSCMF,NoDA,NO_DA,No aug.,8,5,1404,1314,90,0.9430199430199431,0.625,0.2777777777777778,0.38461538461538464,0.8052680534415694,0.37827891592838125,b50b414d86b3f7607cfe2403ddfde53b0eb51d59c73788dd319b162f46798cff,not fixed; not saved,17.41903257369995,PASS,2026-09-04T23:42:03
dnn_oof_v1_fixed_5fold_10run_73configs,nuclear_receptor,Nuclear Receptor,0,MSCMF__NoDA__NO_DA,MSCMF (No DA),MSCMF,NoDA,NO_DA,No aug.,9,5,1404,1314,90,0.9423076923076923,0.6216216216216216,0.25555555555555554,0.36220472440944884,0.7969051243023847,0.38430479787771515,b50b414d86b3f7607cfe2403ddfde53b0eb51d59c73788dd319b162f46798cff,not fixed; not saved,16.618589162826538,PASS,2026-09-04T23:46:25
dnn_oof_v1_fixed_5fold_10run_73configs,nuclear_receptor,Nuclear Receptor,0,MSCMF__NoDA__NO_DA,MSCMF (No DA),MSCMF,NoDA,NO_DA,No aug.,10,5,1404,1314,90,0.9423076923076923,0.6216216216216216,0.25555555555555554,0.36220472440944884,0.7688990360223236,0.359770138390391,b50b414d86b3f7607cfe2403ddfde53b0eb51d59c73788dd319b162f46798cff,not fixed; not saved,16.677062511444092,PASS,2026-09-04T23:50:48
dnn_oof_v1_fixed_5fold_10run_73configs,nuclear_receptor,Nuclear Receptor,1,MSCMF__WGANGP__50_50,MSCMF (WGAN-GP),MSCMF,WGANGP,50_50,50/50,1,5,1404,1314,90,0.9423076923076923,0.6153846153846154,0.26666666666666666,0.37209302325581395,0.8028581092508034,0.37792375971273096,b50b414d86b3f7607cfe2403ddfde53b0eb51d59c73788dd319b162f46798cff,not fixed; not saved,21.404521465301514,PASS,2026-09-04T23:55:16
dnn_oof_v1_fixed_5fold_10run_73configs,nuclear_receptor,Nuclear Receptor,1,MSCMF__WGANGP__50_50,MSCMF (WGAN-GP),MSCMF,WGANGP,50_50,50/50,2,5,1404,1314,90,0.9401709401709402,0.575,0.25555555555555554,0.35384615384615387,0.7930407576526298,0.3781383472887929,b50b414d86b3f7607cfe2403ddfde53b0eb51d59c73788dd319b162f46798cff,not fixed; not saved,20.3712215423584,PASS,2026-09-04T23:59:43
dnn_oof_v1_fixed_5fold_10run_73configs,nuclear_receptor,Nuclear Receptor,1,MSCMF__WGANGP__50_50,MSCMF (WGAN-GP),MSCMF,WGANGP,50_50,50/50,3,5,1404,1314,90,0.9373219373219374,0.5227272727272727,0.25555555555555554,0.34328358208955223,0.8061390157280568,0.3480580753902098,b50b414d86b3f7607cfe2403ddfde53b0eb51d59c73788dd319b162f46798cff,not fixed; not saved,21.40319538116455,PASS,2026-09-05T00:04:12
dnn_oof_v1_fixed_5fold_10run_73configs,nuclear_receptor,Nuclear Receptor,1,MSCMF__WGANGP__50_50,MSCMF (WGAN-GP),MSCMF,WGANGP,50_50,50/50,4,5,1404,1314,90,0.9408831908831908,0.5853658536585366,0.26666666666666666,0.366412213740458,0.8130559783527821,0.3872241522353753,b50b414d86b3f7607cfe2403ddfde53b0eb51d59c73788dd319b162f46798cff,not fixed; not saved,21.328934907913208,PASS,2026-09-05T00:08:41
dnn_oof_v1_fixed_5fold_10run_73configs,nuclear_receptor,Nuclear Receptor,1,MSCMF__WGANGP__50_50,MSCMF (WGAN-GP),MSCMF,WGANGP,50_50,50/50,5,5,1404,1314,90,0.9394586894586895,0.5641025641025641,0.24444444444444444,0.34108527131782945,0.8024691358024691,0.3766436440481327,b50b414d86b3f7607cfe2403ddfde53b0eb51d59c73788dd319b162f46798cff,not fixed; not saved,20.383756637573242,PASS,2026-09-05T00:13:09
dnn_oof_v1_fixed_5fold_10run_73configs,nuclear_receptor,Nuclear Receptor,1,MSCMF__WGANGP__50_50,MSCMF (WGAN-GP),MSCMF,WGANGP,50_50,50/50,6,5,1404,1314,90,0.9415954415954416,0.6,0.26666666666666666,0.36923076923076925,0.8061051919499409,0.3808407061066333,b50b414d86b3f7607cfe2403ddfde53b0eb51d59c73788dd319b162f46798cff,not fixed; not saved,20.17162847518921,PASS,2026-09-05T00:17:38
dnn_oof_v1_fixed_5fold_10run_73configs,nuclear_receptor,Nuclear Receptor,1,MSCMF__WGANGP__50_50,MSCMF (WGAN-GP),MSCMF,WGANGP,50_50,50/50,7,5,1404,1314,90,0.9330484330484331,0.46,0.25555555555555554,0.32857142857142857,0.7754016573651277,0.33404246585083913,b50b414d86b3f7607cfe2403ddfde53b0eb51d59c73788dd319b162f46798cff,not fixed; not saved,20.623494386672974,PASS,2026-09-05T00:22:08
dnn_oof_v1_fixed_5fold_10run_73configs,nuclear_receptor,Nuclear Receptor,1,MSCMF__WGANGP__50_50,MSCMF (WGAN-GP),MSCMF,WGANGP,50_50,50/50,8,5,1404,1314,90,0.9394586894586895,0.5609756097560976,0.25555555555555554,0.3511450381679389,0.8022661931337731,0.3803752789261651,b50b414d86b3f7607cfe2403ddfde53b0eb51d59c73788dd319b162f46798cff,not fixed; not saved,20.29246425628662,PASS,2026-09-05T00:26:35
dnn_oof_v1_fixed_5fold_10run_73configs,nuclear_receptor,Nuclear Receptor,1,MSCMF__WGANGP__50_50,MSCMF (WGAN-GP),MSCMF,WGANGP,50_50,50/50,9,5,1404,1314,90,0.9366096866096866,0.5116279069767442,0.24444444444444444,0.3308270676691729,0.7930069338745138,0.3718612269637332,b50b414d86b3f7607cfe2403ddfde53b0eb51d59c73788dd319b162f46798cff,not fixed; not saved,20.1268630027771,PASS,2026-09-05T00:31:05
dnn_oof_v1_fixed_5fold_10run_73configs,nuclear_receptor,Nuclear Receptor,1,MSCMF__WGANGP__50_50,MSCMF (WGAN-GP),MSCMF,WGANGP,50_50,50/50,10,5,1404,1314,90,0.9394586894586895,0.5609756097560976,0.25555555555555554,0.3511450381679389,0.7904363267376966,0.38852151964257303,b50b414d86b3f7607cfe2403ddfde53b0eb51d59c73788dd319b162f46798cff,not fixed; not saved,21.268518924713135,PASS,2026-09-05T00:35:35
dnn_oof_v1_fixed_5fold_10run_73configs,nuclear_receptor,Nuclear Receptor,2,MSCMF__WGANGP__80_20,MSCMF (WGAN-GP),MSCMF,WGANGP,80_20,80/20,1,5,1404,1314,90,0.9366096866096866,0.5106382978723404,0.26666666666666666,0.35036496350364965,0.8054540842212075,0.3911915900392348,b50b414d86b3f7607cfe2403ddfde53b0eb51d59c73788dd319b162f46798cff,not fixed; not saved,17.8526394367218,PASS,2026-09-05T00:40:02
dnn_oof_v1_fixed_5fold_10run_73configs,nuclear_receptor,Nuclear Receptor,2,MSCMF__WGANGP__80_20,MSCMF (WGAN-GP),MSCMF,WGANGP,80_20,80/20,2,5,1404,1314,90,0.9408831908831908,0.5897435897435898,0.25555555555555554,0.35658914728682173,0.7890072721122949,0.37055700160204286,b50b414d86b3f7607cfe2403ddfde53b0eb51d59c73788dd319b162f46798cff,not fixed; not saved,17.11034917831421,PASS,2026-09-05T00:44:29
dnn_oof_v1_fixed_5fold_10run_73configs,nuclear_receptor,Nuclear Receptor,2,MSCMF__WGANGP__80_20,MSCMF (WGAN-GP),MSCMF,WGANGP,80_20,80/20,3,5,1404,1314,90,0.9394586894586895,0.5609756097560976,0.25555555555555554,0.3511450381679389,0.7947404025029596,0.3706202888259554,b50b414d86b3f7607cfe2403ddfde53b0eb51d59c73788dd319b162f46798cff,not fixed; not saved,18.3188693523407,PASS,2026-09-05T00:48:58
dnn_oof_v1_fixed_5fold_10run_73configs,nuclear_receptor,Nuclear Receptor,2,MSCMF__WGANGP__80_20,MSCMF (WGAN-GP),MSCMF,WGANGP,80_20,80/20,4,5,1404,1314,90,0.938034188034188,0.5365853658536586,0.24444444444444444,0.33587786259541985,0.8070015220700153,0.3718319754892798,b50b414d86b3f7607cfe2403ddfde53b0eb51d59c73788dd319b162f46798cff,not fixed; not saved,17.253148794174194,PASS,2026-09-05T00:53:26
dnn_oof_v1_fixed_5fold_10run_73configs,nuclear_receptor,Nuclear Receptor,2,MSCMF__WGANGP__80_20,MSCMF (WGAN-GP),MSCMF,WGANGP,80_20,80/20,5,5,1404,1314,90,0.9394586894586895,0.5609756097560976,0.25555555555555554,0.3511450381679389,0.8273972602739726,0.3910869248421327,b50b414d86b3f7607cfe2403ddfde53b0eb51d59c73788dd319b162f46798cff,not fixed; not saved,17.77325963973999,PASS,2026-09-05T00:57:54
dnn_oof_v1_fixed_5fold_10run_73configs,nuclear_receptor,Nuclear Receptor,2,MSCMF__WGANGP__80_20,MSCMF (WGAN-GP),MSCMF,WGANGP,80_20,80/20,6,5,1404,1314,90,0.9408831908831908,0.5813953488372093,0.2777777777777778,0.37593984962406013,0.7909775071875529,0.3883718072040173,b50b414d86b3f7607cfe2403ddfde53b0eb51d59c73788dd319b162f46798cff,not fixed; not saved,18.5500431060791,PASS,2026-09-05T01:02:26
dnn_oof_v1_fixed_5fold_10run_73configs,nuclear_receptor,Nuclear Receptor,2,MSCMF__WGANGP__80_20,MSCMF (WGAN-GP),MSCMF,WGANGP,80_20,80/20,7,5,1404,1314,90,0.9366096866096866,0.5106382978723404,0.26666666666666666,0.35036496350364965,0.7866565195332319,0.37161760467105676,b50b414d86b3f7607cfe2403ddfde53b0eb51d59c73788dd319b162f46798cff,not fixed; not saved,17.280479907989502,PASS,2026-09-05T01:06:55
dnn_oof_v1_fixed_5fold_10run_73configs,nuclear_receptor,Nuclear Receptor,2,MSCMF__WGANGP__80_20,MSCMF (WGAN-GP),MSCMF,WGANGP,80_20,80/20,8,5,1404,1314,90,0.9408831908831908,0.5897435897435898,0.25555555555555554,0.35658914728682173,0.8074919668526975,0.36114984312746884,b50b414d86b3f7607cfe2403ddfde53b0eb51d59c73788dd319b162f46798cff,not fixed; not saved,18.32588028907776,PASS,2026-09-05T01:11:26
dnn_oof_v1_fixed_5fold_10run_73configs,nuclear_receptor,Nuclear Receptor,2,MSCMF__WGANGP__80_20,MSCMF (WGAN-GP),MSCMF,WGANGP,80_20,80/20,9,5,1404,1314,90,0.9430199430199431,0.6388888888888888,0.25555555555555554,0.36507936507936506,0.7918653813630983,0.38904401735994315,b50b414d86b3f7607cfe2403ddfde53b0eb51d59c73788dd319b162f46798cff,not fixed; not saved,17.46595525741577,PASS,2026-09-05T01:15:57
dnn_oof_v1_fixed_5fold_10run_73configs,nuclear_receptor,Nuclear Receptor,2,MSCMF__WGANGP__80_20,MSCMF (WGAN-GP),MSCMF,WGANGP,80_20,80/20,10,5,1404,1314,90,0.9444444444444444,0.6578947368421053,0.2777777777777778,0.390625,0.8057331303906646,0.38781832806689764,b50b414d86b3f7607cfe2403ddfde53b0eb51d59c73788dd319b162f46798cff,not fixed; not saved,16.681549310684204,PASS,2026-09-05T01:20:28
dnn_oof_v1_fixed_5fold_10run_73configs,nuclear_receptor,Nuclear Receptor,3,MSCMF__WGANGP__85_15,MSCMF (WGAN-GP),MSCMF,WGANGP,85_15,85/15,1,5,1404,1314,90,0.9401709401709402,0.5789473684210527,0.24444444444444444,0.34375,0.7987400642651784,0.3598484076008604,b50b414d86b3f7607cfe2403ddfde53b0eb51d59c73788dd319b162f46798cff,not fixed; not saved,16.510427474975586,PASS,2026-09-05T01:24:57
dnn_oof_v1_fixed_5fold_10run_73configs,nuclear_receptor,Nuclear Receptor,3,MSCMF__WGANGP__85_15,MSCMF (WGAN-GP),MSCMF,WGANGP,85_15,85/15,2,5,1404,1314,90,0.938034188034188,0.5333333333333333,0.26666666666666666,0.35555555555555557,0.787062404870624,0.3702490974259752,b50b414d86b3f7607cfe2403ddfde53b0eb51d59c73788dd319b162f46798cff,not fixed; not saved,16.825981616973877,PASS,2026-09-05T01:29:28
dnn_oof_v1_fixed_5fold_10run_73configs,nuclear_receptor,Nuclear Receptor,3,MSCMF__WGANGP__85_15,MSCMF (WGAN-GP),MSCMF,WGANGP,85_15,85/15,3,5,1404,1314,90,0.9408831908831908,0.5945945945945946,0.24444444444444444,0.3464566929133858,0.7858278369693896,0.37527466025917916,b50b414d86b3f7607cfe2403ddfde53b0eb51d59c73788dd319b162f46798cff,not fixed; not saved,17.525084733963013,PASS,2026-09-05T01:34:00
dnn_oof_v1_fixed_5fold_10run_73configs,nuclear_receptor,Nuclear Receptor,3,MSCMF__WGANGP__85_15,MSCMF (WGAN-GP),MSCMF,WGANGP,85_15,85/15,4,5,1404,1314,90,0.9423076923076923,0.6216216216216216,0.25555555555555554,0.36220472440944884,0.7927363436495857,0.380758459386638,b50b414d86b3f7607cfe2403ddfde53b0eb51d59c73788dd319b162f46798cff,not fixed; not saved,17.693049669265747,PASS,2026-09-05T01:38:31
dnn_oof_v1_fixed_5fold_10run_73configs,nuclear_receptor,Nuclear Receptor,3,MSCMF__WGANGP__85_15,MSCMF (WGAN-GP),MSCMF,WGANGP,85_15,85/15,5,5,1404,1314,90,0.9423076923076923,0.6097560975609756,0.2777777777777778,0.3816793893129771,0.8010823608997126,0.38997981300685775,b50b414d86b3f7607cfe2403ddfde53b0eb51d59c73788dd319b162f46798cff,not fixed; not saved,16.872591495513916,PASS,2026-09-05T01:43:02
dnn_oof_v1_fixed_5fold_10run_73configs,nuclear_receptor,Nuclear Receptor,3,MSCMF__WGANGP__85_15,MSCMF (WGAN-GP),MSCMF,WGANGP,85_15,85/15,6,5,1404,1314,90,0.9401709401709402,0.575,0.25555555555555554,0.35384615384615387,0.8024099441907662,0.3754357992030113,b50b414d86b3f7607cfe2403ddfde53b0eb51d59c73788dd319b162f46798cff,not fixed; not saved,17.39443016052246,PASS,2026-09-05T01:47:32
dnn_oof_v1_fixed_5fold_10run_73configs,nuclear_receptor,Nuclear Receptor,3,MSCMF__WGANGP__85_15,MSCMF (WGAN-GP),MSCMF,WGANGP,85_15,85/15,7,5,1404,1314,90,0.9366096866096866,0.5102040816326531,0.2777777777777778,0.3597122302158273,0.7713005242685608,0.34373375720914473,b50b414d86b3f7607cfe2403ddfde53b0eb51d59c73788dd319b162f46798cff,not fixed; not saved,16.390026330947876,PASS,2026-09-05T01:52:03
dnn_oof_v1_fixed_5fold_10run_73configs,nuclear_receptor,Nuclear Receptor,3,MSCMF__WGANGP__85_15,MSCMF (WGAN-GP),MSCMF,WGANGP,85_15,85/15,8,5,1404,1314,90,0.9423076923076923,0.6097560975609756,0.2777777777777778,0.3816793893129771,0.7795027904616947,0.36452940875662193,b50b414d86b3f7607cfe2403ddfde53b0eb51d59c73788dd319b162f46798cff,not fixed; not saved,17.692111253738403,PASS,2026-09-05T01:56:37
dnn_oof_v1_fixed_5fold_10run_73configs,nuclear_receptor,Nuclear Receptor,3,MSCMF__WGANGP__85_15,MSCMF (WGAN-GP),MSCMF,WGANGP,85_15,85/15,9,5,1404,1314,90,0.938034188034188,0.5333333333333333,0.26666666666666666,0.35555555555555557,0.8031202435312025,0.38306648220690254,b50b414d86b3f7607cfe2403ddfde53b0eb51d59c73788dd319b162f46798cff,not fixed; not saved,16.607553243637085,PASS,2026-09-05T02:01:09
dnn_oof_v1_fixed_5fold_10run_73configs,nuclear_receptor,Nuclear Receptor,3,MSCMF__WGANGP__85_15,MSCMF (WGAN-GP),MSCMF,WGANGP,85_15,85/15,10,5,1404,1314,90,0.9415954415954416,0.5909090909090909,0.28888888888888886,0.3880597014925373,0.8083375613055979,0.3693262420599643,b50b414d86b3f7607cfe2403ddfde53b0eb51d59c73788dd319b162f46798cff,not fixed; not saved,17.098829746246338,PASS,2026-09-05T02:05:41
dnn_oof_v1_fixed_5fold_10run_73configs,nuclear_receptor,Nuclear Receptor,4,MSCMF__WGANGP__90_10,MSCMF (WGAN-GP),MSCMF,WGANGP,90_10,90/10,1,5,1404,1314,90,0.9394586894586895,0.5581395348837209,0.26666666666666666,0.3609022556390977,0.8029426686960934,0.37585547525713686,b50b414d86b3f7607cfe2403ddfde53b0eb51d59c73788dd319b162f46798cff,not fixed; not saved,16.494585514068604,PASS,2026-09-05T02:10:15
dnn_oof_v1_fixed_5fold_10run_73configs,nuclear_receptor,Nuclear Receptor,4,MSCMF__WGANGP__90_10,MSCMF (WGAN-GP),MSCMF,WGANGP,90_10,90/10,2,5,1404,1314,90,0.9394586894586895,0.5609756097560976,0.25555555555555554,0.3511450381679389,0.8027059022492812,0.3867983188113032,b50b414d86b3f7607cfe2403ddfde53b0eb51d59c73788dd319b162f46798cff,not fixed; not saved,16.255889177322388,PASS,2026-09-05T02:14:47
dnn_oof_v1_fixed_5fold_10run_73configs,nuclear_receptor,Nuclear Receptor,4,MSCMF__WGANGP__90_10,MSCMF (WGAN-GP),MSCMF,WGANGP,90_10,90/10,3,5,1404,1314,90,0.9408831908831908,0.5853658536585366,0.26666666666666666,0.366412213740458,0.8142313546423137,0.3879658655998393,b50b414d86b3f7607cfe2403ddfde53b0eb51d59c73788dd319b162f46798cff,not fixed; not saved,17.084507942199707,PASS,2026-09-05T02:19:21
dnn_oof_v1_fixed_5fold_10run_73configs,nuclear_receptor,Nuclear Receptor,4,MSCMF__WGANGP__90_10,MSCMF (WGAN-GP),MSCMF,WGANGP,90_10,90/10,4,5,1404,1314,90,0.9408831908831908,0.574468085106383,0.3,0.39416058394160586,0.7966768138001016,0.3668502586008112,b50b414d86b3f7607cfe2403ddfde53b0eb51d59c73788dd319b162f46798cff,not fixed; not saved,17.225428104400635,PASS,2026-09-05T02:23:54
dnn_oof_v1_fixed_5fold_10run_73configs,nuclear_receptor,Nuclear Receptor,4,MSCMF__WGANGP__90_10,MSCMF (WGAN-GP),MSCMF,WGANGP,90_10,90/10,5,5,1404,1314,90,0.938034188034188,0.5365853658536586,0.24444444444444444,0.33587786259541985,0.7908591239641468,0.36158703080089516,b50b414d86b3f7607cfe2403ddfde53b0eb51d59c73788dd319b162f46798cff,not fixed; not saved,17.35601019859314,PASS,2026-09-05T02:28:27
dnn_oof_v1_fixed_5fold_10run_73configs,nuclear_receptor,Nuclear Receptor,4,MSCMF__WGANGP__90_10,MSCMF (WGAN-GP),MSCMF,WGANGP,90_10,90/10,6,5,1404,1314,90,0.9415954415954416,0.5952380952380952,0.2777777777777778,0.3787878787878788,0.8037713512599356,0.3561650272003711,b50b414d86b3f7607cfe2403ddfde53b0eb51d59c73788dd319b162f46798cff,not fixed; not saved,16.34064793586731,PASS,2026-09-05T02:33:01
dnn_oof_v1_fixed_5fold_10run_73configs,nuclear_receptor,Nuclear Receptor,4,MSCMF__WGANGP__90_10,MSCMF (WGAN-GP),MSCMF,WGANGP,90_10,90/10,7,5,1404,1314,90,0.9408831908831908,0.6,0.23333333333333334,0.336,0.804143412819212,0.3757707488866732,b50b414d86b3f7607cfe2403ddfde53b0eb51d59c73788dd319b162f46798cff,not fixed; not saved,16.907350301742554,PASS,2026-09-05T02:37:36
dnn_oof_v1_fixed_5fold_10run_73configs,nuclear_receptor,Nuclear Receptor,4,MSCMF__WGANGP__90_10,MSCMF (WGAN-GP),MSCMF,WGANGP,90_10,90/10,8,5,1404,1314,90,0.9401709401709402,0.5789473684210527,0.24444444444444444,0.34375,0.8019533231861999,0.37323343104033174,b50b414d86b3f7607cfe2403ddfde53b0eb51d59c73788dd319b162f46798cff,not fixed; not saved,16.65881586074829,PASS,2026-09-05T02:42:09
dnn_oof_v1_fixed_5fold_10run_73configs,nuclear_receptor,Nuclear Receptor,4,MSCMF__WGANGP__90_10,MSCMF (WGAN-GP),MSCMF,WGANGP,90_10,90/10,9,5,1404,1314,90,0.9373219373219374,0.5238095238095238,0.24444444444444444,0.3333333333333333,0.795602908844918,0.36376987873162275,b50b414d86b3f7607cfe2403ddfde53b0eb51d59c73788dd319b162f46798cff,not fixed; not saved,16.897804021835327,PASS,2026-09-05T02:46:44
dnn_oof_v1_fixed_5fold_10run_73configs,nuclear_receptor,Nuclear Receptor,4,MSCMF__WGANGP__90_10,MSCMF (WGAN-GP),MSCMF,WGANGP,90_10,90/10,10,5,1404,1314,90,0.9387464387464387,0.5434782608695652,0.2777777777777778,0.36764705882352944,0.7852105530187722,0.3603022305265213,b50b414d86b3f7607cfe2403ddfde53b0eb51d59c73788dd319b162f46798cff,not fixed; not saved,16.26624584197998,PASS,2026-09-05T02:51:21
dnn_oof_v1_fixed_5fold_10run_73configs,nuclear_receptor,Nuclear Receptor,5,MSCMF__VAE__50_50,MSCMF (VAE),MSCMF,VAE,50_50,50/50,1,5,1404,1314,90,0.9344729344729344,0.48148148148148145,0.28888888888888886,0.3611111111111111,0.8000422797226451,0.3153200415148084,b50b414d86b3f7607cfe2403ddfde53b0eb51d59c73788dd319b162f46798cff,not fixed; not saved,20.59457778930664,PASS,2026-09-05T02:56:00
dnn_oof_v1_fixed_5fold_10run_73configs,nuclear_receptor,Nuclear Receptor,5,MSCMF__VAE__50_50,MSCMF (VAE),MSCMF,VAE,50_50,50/50,2,5,1404,1314,90,0.9273504273504274,0.39285714285714285,0.24444444444444444,0.3013698630136986,0.7708608151530526,0.2794229094185871,b50b414d86b3f7607cfe2403ddfde53b0eb51d59c73788dd319b162f46798cff,not fixed; not saved,20.457702159881592,PASS,2026-09-05T03:00:39
dnn_oof_v1_fixed_5fold_10run_73configs,nuclear_receptor,Nuclear Receptor,5,MSCMF__VAE__50_50,MSCMF (VAE),MSCMF,VAE,50_50,50/50,3,5,1404,1314,90,0.9394586894586895,0.5641025641025641,0.24444444444444444,0.34108527131782945,0.7714907830204634,0.3019203777191673,b50b414d86b3f7607cfe2403ddfde53b0eb51d59c73788dd319b162f46798cff,not fixed; not saved,20.90253710746765,PASS,2026-09-05T03:05:20
dnn_oof_v1_fixed_5fold_10run_73configs,nuclear_receptor,Nuclear Receptor,5,MSCMF__VAE__50_50,MSCMF (VAE),MSCMF,VAE,50_50,50/50,4,5,1404,1314,90,0.9387464387464387,0.5454545454545454,0.26666666666666666,0.3582089552238806,0.7815068493150685,0.31436339780165334,b50b414d86b3f7607cfe2403ddfde53b0eb51d59c73788dd319b162f46798cff,not fixed; not saved,21.774558067321777,PASS,2026-09-05T03:10:00
dnn_oof_v1_fixed_5fold_10run_73configs,nuclear_receptor,Nuclear Receptor,5,MSCMF__VAE__50_50,MSCMF (VAE),MSCMF,VAE,50_50,50/50,5,5,1404,1314,90,0.9366096866096866,0.5102040816326531,0.2777777777777778,0.3597122302158273,0.7624978860138678,0.3214295651160111,b50b414d86b3f7607cfe2403ddfde53b0eb51d59c73788dd319b162f46798cff,not fixed; not saved,20.860964059829712,PASS,2026-09-05T03:14:39
dnn_oof_v1_fixed_5fold_10run_73configs,nuclear_receptor,Nuclear Receptor,5,MSCMF__VAE__50_50,MSCMF (VAE),MSCMF,VAE,50_50,50/50,6,5,1404,1314,90,0.9358974358974359,0.5,0.28888888888888886,0.36619718309859156,0.7864789446981227,0.35626315049798385,b50b414d86b3f7607cfe2403ddfde53b0eb51d59c73788dd319b162f46798cff,not fixed; not saved,20.639448881149292,PASS,2026-09-05T03:19:21
dnn_oof_v1_fixed_5fold_10run_73configs,nuclear_receptor,Nuclear Receptor,5,MSCMF__VAE__50_50,MSCMF (VAE),MSCMF,VAE,50_50,50/50,7,5,1404,1314,90,0.9344729344729344,0.4807692307692308,0.2777777777777778,0.352112676056338,0.7771562658548961,0.32541010730953435,b50b414d86b3f7607cfe2403ddfde53b0eb51d59c73788dd319b162f46798cff,not fixed; not saved,21.132128715515137,PASS,2026-09-05T03:24:02
dnn_oof_v1_fixed_5fold_10run_73configs,nuclear_receptor,Nuclear Receptor,5,MSCMF__VAE__50_50,MSCMF (VAE),MSCMF,VAE,50_50,50/50,8,5,1404,1314,90,0.9301994301994302,0.4166666666666667,0.2222222222222222,0.2898550724637681,0.7540250295958059,0.2738784631241988,b50b414d86b3f7607cfe2403ddfde53b0eb51d59c73788dd319b162f46798cff,not fixed; not saved,20.26567840576172,PASS,2026-09-05T03:28:43
dnn_oof_v1_fixed_5fold_10run_73configs,nuclear_receptor,Nuclear Receptor,5,MSCMF__VAE__50_50,MSCMF (VAE),MSCMF,VAE,50_50,50/50,9,5,1404,1314,90,0.9323361823361823,0.4576271186440678,0.3,0.3624161073825503,0.7840182648401826,0.333102431741806,b50b414d86b3f7607cfe2403ddfde53b0eb51d59c73788dd319b162f46798cff,not fixed; not saved,20.050777912139893,PASS,2026-09-05T03:33:24
dnn_oof_v1_fixed_5fold_10run_73configs,nuclear_receptor,Nuclear Receptor,5,MSCMF__VAE__50_50,MSCMF (VAE),MSCMF,VAE,50_50,50/50,10,5,1404,1314,90,0.9337606837606838,0.46808510638297873,0.24444444444444444,0.32116788321167883,0.7853838998816167,0.3019048634193594,b50b414d86b3f7607cfe2403ddfde53b0eb51d59c73788dd319b162f46798cff,not fixed; not saved,20.008134126663208,PASS,2026-09-05T03:38:03
dnn_oof_v1_fixed_5fold_10run_73configs,nuclear_receptor,Nuclear Receptor,6,MSCMF__VAE__80_20,MSCMF (VAE),MSCMF,VAE,80_20,80/20,1,5,1404,1314,90,0.9366096866096866,0.5111111111111111,0.25555555555555554,0.34074074074074073,0.7672501268391679,0.3391615785668015,b50b414d86b3f7607cfe2403ddfde53b0eb51d59c73788dd319b162f46798cff,not fixed; not saved,17.463491201400757,PASS,2026-09-05T03:42:42
dnn_oof_v1_fixed_5fold_10run_73configs,nuclear_receptor,Nuclear Receptor,6,MSCMF__VAE__80_20,MSCMF (VAE),MSCMF,VAE,80_20,80/20,2,5,1404,1314,90,0.9351851851851852,0.49019607843137253,0.2777777777777778,0.3546099290780142,0.7878318958227635,0.34824041989024124,b50b414d86b3f7607cfe2403ddfde53b0eb51d59c73788dd319b162f46798cff,not fixed; not saved,16.662553071975708,PASS,2026-09-05T03:47:19
dnn_oof_v1_fixed_5fold_10run_73configs,nuclear_receptor,Nuclear Receptor,6,MSCMF__VAE__80_20,MSCMF (VAE),MSCMF,VAE,80_20,80/20,3,5,1404,1314,90,0.9344729344729344,0.48,0.26666666666666666,0.34285714285714286,0.7858954845256215,0.33580445204350623,b50b414d86b3f7607cfe2403ddfde53b0eb51d59c73788dd319b162f46798cff,not fixed; not saved,16.48200273513794,PASS,2026-09-05T03:51:59
dnn_oof_v1_fixed_5fold_10run_73configs,nuclear_receptor,Nuclear Receptor,6,MSCMF__VAE__80_20,MSCMF (VAE),MSCMF,VAE,80_20,80/20,4,5,1404,1314,90,0.9366096866096866,0.5098039215686274,0.28888888888888886,0.36879432624113473,0.769600879418231,0.33564983320976804,b50b414d86b3f7607cfe2403ddfde53b0eb51d59c73788dd319b162f46798cff,not fixed; not saved,17.82211470603943,PASS,2026-09-05T03:56:40
dnn_oof_v1_fixed_5fold_10run_73configs,nuclear_receptor,Nuclear Receptor,6,MSCMF__VAE__80_20,MSCMF (VAE),MSCMF,VAE,80_20,80/20,5,5,1404,1314,90,0.9344729344729344,0.48,0.26666666666666666,0.34285714285714286,0.8014375105699307,0.34678093213791544,b50b414d86b3f7607cfe2403ddfde53b0eb51d59c73788dd319b162f46798cff,not fixed; not saved,16.386593341827393,PASS,2026-09-05T04:01:21
dnn_oof_v1_fixed_5fold_10run_73configs,nuclear_receptor,Nuclear Receptor,6,MSCMF__VAE__80_20,MSCMF (VAE),MSCMF,VAE,80_20,80/20,6,5,1404,1314,90,0.9351851851851852,0.4897959183673469,0.26666666666666666,0.34532374100719426,0.7848469474040249,0.3290206076453244,b50b414d86b3f7607cfe2403ddfde53b0eb51d59c73788dd319b162f46798cff,not fixed; not saved,17.272844076156616,PASS,2026-09-05T04:06:01
dnn_oof_v1_fixed_5fold_10run_73configs,nuclear_receptor,Nuclear Receptor,6,MSCMF__VAE__80_20,MSCMF (VAE),MSCMF,VAE,80_20,80/20,7,5,1404,1314,90,0.9373219373219374,0.52,0.28888888888888886,0.37142857142857144,0.7777185861660748,0.31666368024674585,b50b414d86b3f7607cfe2403ddfde53b0eb51d59c73788dd319b162f46798cff,not fixed; not saved,17.334734201431274,PASS,2026-09-05T04:10:41
dnn_oof_v1_fixed_5fold_10run_73configs,nuclear_receptor,Nuclear Receptor,6,MSCMF__VAE__80_20,MSCMF (VAE),MSCMF,VAE,80_20,80/20,8,5,1404,1314,90,0.9358974358974359,0.5,0.25555555555555554,0.3382352941176471,0.7768814476577033,0.3100490518662259,b50b414d86b3f7607cfe2403ddfde53b0eb51d59c73788dd319b162f46798cff,not fixed; not saved,17.60591459274292,PASS,2026-09-05T04:15:22
dnn_oof_v1_fixed_5fold_10run_73configs,nuclear_receptor,Nuclear Receptor,6,MSCMF__VAE__80_20,MSCMF (VAE),MSCMF,VAE,80_20,80/20,9,5,1404,1314,90,0.9358974358974359,0.5,0.25555555555555554,0.3382352941176471,0.7884407238288517,0.3469654698566054,b50b414d86b3f7607cfe2403ddfde53b0eb51d59c73788dd319b162f46798cff,not fixed; not saved,17.064773559570312,PASS,2026-09-05T04:20:06
dnn_oof_v1_fixed_5fold_10run_73configs,nuclear_receptor,Nuclear Receptor,6,MSCMF__VAE__80_20,MSCMF (VAE),MSCMF,VAE,80_20,80/20,10,5,1404,1314,90,0.9394586894586895,0.5531914893617021,0.28888888888888886,0.3795620437956204,0.7891552511415525,0.3578181724019806,b50b414d86b3f7607cfe2403ddfde53b0eb51d59c73788dd319b162f46798cff,not fixed; not saved,16.21606206893921,PASS,2026-09-05T04:24:46
dnn_oof_v1_fixed_5fold_10run_73configs,nuclear_receptor,Nuclear Receptor,7,MSCMF__VAE__85_15,MSCMF (VAE),MSCMF,VAE,85_15,85/15,1,5,1404,1314,90,0.9373219373219374,0.5238095238095238,0.24444444444444444,0.3333333333333333,0.743421275156435,0.3176010521515078,b50b414d86b3f7607cfe2403ddfde53b0eb51d59c73788dd319b162f46798cff,not fixed; not saved,16.902327060699463,PASS,2026-09-05T04:29:30
dnn_oof_v1_fixed_5fold_10run_73configs,nuclear_receptor,Nuclear Receptor,7,MSCMF__VAE__85_15,MSCMF (VAE),MSCMF,VAE,85_15,85/15,2,5,1404,1314,90,0.9294871794871795,0.4262295081967213,0.28888888888888886,0.3443708609271523,0.7657618806020633,0.30953371830399956,b50b414d86b3f7607cfe2403ddfde53b0eb51d59c73788dd319b162f46798cff,not fixed; not saved,17.106371641159058,PASS,2026-09-05T04:34:12
dnn_oof_v1_fixed_5fold_10run_73configs,nuclear_receptor,Nuclear Receptor,7,MSCMF__VAE__85_15,MSCMF (VAE),MSCMF,VAE,85_15,85/15,3,5,1404,1314,90,0.9366096866096866,0.5102040816326531,0.2777777777777778,0.3597122302158273,0.7918231016404532,0.3478428214904369,b50b414d86b3f7607cfe2403ddfde53b0eb51d59c73788dd319b162f46798cff,not fixed; not saved,17.549828052520752,PASS,2026-09-05T04:38:56
dnn_oof_v1_fixed_5fold_10run_73configs,nuclear_receptor,Nuclear Receptor,7,MSCMF__VAE__85_15,MSCMF (VAE),MSCMF,VAE,85_15,85/15,4,5,1404,1314,90,0.9337606837606838,0.46808510638297873,0.24444444444444444,0.32116788321167883,0.7537248435650262,0.29832970786319046,b50b414d86b3f7607cfe2403ddfde53b0eb51d59c73788dd319b162f46798cff,not fixed; not saved,16.876779556274414,PASS,2026-09-05T04:43:40
dnn_oof_v1_fixed_5fold_10run_73configs,nuclear_receptor,Nuclear Receptor,7,MSCMF__VAE__85_15,MSCMF (VAE),MSCMF,VAE,85_15,85/15,5,5,1404,1314,90,0.9351851851851852,0.48936170212765956,0.25555555555555554,0.3357664233576642,0.7768983595467613,0.2934524767822159,b50b414d86b3f7607cfe2403ddfde53b0eb51d59c73788dd319b162f46798cff,not fixed; not saved,16.24008321762085,PASS,2026-09-05T04:48:23
dnn_oof_v1_fixed_5fold_10run_73configs,nuclear_receptor,Nuclear Receptor,7,MSCMF__VAE__85_15,MSCMF (VAE),MSCMF,VAE,85_15,85/15,6,5,1404,1314,90,0.9337606837606838,0.4716981132075472,0.2777777777777778,0.34965034965034963,0.7842973110096398,0.33278722126519933,b50b414d86b3f7607cfe2403ddfde53b0eb51d59c73788dd319b162f46798cff,not fixed; not saved,17.493891954421997,PASS,2026-09-05T04:53:09
dnn_oof_v1_fixed_5fold_10run_73configs,nuclear_receptor,Nuclear Receptor,7,MSCMF__VAE__85_15,MSCMF (VAE),MSCMF,VAE,85_15,85/15,7,5,1404,1314,90,0.9330484330484331,0.4642857142857143,0.28888888888888886,0.3561643835616438,0.7815998647048875,0.3314764069859794,b50b414d86b3f7607cfe2403ddfde53b0eb51d59c73788dd319b162f46798cff,not fixed; not saved,16.945733547210693,PASS,2026-09-05T04:57:51
dnn_oof_v1_fixed_5fold_10run_73configs,nuclear_receptor,Nuclear Receptor,7,MSCMF__VAE__85_15,MSCMF (VAE),MSCMF,VAE,85_15,85/15,8,5,1404,1314,90,0.9366096866096866,0.5106382978723404,0.26666666666666666,0.35036496350364965,0.7926771520378826,0.3438811937246326,b50b414d86b3f7607cfe2403ddfde53b0eb51d59c73788dd319b162f46798cff,not fixed; not saved,16.91641879081726,PASS,2026-09-05T05:02:35
dnn_oof_v1_fixed_5fold_10run_73configs,nuclear_receptor,Nuclear Receptor,7,MSCMF__VAE__85_15,MSCMF (VAE),MSCMF,VAE,85_15,85/15,9,5,1404,1314,90,0.9358974358974359,0.5,0.24444444444444444,0.3283582089552239,0.7668822932521563,0.3274892535676898,b50b414d86b3f7607cfe2403ddfde53b0eb51d59c73788dd319b162f46798cff,not fixed; not saved,16.64049005508423,PASS,2026-09-05T05:07:19
dnn_oof_v1_fixed_5fold_10run_73configs,nuclear_receptor,Nuclear Receptor,7,MSCMF__VAE__85_15,MSCMF (VAE),MSCMF,VAE,85_15,85/15,10,5,1404,1314,90,0.9344729344729344,0.4807692307692308,0.2777777777777778,0.352112676056338,0.7815068493150685,0.32399631149219266,b50b414d86b3f7607cfe2403ddfde53b0eb51d59c73788dd319b162f46798cff,not fixed; not saved,15.79081106185913,PASS,2026-09-05T05:12:03
dnn_oof_v1_fixed_5fold_10run_73configs,nuclear_receptor,Nuclear Receptor,8,MSCMF__VAE__90_10,MSCMF (VAE),MSCMF,VAE,90_10,90/10,1,5,1404,1314,90,0.9387464387464387,0.5526315789473685,0.23333333333333334,0.328125,0.7552765093860985,0.3572086764544464,b50b414d86b3f7607cfe2403ddfde53b0eb51d59c73788dd319b162f46798cff,not fixed; not saved,17.073283672332764,PASS,2026-09-05T05:16:46
dnn_oof_v1_fixed_5fold_10run_73configs,nuclear_receptor,Nuclear Receptor,8,MSCMF__VAE__90_10,MSCMF (VAE),MSCMF,VAE,90_10,90/10,2,5,1404,1314,90,0.9323361823361823,0.45454545454545453,0.2777777777777778,0.3448275862068966,0.7730001691188906,0.34162514109307013,b50b414d86b3f7607cfe2403ddfde53b0eb51d59c73788dd319b162f46798cff,not fixed; not saved,15.87480354309082,PASS,2026-09-05T05:21:30
dnn_oof_v1_fixed_5fold_10run_73configs,nuclear_receptor,Nuclear Receptor,8,MSCMF__VAE__90_10,MSCMF (VAE),MSCMF,VAE,90_10,90/10,3,5,1404,1314,90,0.9344729344729344,0.4791666666666667,0.25555555555555554,0.3333333333333333,0.7923558261457806,0.3324788823624919,b50b414d86b3f7607cfe2403ddfde53b0eb51d59c73788dd319b162f46798cff,not fixed; not saved,16.951951265335083,PASS,2026-09-05T05:26:15
dnn_oof_v1_fixed_5fold_10run_73configs,nuclear_receptor,Nuclear Receptor,8,MSCMF__VAE__90_10,MSCMF (VAE),MSCMF,VAE,90_10,90/10,4,5,1404,1314,90,0.938034188034188,0.5306122448979592,0.28888888888888886,0.37410071942446044,0.7815829528158295,0.3613678668749446,b50b414d86b3f7607cfe2403ddfde53b0eb51d59c73788dd319b162f46798cff,not fixed; not saved,16.118178129196167,PASS,2026-09-05T05:31:01
dnn_oof_v1_fixed_5fold_10run_73configs,nuclear_receptor,Nuclear Receptor,8,MSCMF__VAE__90_10,MSCMF (VAE),MSCMF,VAE,90_10,90/10,5,5,1404,1314,90,0.938034188034188,0.5348837209302325,0.25555555555555554,0.3458646616541353,0.7511753762895316,0.32337159062449833,b50b414d86b3f7607cfe2403ddfde53b0eb51d59c73788dd319b162f46798cff,not fixed; not saved,17.668277978897095,PASS,2026-09-05T05:35:47
dnn_oof_v1_fixed_5fold_10run_73configs,nuclear_receptor,Nuclear Receptor,8,MSCMF__VAE__90_10,MSCMF (VAE),MSCMF,VAE,90_10,90/10,6,5,1404,1314,90,0.9358974358974359,0.5,0.2777777777777778,0.35714285714285715,0.7531709791983764,0.31848474193549925,b50b414d86b3f7607cfe2403ddfde53b0eb51d59c73788dd319b162f46798cff,not fixed; not saved,17.533704042434692,PASS,2026-09-05T05:40:32
dnn_oof_v1_fixed_5fold_10run_73configs,nuclear_receptor,Nuclear Receptor,8,MSCMF__VAE__90_10,MSCMF (VAE),MSCMF,VAE,90_10,90/10,7,5,1404,1314,90,0.9366096866096866,0.5106382978723404,0.26666666666666666,0.35036496350364965,0.7667343142228986,0.3079261240579751,b50b414d86b3f7607cfe2403ddfde53b0eb51d59c73788dd319b162f46798cff,not fixed; not saved,16.330663442611694,PASS,2026-09-05T05:45:17
dnn_oof_v1_fixed_5fold_10run_73configs,nuclear_receptor,Nuclear Receptor,8,MSCMF__VAE__90_10,MSCMF (VAE),MSCMF,VAE,90_10,90/10,8,5,1404,1314,90,0.9330484330484331,0.4642857142857143,0.28888888888888886,0.3561643835616438,0.7793590394047014,0.30561238371494553,b50b414d86b3f7607cfe2403ddfde53b0eb51d59c73788dd319b162f46798cff,not fixed; not saved,17.00770330429077,PASS,2026-09-05T05:50:03
dnn_oof_v1_fixed_5fold_10run_73configs,nuclear_receptor,Nuclear Receptor,8,MSCMF__VAE__90_10,MSCMF (VAE),MSCMF,VAE,90_10,90/10,9,5,1404,1314,90,0.9366096866096866,0.5106382978723404,0.26666666666666666,0.35036496350364965,0.7632589210214781,0.3264932099083906,b50b414d86b3f7607cfe2403ddfde53b0eb51d59c73788dd319b162f46798cff,not fixed; not saved,17.21703267097473,PASS,2026-09-05T05:54:50
dnn_oof_v1_fixed_5fold_10run_73configs,nuclear_receptor,Nuclear Receptor,8,MSCMF__VAE__90_10,MSCMF (VAE),MSCMF,VAE,90_10,90/10,10,5,1404,1314,90,0.9373219373219374,0.5192307692307693,0.3,0.38028169014084506,0.762954507018434,0.35993661242566843,b50b414d86b3f7607cfe2403ddfde53b0eb51d59c73788dd319b162f46798cff,not fixed; not saved,16.355287790298462,PASS,2026-09-05T05:59:39
dnn_oof_v1_fixed_5fold_10run_73configs,nuclear_receptor,Nuclear Receptor,25,MSCMF__LatentDiffusion__50_50,Diffusion Model,MSCMF,LatentDiffusion,50_50,50/50,1,5,1404,1314,90,0.9337606837606838,0.47058823529411764,0.26666666666666666,0.3404255319148936,0.8086842550312869,0.37831891363676645,b50b414d86b3f7607cfe2403ddfde53b0eb51d59c73788dd319b162f46798cff,not fixed; not saved,19.029996633529663,PASS,2026-09-05T06:04:28
dnn_oof_v1_fixed_5fold_10run_73configs,nuclear_receptor,Nuclear Receptor,25,MSCMF__LatentDiffusion__50_50,Diffusion Model,MSCMF,LatentDiffusion,50_50,50/50,2,5,1404,1314,90,0.9351851851851852,0.4888888888888889,0.24444444444444444,0.32592592592592595,0.8279299847792998,0.3862124858837775,b50b414d86b3f7607cfe2403ddfde53b0eb51d59c73788dd319b162f46798cff,not fixed; not saved,19.740467309951782,PASS,2026-09-05T06:09:21
dnn_oof_v1_fixed_5fold_10run_73configs,nuclear_receptor,Nuclear Receptor,25,MSCMF__LatentDiffusion__50_50,Diffusion Model,MSCMF,LatentDiffusion,50_50,50/50,3,5,1404,1314,90,0.9415954415954416,0.6111111111111112,0.24444444444444444,0.3492063492063492,0.8301454422458988,0.3730551077540256,b50b414d86b3f7607cfe2403ddfde53b0eb51d59c73788dd319b162f46798cff,not fixed; not saved,19.618530988693237,PASS,2026-09-05T06:14:14
dnn_oof_v1_fixed_5fold_10run_73configs,nuclear_receptor,Nuclear Receptor,25,MSCMF__LatentDiffusion__50_50,Diffusion Model,MSCMF,LatentDiffusion,50_50,50/50,4,5,1404,1314,90,0.938034188034188,0.5333333333333333,0.26666666666666666,0.35555555555555557,0.8201674277016743,0.3881406196289617,b50b414d86b3f7607cfe2403ddfde53b0eb51d59c73788dd319b162f46798cff,not fixed; not saved,20.436906814575195,PASS,2026-09-05T06:19:09
dnn_oof_v1_fixed_5fold_10run_73configs,nuclear_receptor,Nuclear Receptor,25,MSCMF__LatentDiffusion__50_50,Diffusion Model,MSCMF,LatentDiffusion,50_50,50/50,5,5,1404,1314,90,0.9358974358974359,0.5,0.25555555555555554,0.3382352941176471,0.7824200913242008,0.35075462645898126,b50b414d86b3f7607cfe2403ddfde53b0eb51d59c73788dd319b162f46798cff,not fixed; not saved,19.533647537231445,PASS,2026-09-05T06:24:02
dnn_oof_v1_fixed_5fold_10run_73configs,nuclear_receptor,Nuclear Receptor,25,MSCMF__LatentDiffusion__50_50,Diffusion Model,MSCMF,LatentDiffusion,50_50,50/50,6,5,1404,1314,90,0.9394586894586895,0.5531914893617021,0.28888888888888886,0.3795620437956204,0.8034331134787756,0.399768961797405,b50b414d86b3f7607cfe2403ddfde53b0eb51d59c73788dd319b162f46798cff,not fixed; not saved,21.029560565948486,PASS,2026-09-05T06:28:55
dnn_oof_v1_fixed_5fold_10run_73configs,nuclear_receptor,Nuclear Receptor,25,MSCMF__LatentDiffusion__50_50,Diffusion Model,MSCMF,LatentDiffusion,50_50,50/50,7,5,1404,1314,90,0.9394586894586895,0.5555555555555556,0.2777777777777778,0.37037037037037035,0.8384069000507356,0.3951523962621411,b50b414d86b3f7607cfe2403ddfde53b0eb51d59c73788dd319b162f46798cff,not fixed; not saved,19.847434520721436,PASS,2026-09-05T06:33:40
dnn_oof_v1_fixed_5fold_10run_73configs,nuclear_receptor,Nuclear Receptor,25,MSCMF__LatentDiffusion__50_50,Diffusion Model,MSCMF,LatentDiffusion,50_50,50/50,8,5,1404,1314,90,0.9344729344729344,0.4807692307692308,0.2777777777777778,0.352112676056338,0.817157111449349,0.37846256423473085,b50b414d86b3f7607cfe2403ddfde53b0eb51d59c73788dd319b162f46798cff,not fixed; not saved,17.85434913635254,PASS,2026-09-05T06:38:26
dnn_oof_v1_fixed_5fold_10run_73configs,nuclear_receptor,Nuclear Receptor,25,MSCMF__LatentDiffusion__50_50,Diffusion Model,MSCMF,LatentDiffusion,50_50,50/50,9,5,1404,1314,90,0.9330484330484331,0.46296296296296297,0.2777777777777778,0.3472222222222222,0.8291560967360054,0.3768704742115925,b50b414d86b3f7607cfe2403ddfde53b0eb51d59c73788dd319b162f46798cff,not fixed; not saved,18.562870979309082,PASS,2026-09-05T06:43:14
dnn_oof_v1_fixed_5fold_10run_73configs,nuclear_receptor,Nuclear Receptor,25,MSCMF__LatentDiffusion__50_50,Diffusion Model,MSCMF,LatentDiffusion,50_50,50/50,10,5,1404,1314,90,0.9401709401709402,0.5714285714285714,0.26666666666666666,0.36363636363636365,0.7789785219008963,0.36632997727757916,b50b414d86b3f7607cfe2403ddfde53b0eb51d59c73788dd319b162f46798cff,not fixed; not saved,18.873435974121094,PASS,2026-09-05T06:48:02
dnn_oof_v1_fixed_5fold_10run_73configs,nuclear_receptor,Nuclear Receptor,26,MSCMF__LatentDiffusion__80_20,Diffusion Model,MSCMF,LatentDiffusion,80_20,80/20,1,5,1404,1314,90,0.9337606837606838,0.4716981132075472,0.2777777777777778,0.34965034965034963,0.8215203788263149,0.375033717188326,b50b414d86b3f7607cfe2403ddfde53b0eb51d59c73788dd319b162f46798cff,not fixed; not saved,15.689154863357544,PASS,2026-09-05T06:52:46
dnn_oof_v1_fixed_5fold_10run_73configs,nuclear_receptor,Nuclear Receptor,26,MSCMF__LatentDiffusion__80_20,Diffusion Model,MSCMF,LatentDiffusion,80_20,80/20,2,5,1404,1314,90,0.9394586894586895,0.5581395348837209,0.26666666666666666,0.3609022556390977,0.8224251648909183,0.36722965061281326,b50b414d86b3f7607cfe2403ddfde53b0eb51d59c73788dd319b162f46798cff,not fixed; not saved,17.295271158218384,PASS,2026-09-05T06:57:31
dnn_oof_v1_fixed_5fold_10run_73configs,nuclear_receptor,Nuclear Receptor,26,MSCMF__LatentDiffusion__80_20,Diffusion Model,MSCMF,LatentDiffusion,80_20,80/20,3,5,1404,1314,90,0.9394586894586895,0.5609756097560976,0.25555555555555554,0.3511450381679389,0.8314983933705394,0.395083100420145,b50b414d86b3f7607cfe2403ddfde53b0eb51d59c73788dd319b162f46798cff,not fixed; not saved,17.631401538848877,PASS,2026-09-05T07:02:15
dnn_oof_v1_fixed_5fold_10run_73configs,nuclear_receptor,Nuclear Receptor,26,MSCMF__LatentDiffusion__80_20,Diffusion Model,MSCMF,LatentDiffusion,80_20,80/20,4,5,1404,1314,90,0.938034188034188,0.5319148936170213,0.2777777777777778,0.36496350364963503,0.808464400473533,0.37568689183130893,b50b414d86b3f7607cfe2403ddfde53b0eb51d59c73788dd319b162f46798cff,not fixed; not saved,14.936331033706665,PASS,2026-09-05T07:07:02
dnn_oof_v1_fixed_5fold_10run_73configs,nuclear_receptor,Nuclear Receptor,26,MSCMF__LatentDiffusion__80_20,Diffusion Model,MSCMF,LatentDiffusion,80_20,80/20,5,5,1404,1314,90,0.9408831908831908,0.5897435897435898,0.25555555555555554,0.35658914728682173,0.8184001352951126,0.3773364734018785,b50b414d86b3f7607cfe2403ddfde53b0eb51d59c73788dd319b162f46798cff,not fixed; not saved,15.407265901565552,PASS,2026-09-05T07:11:47
dnn_oof_v1_fixed_5fold_10run_73configs,nuclear_receptor,Nuclear Receptor,26,MSCMF__LatentDiffusion__80_20,Diffusion Model,MSCMF,LatentDiffusion,80_20,80/20,6,5,1404,1314,90,0.938034188034188,0.5333333333333333,0.26666666666666666,0.35555555555555557,0.823947234906139,0.37980507150483694,b50b414d86b3f7607cfe2403ddfde53b0eb51d59c73788dd319b162f46798cff,not fixed; not saved,16.41931939125061,PASS,2026-09-05T07:16:34
dnn_oof_v1_fixed_5fold_10run_73configs,nuclear_receptor,Nuclear Receptor,26,MSCMF__LatentDiffusion__80_20,Diffusion Model,MSCMF,LatentDiffusion,80_20,80/20,7,5,1404,1314,90,0.9408831908831908,0.5813953488372093,0.2777777777777778,0.37593984962406013,0.8311516996448503,0.3843489699267255,b50b414d86b3f7607cfe2403ddfde53b0eb51d59c73788dd319b162f46798cff,not fixed; not saved,15.005553483963013,PASS,2026-09-05T07:21:21
dnn_oof_v1_fixed_5fold_10run_73configs,nuclear_receptor,Nuclear Receptor,26,MSCMF__LatentDiffusion__80_20,Diffusion Model,MSCMF,LatentDiffusion,80_20,80/20,8,5,1404,1314,90,0.9373219373219374,0.5217391304347826,0.26666666666666666,0.35294117647058826,0.8319972940977507,0.3934960138468732,b50b414d86b3f7607cfe2403ddfde53b0eb51d59c73788dd319b162f46798cff,not fixed; not saved,16.959383964538574,PASS,2026-09-05T07:26:10
dnn_oof_v1_fixed_5fold_10run_73configs,nuclear_receptor,Nuclear Receptor,26,MSCMF__LatentDiffusion__80_20,Diffusion Model,MSCMF,LatentDiffusion,80_20,80/20,9,5,1404,1314,90,0.9423076923076923,0.6153846153846154,0.26666666666666666,0.37209302325581395,0.8233806866226957,0.39318172857797434,b50b414d86b3f7607cfe2403ddfde53b0eb51d59c73788dd319b162f46798cff,not fixed; not saved,17.73579740524292,PASS,2026-09-05T07:30:58
dnn_oof_v1_fixed_5fold_10run_73configs,nuclear_receptor,Nuclear Receptor,26,MSCMF__LatentDiffusion__80_20,Diffusion Model,MSCMF,LatentDiffusion,80_20,80/20,10,5,1404,1314,90,0.9366096866096866,0.5116279069767442,0.24444444444444444,0.3308270676691729,0.8179773380686622,0.3772557161001681,b50b414d86b3f7607cfe2403ddfde53b0eb51d59c73788dd319b162f46798cff,not fixed; not saved,15.88990831375122,PASS,2026-09-05T07:35:49
dnn_oof_v1_fixed_5fold_10run_73configs,nuclear_receptor,Nuclear Receptor,27,MSCMF__LatentDiffusion__85_15,Diffusion Model,MSCMF,LatentDiffusion,85_15,85/15,1,5,1404,1314,90,0.9366096866096866,0.5116279069767442,0.24444444444444444,0.3308270676691729,0.823964146795197,0.3861404972190757,b50b414d86b3f7607cfe2403ddfde53b0eb51d59c73788dd319b162f46798cff,not fixed; not saved,15.669688940048218,PASS,2026-09-05T07:40:38
dnn_oof_v1_fixed_5fold_10run_73configs,nuclear_receptor,Nuclear Receptor,27,MSCMF__LatentDiffusion__85_15,Diffusion Model,MSCMF,LatentDiffusion,85_15,85/15,2,5,1404,1314,90,0.9394586894586895,0.5581395348837209,0.26666666666666666,0.3609022556390977,0.793362083544732,0.3749726923839774,b50b414d86b3f7607cfe2403ddfde53b0eb51d59c73788dd319b162f46798cff,not fixed; not saved,15.919461250305176,PASS,2026-09-05T07:45:26
dnn_oof_v1_fixed_5fold_10run_73configs,nuclear_receptor,Nuclear Receptor,27,MSCMF__LatentDiffusion__85_15,Diffusion Model,MSCMF,LatentDiffusion,85_15,85/15,3,5,1404,1314,90,0.938034188034188,0.5365853658536586,0.24444444444444444,0.33587786259541985,0.8183578555724675,0.3790116268549597,b50b414d86b3f7607cfe2403ddfde53b0eb51d59c73788dd319b162f46798cff,not fixed; not saved,18.38172221183777,PASS,2026-09-05T07:50:17
dnn_oof_v1_fixed_5fold_10run_73configs,nuclear_receptor,Nuclear Receptor,27,MSCMF__LatentDiffusion__85_15,Diffusion Model,MSCMF,LatentDiffusion,85_15,85/15,4,5,1404,1314,90,0.9387464387464387,0.5454545454545454,0.26666666666666666,0.3582089552238806,0.8171824792829359,0.3754976705444807,b50b414d86b3f7607cfe2403ddfde53b0eb51d59c73788dd319b162f46798cff,not fixed; not saved,15.69504165649414,PASS,2026-09-05T07:55:08
dnn_oof_v1_fixed_5fold_10run_73configs,nuclear_receptor,Nuclear Receptor,27,MSCMF__LatentDiffusion__85_15,Diffusion Model,MSCMF,LatentDiffusion,85_15,85/15,5,5,1404,1314,90,0.9387464387464387,0.5434782608695652,0.2777777777777778,0.36764705882352944,0.8210383899881616,0.3786784858101433,b50b414d86b3f7607cfe2403ddfde53b0eb51d59c73788dd319b162f46798cff,not fixed; not saved,15.750684976577759,PASS,2026-09-05T07:59:57
dnn_oof_v1_fixed_5fold_10run_73configs,nuclear_receptor,Nuclear Receptor,27,MSCMF__LatentDiffusion__85_15,Diffusion Model,MSCMF,LatentDiffusion,85_15,85/15,6,5,1404,1314,90,0.9373219373219374,0.5217391304347826,0.26666666666666666,0.35294117647058826,0.8110941992220531,0.3761109691108595,b50b414d86b3f7607cfe2403ddfde53b0eb51d59c73788dd319b162f46798cff,not fixed; not saved,16.627684593200684,PASS,2026-09-05T08:04:49
dnn_oof_v1_fixed_5fold_10run_73configs,nuclear_receptor,Nuclear Receptor,27,MSCMF__LatentDiffusion__85_15,Diffusion Model,MSCMF,LatentDiffusion,85_15,85/15,7,5,1404,1314,90,0.9451566951566952,0.696969696969697,0.25555555555555554,0.37398373983739835,0.7964062235751733,0.3606848173694251,b50b414d86b3f7607cfe2403ddfde53b0eb51d59c73788dd319b162f46798cff,not fixed; not saved,16.711395025253296,PASS,2026-09-05T08:09:39
dnn_oof_v1_fixed_5fold_10run_73configs,nuclear_receptor,Nuclear Receptor,27,MSCMF__LatentDiffusion__85_15,Diffusion Model,MSCMF,LatentDiffusion,85_15,85/15,8,5,1404,1314,90,0.9373219373219374,0.5217391304347826,0.26666666666666666,0.35294117647058826,0.8210553018772196,0.38201717245348016,b50b414d86b3f7607cfe2403ddfde53b0eb51d59c73788dd319b162f46798cff,not fixed; not saved,17.130409240722656,PASS,2026-09-05T08:14:28
dnn_oof_v1_fixed_5fold_10run_73configs,nuclear_receptor,Nuclear Receptor,27,MSCMF__LatentDiffusion__85_15,Diffusion Model,MSCMF,LatentDiffusion,85_15,85/15,9,5,1404,1314,90,0.9394586894586895,0.5581395348837209,0.26666666666666666,0.3609022556390977,0.8167681380010147,0.3686472578817325,b50b414d86b3f7607cfe2403ddfde53b0eb51d59c73788dd319b162f46798cff,not fixed; not saved,16.507689237594604,PASS,2026-09-05T08:19:18
dnn_oof_v1_fixed_5fold_10run_73configs,nuclear_receptor,Nuclear Receptor,27,MSCMF__LatentDiffusion__85_15,Diffusion Model,MSCMF,LatentDiffusion,85_15,85/15,10,5,1404,1314,90,0.9337606837606838,0.46938775510204084,0.25555555555555554,0.33093525179856115,0.797674615254524,0.35884084141956374,b50b414d86b3f7607cfe2403ddfde53b0eb51d59c73788dd319b162f46798cff,not fixed; not saved,16.307424306869507,PASS,2026-09-05T08:24:10
dnn_oof_v1_fixed_5fold_10run_73configs,nuclear_receptor,Nuclear Receptor,28,MSCMF__LatentDiffusion__90_10,Diffusion Model,MSCMF,LatentDiffusion,90_10,90/10,1,5,1404,1314,90,0.9415954415954416,0.6052631578947368,0.25555555555555554,0.359375,0.8114747167258582,0.38468922989909216,b50b414d86b3f7607cfe2403ddfde53b0eb51d59c73788dd319b162f46798cff,not fixed; not saved,15.722491264343262,PASS,2026-09-05T08:29:00
dnn_oof_v1_fixed_5fold_10run_73configs,nuclear_receptor,Nuclear Receptor,28,MSCMF__LatentDiffusion__90_10,Diffusion Model,MSCMF,LatentDiffusion,90_10,90/10,2,5,1404,1314,90,0.9351851851851852,0.49019607843137253,0.2777777777777778,0.3546099290780142,0.8076103500761035,0.37492430970705454,b50b414d86b3f7607cfe2403ddfde53b0eb51d59c73788dd319b162f46798cff,not fixed; not saved,15.604856967926025,PASS,2026-09-05T08:33:50
dnn_oof_v1_fixed_5fold_10run_73configs,nuclear_receptor,Nuclear Receptor,28,MSCMF__LatentDiffusion__90_10,Diffusion Model,MSCMF,LatentDiffusion,90_10,90/10,3,5,1404,1314,90,0.9373219373219374,0.5208333333333334,0.2777777777777778,0.36231884057971014,0.8085151361407068,0.37835953129874716,b50b414d86b3f7607cfe2403ddfde53b0eb51d59c73788dd319b162f46798cff,not fixed; not saved,15.024791479110718,PASS,2026-09-05T08:38:37
dnn_oof_v1_fixed_5fold_10run_73configs,nuclear_receptor,Nuclear Receptor,28,MSCMF__LatentDiffusion__90_10,Diffusion Model,MSCMF,LatentDiffusion,90_10,90/10,4,5,1404,1314,90,0.9394586894586895,0.5581395348837209,0.26666666666666666,0.3609022556390977,0.8133096566886522,0.38014167394974585,b50b414d86b3f7607cfe2403ddfde53b0eb51d59c73788dd319b162f46798cff,not fixed; not saved,15.611059427261353,PASS,2026-09-05T08:43:25
dnn_oof_v1_fixed_5fold_10run_73configs,nuclear_receptor,Nuclear Receptor,28,MSCMF__LatentDiffusion__90_10,Diffusion Model,MSCMF,LatentDiffusion,90_10,90/10,5,5,1404,1314,90,0.9415954415954416,0.5952380952380952,0.2777777777777778,0.3787878787878788,0.802181633688483,0.3738857816350605,b50b414d86b3f7607cfe2403ddfde53b0eb51d59c73788dd319b162f46798cff,not fixed; not saved,16.20643639564514,PASS,2026-09-05T08:48:17
dnn_oof_v1_fixed_5fold_10run_73configs,nuclear_receptor,Nuclear Receptor,28,MSCMF__LatentDiffusion__90_10,Diffusion Model,MSCMF,LatentDiffusion,90_10,90/10,6,5,1404,1314,90,0.9401709401709402,0.575,0.25555555555555554,0.35384615384615387,0.8137916455268054,0.3852690567239052,b50b414d86b3f7607cfe2403ddfde53b0eb51d59c73788dd319b162f46798cff,not fixed; not saved,15.351646423339844,PASS,2026-09-05T08:53:08
dnn_oof_v1_fixed_5fold_10run_73configs,nuclear_receptor,Nuclear Receptor,28,MSCMF__LatentDiffusion__90_10,Diffusion Model,MSCMF,LatentDiffusion,90_10,90/10,7,5,1404,1314,90,0.9401709401709402,0.575,0.25555555555555554,0.35384615384615387,0.8133012007441232,0.3698851137686783,b50b414d86b3f7607cfe2403ddfde53b0eb51d59c73788dd319b162f46798cff,not fixed; not saved,15.11421537399292,PASS,2026-09-05T08:58:00
dnn_oof_v1_fixed_5fold_10run_73configs,nuclear_receptor,Nuclear Receptor,28,MSCMF__LatentDiffusion__90_10,Diffusion Model,MSCMF,LatentDiffusion,90_10,90/10,8,5,1404,1314,90,0.9387464387464387,0.5454545454545454,0.26666666666666666,0.3582089552238806,0.8259851175376289,0.3978358424254177,b50b414d86b3f7607cfe2403ddfde53b0eb51d59c73788dd319b162f46798cff,not fixed; not saved,14.966222286224365,PASS,2026-09-05T09:02:48
dnn_oof_v1_fixed_5fold_10run_73configs,nuclear_receptor,Nuclear Receptor,28,MSCMF__LatentDiffusion__90_10,Diffusion Model,MSCMF,LatentDiffusion,90_10,90/10,9,5,1404,1314,90,0.9415954415954416,0.6052631578947368,0.25555555555555554,0.359375,0.7867918146456959,0.37568373474586914,b50b414d86b3f7607cfe2403ddfde53b0eb51d59c73788dd319b162f46798cff,not fixed; not saved,15.389187335968018,PASS,2026-09-05T09:07:40
dnn_oof_v1_fixed_5fold_10run_73configs,nuclear_receptor,Nuclear Receptor,28,MSCMF__LatentDiffusion__90_10,Diffusion Model,MSCMF,LatentDiffusion,90_10,90/10,10,5,1404,1314,90,0.9344729344729344,0.48148148148148145,0.28888888888888886,0.3611111111111111,0.8170049044478268,0.3728669727246848,b50b414d86b3f7607cfe2403ddfde53b0eb51d59c73788dd319b162f46798cff,not fixed; not saved,16.52719020843506,PASS,2026-09-05T09:12:34
dnn_oof_v1_fixed_5fold_10run_73configs,nuclear_receptor,Nuclear Receptor,29,MSCMF__ADASYN__50_50,ADASYN,MSCMF,ADASYN,50_50,50/50,1,5,1404,1314,90,0.9387464387464387,0.5476190476190477,0.25555555555555554,0.3484848484848485,0.7584728564180618,0.3459088153075639,b50b414d86b3f7607cfe2403ddfde53b0eb51d59c73788dd319b162f46798cff,not fixed; not saved,20.385730743408203,PASS,2026-09-05T09:17:31
dnn_oof_v1_fixed_5fold_10run_73configs,nuclear_receptor,Nuclear Receptor,29,MSCMF__ADASYN__50_50,ADASYN,MSCMF,ADASYN,50_50,50/50,2,5,1404,1314,90,0.938034188034188,0.5319148936170213,0.2777777777777778,0.36496350364963503,0.7883519364112971,0.3442337246260439,b50b414d86b3f7607cfe2403ddfde53b0eb51d59c73788dd319b162f46798cff,not fixed; not saved,19.81600570678711,PASS,2026-09-05T09:22:28
dnn_oof_v1_fixed_5fold_10run_73configs,nuclear_receptor,Nuclear Receptor,29,MSCMF__ADASYN__50_50,ADASYN,MSCMF,ADASYN,50_50,50/50,3,5,1404,1314,90,0.9323361823361823,0.45454545454545453,0.2777777777777778,0.3448275862068966,0.7662100456621004,0.3441416270298616,b50b414d86b3f7607cfe2403ddfde53b0eb51d59c73788dd319b162f46798cff,not fixed; not saved,21.031968116760254,PASS,2026-09-05T09:27:31
dnn_oof_v1_fixed_5fold_10run_73configs,nuclear_receptor,Nuclear Receptor,29,MSCMF__ADASYN__50_50,ADASYN,MSCMF,ADASYN,50_50,50/50,4,5,1404,1314,90,0.9387464387464387,0.5454545454545454,0.26666666666666666,0.3582089552238806,0.7686453576864537,0.3323964680074079,b50b414d86b3f7607cfe2403ddfde53b0eb51d59c73788dd319b162f46798cff,not fixed; not saved,20.99997878074646,PASS,2026-09-05T09:32:33
dnn_oof_v1_fixed_5fold_10run_73configs,nuclear_receptor,Nuclear Receptor,29,MSCMF__ADASYN__50_50,ADASYN,MSCMF,ADASYN,50_50,50/50,5,5,1404,1314,90,0.9394586894586895,0.5609756097560976,0.25555555555555554,0.3511450381679389,0.7917385421951633,0.3847113377632487,b50b414d86b3f7607cfe2403ddfde53b0eb51d59c73788dd319b162f46798cff,not fixed; not saved,18.147073984146118,PASS,2026-09-05T09:37:30
dnn_oof_v1_fixed_5fold_10run_73configs,nuclear_receptor,Nuclear Receptor,29,MSCMF__ADASYN__50_50,ADASYN,MSCMF,ADASYN,50_50,50/50,6,5,1404,1314,90,0.9401709401709402,0.5714285714285714,0.26666666666666666,0.36363636363636365,0.7769490952139354,0.35393607155358064,b50b414d86b3f7607cfe2403ddfde53b0eb51d59c73788dd319b162f46798cff,not fixed; not saved,18.642545223236084,PASS,2026-09-05T09:42:29
dnn_oof_v1_fixed_5fold_10run_73configs,nuclear_receptor,Nuclear Receptor,29,MSCMF__ADASYN__50_50,ADASYN,MSCMF,ADASYN,50_50,50/50,7,5,1404,1314,90,0.9366096866096866,0.5102040816326531,0.2777777777777778,0.3597122302158273,0.7674530695078641,0.3492208723641359,b50b414d86b3f7607cfe2403ddfde53b0eb51d59c73788dd319b162f46798cff,not fixed; not saved,18.898381233215332,PASS,2026-09-05T09:47:28
dnn_oof_v1_fixed_5fold_10run_73configs,nuclear_receptor,Nuclear Receptor,29,MSCMF__ADASYN__50_50,ADASYN,MSCMF,ADASYN,50_50,50/50,8,5,1404,1314,90,0.938034188034188,0.5306122448979592,0.28888888888888886,0.37410071942446044,0.7786064603416202,0.33324264749517474,b50b414d86b3f7607cfe2403ddfde53b0eb51d59c73788dd319b162f46798cff,not fixed; not saved,18.291428089141846,PASS,2026-09-05T09:52:31
dnn_oof_v1_fixed_5fold_10run_73configs,nuclear_receptor,Nuclear Receptor,29,MSCMF__ADASYN__50_50,ADASYN,MSCMF,ADASYN,50_50,50/50,9,5,1404,1314,90,0.938034188034188,0.5333333333333333,0.26666666666666666,0.35555555555555557,0.7793083037375274,0.3505174122669794,b50b414d86b3f7607cfe2403ddfde53b0eb51d59c73788dd319b162f46798cff,not fixed; not saved,19.185540676116943,PASS,2026-09-05T09:57:29
dnn_oof_v1_fixed_5fold_10run_73configs,nuclear_receptor,Nuclear Receptor,29,MSCMF__ADASYN__50_50,ADASYN,MSCMF,ADASYN,50_50,50/50,10,5,1404,1314,90,0.9337606837606838,0.46808510638297873,0.24444444444444444,0.32116788321167883,0.7681887366818874,0.3518239840108049,b50b414d86b3f7607cfe2403ddfde53b0eb51d59c73788dd319b162f46798cff,not fixed; not saved,19.650127410888672,PASS,2026-09-05T10:02:32
dnn_oof_v1_fixed_5fold_10run_73configs,nuclear_receptor,Nuclear Receptor,30,MSCMF__ADASYN__80_20,ADASYN,MSCMF,ADASYN,80_20,80/20,1,5,1404,1314,90,0.9401709401709402,0.5681818181818182,0.2777777777777778,0.373134328358209,0.7883138846609166,0.3684921489191918,b50b414d86b3f7607cfe2403ddfde53b0eb51d59c73788dd319b162f46798cff,not fixed; not saved,17.489702224731445,PASS,2026-09-05T10:07:29
dnn_oof_v1_fixed_5fold_10run_73configs,nuclear_receptor,Nuclear Receptor,30,MSCMF__ADASYN__80_20,ADASYN,MSCMF,ADASYN,80_20,80/20,2,5,1404,1314,90,0.9401709401709402,0.5625,0.3,0.391304347826087,0.7816506003720616,0.3803376898690807,b50b414d86b3f7607cfe2403ddfde53b0eb51d59c73788dd319b162f46798cff,not fixed; not saved,17.293554067611694,PASS,2026-09-05T10:12:29
dnn_oof_v1_fixed_5fold_10run_73configs,nuclear_receptor,Nuclear Receptor,30,MSCMF__ADASYN__80_20,ADASYN,MSCMF,ADASYN,80_20,80/20,3,5,1404,1314,90,0.9373219373219374,0.5238095238095238,0.24444444444444444,0.3333333333333333,0.7819972940977508,0.34941951082984246,b50b414d86b3f7607cfe2403ddfde53b0eb51d59c73788dd319b162f46798cff,not fixed; not saved,14.666484594345093,PASS,2026-09-05T10:17:29
dnn_oof_v1_fixed_5fold_10run_73configs,nuclear_receptor,Nuclear Receptor,30,MSCMF__ADASYN__80_20,ADASYN,MSCMF,ADASYN,80_20,80/20,4,5,1404,1314,90,0.9415954415954416,0.6052631578947368,0.25555555555555554,0.359375,0.7867410789785219,0.38095293587172135,b50b414d86b3f7607cfe2403ddfde53b0eb51d59c73788dd319b162f46798cff,not fixed; not saved,15.626584529876709,PASS,2026-09-05T10:22:29
dnn_oof_v1_fixed_5fold_10run_73configs,nuclear_receptor,Nuclear Receptor,30,MSCMF__ADASYN__80_20,ADASYN,MSCMF,ADASYN,80_20,80/20,5,5,1404,1314,90,0.9394586894586895,0.5555555555555556,0.2777777777777778,0.37037037037037035,0.8007441231185523,0.38089550602268424,b50b414d86b3f7607cfe2403ddfde53b0eb51d59c73788dd319b162f46798cff,not fixed; not saved,15.865044116973877,PASS,2026-09-05T10:27:28
dnn_oof_v1_fixed_5fold_10run_73configs,nuclear_receptor,Nuclear Receptor,30,MSCMF__ADASYN__80_20,ADASYN,MSCMF,ADASYN,80_20,80/20,6,5,1404,1314,90,0.9394586894586895,0.5609756097560976,0.25555555555555554,0.3511450381679389,0.8075342465753425,0.38128704297870625,b50b414d86b3f7607cfe2403ddfde53b0eb51d59c73788dd319b162f46798cff,not fixed; not saved,16.777243852615356,PASS,2026-09-05T10:32:29
dnn_oof_v1_fixed_5fold_10run_73configs,nuclear_receptor,Nuclear Receptor,30,MSCMF__ADASYN__80_20,ADASYN,MSCMF,ADASYN,80_20,80/20,7,5,1404,1314,90,0.9394586894586895,0.5609756097560976,0.25555555555555554,0.3511450381679389,0.7786994757314392,0.3646662194334183,b50b414d86b3f7607cfe2403ddfde53b0eb51d59c73788dd319b162f46798cff,not fixed; not saved,16.33321523666382,PASS,2026-09-05T10:37:29
dnn_oof_v1_fixed_5fold_10run_73configs,nuclear_receptor,Nuclear Receptor,30,MSCMF__ADASYN__80_20,ADASYN,MSCMF,ADASYN,80_20,80/20,8,5,1404,1314,90,0.9430199430199431,0.6388888888888888,0.25555555555555554,0.36507936507936506,0.7875190258751902,0.3807353104056645,b50b414d86b3f7607cfe2403ddfde53b0eb51d59c73788dd319b162f46798cff,not fixed; not saved,17.0477774143219,PASS,2026-09-05T10:42:30
dnn_oof_v1_fixed_5fold_10run_73configs,nuclear_receptor,Nuclear Receptor,30,MSCMF__ADASYN__80_20,ADASYN,MSCMF,ADASYN,80_20,80/20,9,5,1404,1314,90,0.9394586894586895,0.5609756097560976,0.25555555555555554,0.3511450381679389,0.7755200405885339,0.37540553411065364,b50b414d86b3f7607cfe2403ddfde53b0eb51d59c73788dd319b162f46798cff,not fixed; not saved,16.849321365356445,PASS,2026-09-05T10:47:31
dnn_oof_v1_fixed_5fold_10run_73configs,nuclear_receptor,Nuclear Receptor,30,MSCMF__ADASYN__80_20,ADASYN,MSCMF,ADASYN,80_20,80/20,10,5,1404,1314,90,0.9408831908831908,0.5897435897435898,0.25555555555555554,0.35658914728682173,0.771867072552004,0.3822467927266265,b50b414d86b3f7607cfe2403ddfde53b0eb51d59c73788dd319b162f46798cff,not fixed; not saved,15.9654221534729,PASS,2026-09-05T10:52:34
dnn_oof_v1_fixed_5fold_10run_73configs,nuclear_receptor,Nuclear Receptor,31,MSCMF__ADASYN__85_15,ADASYN,MSCMF,ADASYN,85_15,85/15,1,5,1404,1314,90,0.9401709401709402,0.5714285714285714,0.26666666666666666,0.36363636363636365,0.7903433113478775,0.3800521558217726,b50b414d86b3f7607cfe2403ddfde53b0eb51d59c73788dd319b162f46798cff,not fixed; not saved,15.3475980758667,PASS,2026-09-05T10:57:33
dnn_oof_v1_fixed_5fold_10run_73configs,nuclear_receptor,Nuclear Receptor,31,MSCMF__ADASYN__85_15,ADASYN,MSCMF,ADASYN,85_15,85/15,2,5,1404,1314,90,0.9430199430199431,0.6388888888888888,0.25555555555555554,0.36507936507936506,0.8017588364620327,0.38561150282997453,b50b414d86b3f7607cfe2403ddfde53b0eb51d59c73788dd319b162f46798cff,not fixed; not saved,17.005990743637085,PASS,2026-09-05T11:02:36
dnn_oof_v1_fixed_5fold_10run_73configs,nuclear_receptor,Nuclear Receptor,31,MSCMF__ADASYN__85_15,ADASYN,MSCMF,ADASYN,85_15,85/15,3,5,1404,1314,90,0.938034188034188,0.5365853658536586,0.24444444444444444,0.33587786259541985,0.7996194824961949,0.37607830926438346,b50b414d86b3f7607cfe2403ddfde53b0eb51d59c73788dd319b162f46798cff,not fixed; not saved,17.707276821136475,PASS,2026-09-05T11:07:39
dnn_oof_v1_fixed_5fold_10run_73configs,nuclear_receptor,Nuclear Receptor,31,MSCMF__ADASYN__85_15,ADASYN,MSCMF,ADASYN,85_15,85/15,4,5,1404,1314,90,0.9423076923076923,0.6153846153846154,0.26666666666666666,0.37209302325581395,0.8017672924065619,0.3809113157930083,b50b414d86b3f7607cfe2403ddfde53b0eb51d59c73788dd319b162f46798cff,not fixed; not saved,16.1689453125,PASS,2026-09-05T11:12:42
dnn_oof_v1_fixed_5fold_10run_73configs,nuclear_receptor,Nuclear Receptor,31,MSCMF__ADASYN__85_15,ADASYN,MSCMF,ADASYN,85_15,85/15,5,5,1404,1314,90,0.9415954415954416,0.6,0.26666666666666666,0.36923076923076925,0.7864958565871809,0.3750615807538648,b50b414d86b3f7607cfe2403ddfde53b0eb51d59c73788dd319b162f46798cff,not fixed; not saved,15.492754459381104,PASS,2026-09-05T11:17:44
dnn_oof_v1_fixed_5fold_10run_73configs,nuclear_receptor,Nuclear Receptor,31,MSCMF__ADASYN__85_15,ADASYN,MSCMF,ADASYN,85_15,85/15,6,5,1404,1314,90,0.9373219373219374,0.5208333333333334,0.2777777777777778,0.36231884057971014,0.784737020125148,0.3651697873610265,b50b414d86b3f7607cfe2403ddfde53b0eb51d59c73788dd319b162f46798cff,not fixed; not saved,15.409539222717285,PASS,2026-09-05T11:22:46
dnn_oof_v1_fixed_5fold_10run_73configs,nuclear_receptor,Nuclear Receptor,31,MSCMF__ADASYN__85_15,ADASYN,MSCMF,ADASYN,85_15,85/15,7,5,1404,1314,90,0.9408831908831908,0.5853658536585366,0.26666666666666666,0.366412213740458,0.7943260612210383,0.37329283661766194,b50b414d86b3f7607cfe2403ddfde53b0eb51d59c73788dd319b162f46798cff,not fixed; not saved,16.691564321517944,PASS,2026-09-05T11:27:50
dnn_oof_v1_fixed_5fold_10run_73configs,nuclear_receptor,Nuclear Receptor,31,MSCMF__ADASYN__85_15,ADASYN,MSCMF,ADASYN,85_15,85/15,8,5,1404,1314,90,0.9401709401709402,0.5714285714285714,0.26666666666666666,0.36363636363636365,0.7853204802976492,0.37570490157724845,b50b414d86b3f7607cfe2403ddfde53b0eb51d59c73788dd319b162f46798cff,not fixed; not saved,16.883518934249878,PASS,2026-09-05T11:32:51
dnn_oof_v1_fixed_5fold_10run_73configs,nuclear_receptor,Nuclear Receptor,31,MSCMF__ADASYN__85_15,ADASYN,MSCMF,ADASYN,85_15,85/15,9,5,1404,1314,90,0.9401709401709402,0.575,0.25555555555555554,0.35384615384615387,0.7990867579908676,0.38596609927150827,b50b414d86b3f7607cfe2403ddfde53b0eb51d59c73788dd319b162f46798cff,not fixed; not saved,16.50152087211609,PASS,2026-09-05T11:37:52
dnn_oof_v1_fixed_5fold_10run_73configs,nuclear_receptor,Nuclear Receptor,31,MSCMF__ADASYN__85_15,ADASYN,MSCMF,ADASYN,85_15,85/15,10,5,1404,1314,90,0.9401709401709402,0.5714285714285714,0.26666666666666666,0.36363636363636365,0.7962709284627093,0.3779224017048891,b50b414d86b3f7607cfe2403ddfde53b0eb51d59c73788dd319b162f46798cff,not fixed; not saved,16.67998957633972,PASS,2026-09-05T11:42:55
dnn_oof_v1_fixed_5fold_10run_73configs,nuclear_receptor,Nuclear Receptor,32,MSCMF__ADASYN__90_10,ADASYN,MSCMF,ADASYN,90_10,90/10,1,5,1404,1314,90,0.9373219373219374,0.5227272727272727,0.25555555555555554,0.34328358208955223,0.7941484863859294,0.3776940328806846,b50b414d86b3f7607cfe2403ddfde53b0eb51d59c73788dd319b162f46798cff,not fixed; not saved,15.77271580696106,PASS,2026-09-05T11:48:00
dnn_oof_v1_fixed_5fold_10run_73configs,nuclear_receptor,Nuclear Receptor,32,MSCMF__ADASYN__90_10,ADASYN,MSCMF,ADASYN,90_10,90/10,2,5,1404,1314,90,0.938034188034188,0.5365853658536586,0.24444444444444444,0.33587786259541985,0.799873160832065,0.36588164979791166,b50b414d86b3f7607cfe2403ddfde53b0eb51d59c73788dd319b162f46798cff,not fixed; not saved,15.310958623886108,PASS,2026-09-05T11:53:05
dnn_oof_v1_fixed_5fold_10run_73configs,nuclear_receptor,Nuclear Receptor,32,MSCMF__ADASYN__90_10,ADASYN,MSCMF,ADASYN,90_10,90/10,3,5,1404,1314,90,0.9366096866096866,0.5121951219512195,0.23333333333333334,0.32061068702290074,0.7912903771351261,0.36551480831182476,b50b414d86b3f7607cfe2403ddfde53b0eb51d59c73788dd319b162f46798cff,not fixed; not saved,15.000539541244507,PASS,2026-09-05T11:58:09
dnn_oof_v1_fixed_5fold_10run_73configs,nuclear_receptor,Nuclear Receptor,32,MSCMF__ADASYN__90_10,ADASYN,MSCMF,ADASYN,90_10,90/10,4,5,1404,1314,90,0.9415954415954416,0.6,0.26666666666666666,0.36923076923076925,0.8051073904955184,0.39017742818064954,b50b414d86b3f7607cfe2403ddfde53b0eb51d59c73788dd319b162f46798cff,not fixed; not saved,15.163458824157715,PASS,2026-09-05T12:03:12
dnn_oof_v1_fixed_5fold_10run_73configs,nuclear_receptor,Nuclear Receptor,32,MSCMF__ADASYN__90_10,ADASYN,MSCMF,ADASYN,90_10,90/10,5,5,1404,1314,90,0.9415954415954416,0.6,0.26666666666666666,0.36923076923076925,0.8010231692880095,0.37564248427884894,b50b414d86b3f7607cfe2403ddfde53b0eb51d59c73788dd319b162f46798cff,not fixed; not saved,15.685762643814087,PASS,2026-09-05T12:08:17
dnn_oof_v1_fixed_5fold_10run_73configs,nuclear_receptor,Nuclear Receptor,32,MSCMF__ADASYN__90_10,ADASYN,MSCMF,ADASYN,90_10,90/10,6,5,1404,1314,90,0.9408831908831908,0.5813953488372093,0.2777777777777778,0.37593984962406013,0.7872738034838491,0.374734062618725,b50b414d86b3f7607cfe2403ddfde53b0eb51d59c73788dd319b162f46798cff,not fixed; not saved,15.038002967834473,PASS,2026-09-05T12:13:21
dnn_oof_v1_fixed_5fold_10run_73configs,nuclear_receptor,Nuclear Receptor,32,MSCMF__ADASYN__90_10,ADASYN,MSCMF,ADASYN,90_10,90/10,7,5,1404,1314,90,0.9408831908831908,0.5853658536585366,0.26666666666666666,0.366412213740458,0.8000761035007611,0.379467087661604,b50b414d86b3f7607cfe2403ddfde53b0eb51d59c73788dd319b162f46798cff,not fixed; not saved,15.321406602859497,PASS,2026-09-05T12:18:23
dnn_oof_v1_fixed_5fold_10run_73configs,nuclear_receptor,Nuclear Receptor,32,MSCMF__ADASYN__90_10,ADASYN,MSCMF,ADASYN,90_10,90/10,8,5,1404,1314,90,0.9387464387464387,0.5454545454545454,0.26666666666666666,0.3582089552238806,0.7930323017081009,0.37348710858167755,b50b414d86b3f7607cfe2403ddfde53b0eb51d59c73788dd319b162f46798cff,not fixed; not saved,15.47451901435852,PASS,2026-09-05T12:23:26
dnn_oof_v1_fixed_5fold_10run_73configs,nuclear_receptor,Nuclear Receptor,32,MSCMF__ADASYN__90_10,ADASYN,MSCMF,ADASYN,90_10,90/10,9,5,1404,1314,90,0.9394586894586895,0.5641025641025641,0.24444444444444444,0.34108527131782945,0.8020294266869609,0.38110577661541806,b50b414d86b3f7607cfe2403ddfde53b0eb51d59c73788dd319b162f46798cff,not fixed; not saved,16.047339916229248,PASS,2026-09-05T12:28:33
dnn_oof_v1_fixed_5fold_10run_73configs,nuclear_receptor,Nuclear Receptor,32,MSCMF__ADASYN__90_10,ADASYN,MSCMF,ADASYN,90_10,90/10,10,5,1404,1314,90,0.9366096866096866,0.5111111111111111,0.25555555555555554,0.34074074074074073,0.8100202942668696,0.3688329717084456,b50b414d86b3f7607cfe2403ddfde53b0eb51d59c73788dd319b162f46798cff,not fixed; not saved,16.294053077697754,PASS,2026-09-05T12:33:40
dnn_oof_v1_fixed_5fold_10run_73configs,nuclear_receptor,Nuclear Receptor,33,MSCMF__LatentSampling__50_50,Latent Sampling,MSCMF,LatentSampling,50_50,50/50,1,5,1404,1314,90,0.9337606837606838,0.4745762711864407,0.3111111111111111,0.37583892617449666,0.8093353627600203,0.3749074563704324,b50b414d86b3f7607cfe2403ddfde53b0eb51d59c73788dd319b162f46798cff,not fixed; not saved,19.468308448791504,PASS,2026-09-05T12:38:50
dnn_oof_v1_fixed_5fold_10run_73configs,nuclear_receptor,Nuclear Receptor,33,MSCMF__LatentSampling__50_50,Latent Sampling,MSCMF,LatentSampling,50_50,50/50,2,5,1404,1314,90,0.9294871794871795,0.42857142857142855,0.3,0.35294117647058826,0.7699898528665652,0.332844213752964,b50b414d86b3f7607cfe2403ddfde53b0eb51d59c73788dd319b162f46798cff,not fixed; not saved,19.504805088043213,PASS,2026-09-05T12:44:03
dnn_oof_v1_fixed_5fold_10run_73configs,nuclear_receptor,Nuclear Receptor,33,MSCMF__LatentSampling__50_50,Latent Sampling,MSCMF,LatentSampling,50_50,50/50,3,5,1404,1314,90,0.9301994301994302,0.4375,0.3111111111111111,0.36363636363636365,0.7771435819381025,0.3500728938120308,b50b414d86b3f7607cfe2403ddfde53b0eb51d59c73788dd319b162f46798cff,not fixed; not saved,20.099262237548828,PASS,2026-09-05T12:49:14
dnn_oof_v1_fixed_5fold_10run_73configs,nuclear_receptor,Nuclear Receptor,33,MSCMF__LatentSampling__50_50,Latent Sampling,MSCMF,LatentSampling,50_50,50/50,4,5,1404,1314,90,0.9394586894586895,0.5490196078431373,0.3111111111111111,0.3971631205673759,0.7579020801623542,0.3488057157122275,b50b414d86b3f7607cfe2403ddfde53b0eb51d59c73788dd319b162f46798cff,not fixed; not saved,18.278464317321777,PASS,2026-09-05T12:54:25
dnn_oof_v1_fixed_5fold_10run_73configs,nuclear_receptor,Nuclear Receptor,33,MSCMF__LatentSampling__50_50,Latent Sampling,MSCMF,LatentSampling,50_50,50/50,5,5,1404,1314,90,0.9337606837606838,0.4745762711864407,0.3111111111111111,0.37583892617449666,0.7922205310333165,0.3595667560636256,b50b414d86b3f7607cfe2403ddfde53b0eb51d59c73788dd319b162f46798cff,not fixed; not saved,21.186559438705444,PASS,2026-09-05T12:59:37
dnn_oof_v1_fixed_5fold_10run_73configs,nuclear_receptor,Nuclear Receptor,33,MSCMF__LatentSampling__50_50,Latent Sampling,MSCMF,LatentSampling,50_50,50/50,6,5,1404,1314,90,0.9316239316239316,0.45161290322580644,0.3111111111111111,0.3684210526315789,0.793784880771182,0.3458993291179534,b50b414d86b3f7607cfe2403ddfde53b0eb51d59c73788dd319b162f46798cff,not fixed; not saved,20.615318536758423,PASS,2026-09-05T13:04:49
dnn_oof_v1_fixed_5fold_10run_73configs,nuclear_receptor,Nuclear Receptor,33,MSCMF__LatentSampling__50_50,Latent Sampling,MSCMF,LatentSampling,50_50,50/50,7,5,1404,1314,90,0.9309116809116809,0.4461538461538462,0.32222222222222224,0.3741935483870968,0.8339844410620666,0.36662795950911375,b50b414d86b3f7607cfe2403ddfde53b0eb51d59c73788dd319b162f46798cff,not fixed; not saved,18.00257968902588,PASS,2026-09-05T13:10:02
dnn_oof_v1_fixed_5fold_10run_73configs,nuclear_receptor,Nuclear Receptor,33,MSCMF__LatentSampling__50_50,Latent Sampling,MSCMF,LatentSampling,50_50,50/50,8,5,1404,1314,90,0.9337606837606838,0.4716981132075472,0.2777777777777778,0.34965034965034963,0.7876670049044479,0.3538381796963412,b50b414d86b3f7607cfe2403ddfde53b0eb51d59c73788dd319b162f46798cff,not fixed; not saved,18.51567554473877,PASS,2026-09-05T13:15:14
dnn_oof_v1_fixed_5fold_10run_73configs,nuclear_receptor,Nuclear Receptor,33,MSCMF__LatentSampling__50_50,Latent Sampling,MSCMF,LatentSampling,50_50,50/50,9,5,1404,1314,90,0.9344729344729344,0.4807692307692308,0.2777777777777778,0.352112676056338,0.8116100118383223,0.3681303744723685,b50b414d86b3f7607cfe2403ddfde53b0eb51d59c73788dd319b162f46798cff,not fixed; not saved,18.78961730003357,PASS,2026-09-05T13:20:29
dnn_oof_v1_fixed_5fold_10run_73configs,nuclear_receptor,Nuclear Receptor,33,MSCMF__LatentSampling__50_50,Latent Sampling,MSCMF,LatentSampling,50_50,50/50,10,5,1404,1314,90,0.9323361823361823,0.4603174603174603,0.32222222222222224,0.3790849673202614,0.8067140199560292,0.37205486168798324,b50b414d86b3f7607cfe2403ddfde53b0eb51d59c73788dd319b162f46798cff,not fixed; not saved,19.796545267105103,PASS,2026-09-05T13:25:44
dnn_oof_v1_fixed_5fold_10run_73configs,nuclear_receptor,Nuclear Receptor,34,MSCMF__LatentSampling__80_20,Latent Sampling,MSCMF,LatentSampling,80_20,80/20,1,5,1404,1314,90,0.9294871794871795,0.4262295081967213,0.28888888888888886,0.3443708609271523,0.7985032978183664,0.3687062676567268,b50b414d86b3f7607cfe2403ddfde53b0eb51d59c73788dd319b162f46798cff,not fixed; not saved,15.872113466262817,PASS,2026-09-05T13:30:53
dnn_oof_v1_fixed_5fold_10run_73configs,nuclear_receptor,Nuclear Receptor,34,MSCMF__LatentSampling__80_20,Latent Sampling,MSCMF,LatentSampling,80_20,80/20,2,5,1404,1314,90,0.9316239316239316,0.45161290322580644,0.3111111111111111,0.3684210526315789,0.7945374598342635,0.36168270164764915,b50b414d86b3f7607cfe2403ddfde53b0eb51d59c73788dd319b162f46798cff,not fixed; not saved,15.511631965637207,PASS,2026-09-05T13:36:05
dnn_oof_v1_fixed_5fold_10run_73configs,nuclear_receptor,Nuclear Receptor,34,MSCMF__LatentSampling__80_20,Latent Sampling,MSCMF,LatentSampling,80_20,80/20,3,5,1404,1314,90,0.9309116809116809,0.4426229508196721,0.3,0.3576158940397351,0.7948418738373078,0.3648054512152529,b50b414d86b3f7607cfe2403ddfde53b0eb51d59c73788dd319b162f46798cff,not fixed; not saved,18.305012941360474,PASS,2026-09-05T13:41:16
dnn_oof_v1_fixed_5fold_10run_73configs,nuclear_receptor,Nuclear Receptor,34,MSCMF__LatentSampling__80_20,Latent Sampling,MSCMF,LatentSampling,80_20,80/20,4,5,1404,1314,90,0.9323361823361823,0.4528301886792453,0.26666666666666666,0.3356643356643357,0.7955859969558601,0.3626592096024857,b50b414d86b3f7607cfe2403ddfde53b0eb51d59c73788dd319b162f46798cff,not fixed; not saved,17.35888695716858,PASS,2026-09-05T13:46:25
dnn_oof_v1_fixed_5fold_10run_73configs,nuclear_receptor,Nuclear Receptor,34,MSCMF__LatentSampling__80_20,Latent Sampling,MSCMF,LatentSampling,80_20,80/20,5,5,1404,1314,90,0.9358974358974359,0.5,0.3,0.375,0.7978437341451041,0.3765121562953318,b50b414d86b3f7607cfe2403ddfde53b0eb51d59c73788dd319b162f46798cff,not fixed; not saved,17.64859938621521,PASS,2026-09-05T13:51:38
dnn_oof_v1_fixed_5fold_10run_73configs,nuclear_receptor,Nuclear Receptor,34,MSCMF__LatentSampling__80_20,Latent Sampling,MSCMF,LatentSampling,80_20,80/20,6,5,1404,1314,90,0.9323361823361823,0.4576271186440678,0.3,0.3624161073825503,0.7909775071875528,0.3580853823183908,b50b414d86b3f7607cfe2403ddfde53b0eb51d59c73788dd319b162f46798cff,not fixed; not saved,15.262708902359009,PASS,2026-09-05T13:56:51
dnn_oof_v1_fixed_5fold_10run_73configs,nuclear_receptor,Nuclear Receptor,34,MSCMF__LatentSampling__80_20,Latent Sampling,MSCMF,LatentSampling,80_20,80/20,7,5,1404,1314,90,0.9330484330484331,0.46551724137931033,0.3,0.36486486486486486,0.7704887535937763,0.35869020929259876,b50b414d86b3f7607cfe2403ddfde53b0eb51d59c73788dd319b162f46798cff,not fixed; not saved,17.35218906402588,PASS,2026-09-05T14:02:06
dnn_oof_v1_fixed_5fold_10run_73configs,nuclear_receptor,Nuclear Receptor,34,MSCMF__LatentSampling__80_20,Latent Sampling,MSCMF,LatentSampling,80_20,80/20,8,5,1404,1314,90,0.9330484330484331,0.46153846153846156,0.26666666666666666,0.3380281690140845,0.8034500253678336,0.3466976181244373,b50b414d86b3f7607cfe2403ddfde53b0eb51d59c73788dd319b162f46798cff,not fixed; not saved,18.881911039352417,PASS,2026-09-05T14:07:21
dnn_oof_v1_fixed_5fold_10run_73configs,nuclear_receptor,Nuclear Receptor,34,MSCMF__LatentSampling__80_20,Latent Sampling,MSCMF,LatentSampling,80_20,80/20,9,5,1404,1314,90,0.9309116809116809,0.4339622641509434,0.25555555555555554,0.32167832167832167,0.7727380348384915,0.32074679171730397,b50b414d86b3f7607cfe2403ddfde53b0eb51d59c73788dd319b162f46798cff,not fixed; not saved,15.89272403717041,PASS,2026-09-05T14:12:36
dnn_oof_v1_fixed_5fold_10run_73configs,nuclear_receptor,Nuclear Receptor,34,MSCMF__LatentSampling__80_20,Latent Sampling,MSCMF,LatentSampling,80_20,80/20,10,5,1404,1314,90,0.9309116809116809,0.4444444444444444,0.3111111111111111,0.3660130718954248,0.7843142228986978,0.3583644357464242,b50b414d86b3f7607cfe2403ddfde53b0eb51d59c73788dd319b162f46798cff,not fixed; not saved,15.944747686386108,PASS,2026-09-05T14:17:52
dnn_oof_v1_fixed_5fold_10run_73configs,nuclear_receptor,Nuclear Receptor,35,MSCMF__LatentSampling__85_15,Latent Sampling,MSCMF,LatentSampling,85_15,85/15,1,5,1404,1314,90,0.9366096866096866,0.5111111111111111,0.25555555555555554,0.34074074074074073,0.7944106206663285,0.37449605052381635,b50b414d86b3f7607cfe2403ddfde53b0eb51d59c73788dd319b162f46798cff,not fixed; not saved,15.49766206741333,PASS,2026-09-05T14:23:06
dnn_oof_v1_fixed_5fold_10run_73configs,nuclear_receptor,Nuclear Receptor,35,MSCMF__LatentSampling__85_15,Latent Sampling,MSCMF,LatentSampling,85_15,85/15,2,5,1404,1314,90,0.9358974358974359,0.5,0.3,0.375,0.7872484356502621,0.3523741301289542,b50b414d86b3f7607cfe2403ddfde53b0eb51d59c73788dd319b162f46798cff,not fixed; not saved,14.9499831199646,PASS,2026-09-05T14:28:16
dnn_oof_v1_fixed_5fold_10run_73configs,nuclear_receptor,Nuclear Receptor,35,MSCMF__LatentSampling__85_15,Latent Sampling,MSCMF,LatentSampling,85_15,85/15,3,5,1404,1314,90,0.9344729344729344,0.4791666666666667,0.25555555555555554,0.3333333333333333,0.8061643835616439,0.3512874403203195,b50b414d86b3f7607cfe2403ddfde53b0eb51d59c73788dd319b162f46798cff,not fixed; not saved,17.67203640937805,PASS,2026-09-05T14:33:30
dnn_oof_v1_fixed_5fold_10run_73configs,nuclear_receptor,Nuclear Receptor,35,MSCMF__LatentSampling__85_15,Latent Sampling,MSCMF,LatentSampling,85_15,85/15,4,5,1404,1314,90,0.9323361823361823,0.4576271186440678,0.3,0.3624161073825503,0.7648570945374599,0.33182555796019875,b50b414d86b3f7607cfe2403ddfde53b0eb51d59c73788dd319b162f46798cff,not fixed; not saved,15.055046796798706,PASS,2026-09-05T14:38:47
dnn_oof_v1_fixed_5fold_10run_73configs,nuclear_receptor,Nuclear Receptor,35,MSCMF__LatentSampling__85_15,Latent Sampling,MSCMF,LatentSampling,85_15,85/15,5,5,1404,1314,90,0.9366096866096866,0.5094339622641509,0.3,0.3776223776223776,0.7689328598004398,0.3468643318613349,b50b414d86b3f7607cfe2403ddfde53b0eb51d59c73788dd319b162f46798cff,not fixed; not saved,16.141912698745728,PASS,2026-09-05T14:44:05
dnn_oof_v1_fixed_5fold_10run_73configs,nuclear_receptor,Nuclear Receptor,35,MSCMF__LatentSampling__85_15,Latent Sampling,MSCMF,LatentSampling,85_15,85/15,6,5,1404,1314,90,0.9351851851851852,0.49019607843137253,0.2777777777777778,0.3546099290780142,0.7914679519702351,0.3537650902945126,b50b414d86b3f7607cfe2403ddfde53b0eb51d59c73788dd319b162f46798cff,not fixed; not saved,16.6780788898468,PASS,2026-09-05T14:49:20
dnn_oof_v1_fixed_5fold_10run_73configs,nuclear_receptor,Nuclear Receptor,35,MSCMF__LatentSampling__85_15,Latent Sampling,MSCMF,LatentSampling,85_15,85/15,7,5,1404,1314,90,0.9358974358974359,0.5,0.2777777777777778,0.35714285714285715,0.7915525114155251,0.3729354735421966,b50b414d86b3f7607cfe2403ddfde53b0eb51d59c73788dd319b162f46798cff,not fixed; not saved,15.329900741577148,PASS,2026-09-05T14:54:37
dnn_oof_v1_fixed_5fold_10run_73configs,nuclear_receptor,Nuclear Receptor,35,MSCMF__LatentSampling__85_15,Latent Sampling,MSCMF,LatentSampling,85_15,85/15,8,5,1404,1314,90,0.9366096866096866,0.5098039215686274,0.28888888888888886,0.36879432624113473,0.8098300355149671,0.3795066070038708,b50b414d86b3f7607cfe2403ddfde53b0eb51d59c73788dd319b162f46798cff,not fixed; not saved,15.543270587921143,PASS,2026-09-05T14:59:54
dnn_oof_v1_fixed_5fold_10run_73configs,nuclear_receptor,Nuclear Receptor,35,MSCMF__LatentSampling__85_15,Latent Sampling,MSCMF,LatentSampling,85_15,85/15,9,5,1404,1314,90,0.9366096866096866,0.5098039215686274,0.28888888888888886,0.36879432624113473,0.7859631320818535,0.35951497908693475,b50b414d86b3f7607cfe2403ddfde53b0eb51d59c73788dd319b162f46798cff,not fixed; not saved,16.203140258789062,PASS,2026-09-05T15:05:08
dnn_oof_v1_fixed_5fold_10run_73configs,nuclear_receptor,Nuclear Receptor,35,MSCMF__LatentSampling__85_15,Latent Sampling,MSCMF,LatentSampling,85_15,85/15,10,5,1404,1314,90,0.9358974358974359,0.5,0.2777777777777778,0.35714285714285715,0.7850245222391342,0.37196980955048786,b50b414d86b3f7607cfe2403ddfde53b0eb51d59c73788dd319b162f46798cff,not fixed; not saved,15.578186988830566,PASS,2026-09-05T15:10:22
dnn_oof_v1_fixed_5fold_10run_73configs,nuclear_receptor,Nuclear Receptor,36,MSCMF__LatentSampling__90_10,Latent Sampling,MSCMF,LatentSampling,90_10,90/10,1,5,1404,1314,90,0.9387464387464387,0.5416666666666666,0.28888888888888886,0.37681159420289856,0.7829020801623541,0.36404867851281536,b50b414d86b3f7607cfe2403ddfde53b0eb51d59c73788dd319b162f46798cff,not fixed; not saved,15.517163276672363,PASS,2026-09-05T15:15:36
dnn_oof_v1_fixed_5fold_10run_73configs,nuclear_receptor,Nuclear Receptor,36,MSCMF__LatentSampling__90_10,Latent Sampling,MSCMF,LatentSampling,90_10,90/10,2,5,1404,1314,90,0.9344729344729344,0.4807692307692308,0.2777777777777778,0.352112676056338,0.7742601048537121,0.3513566422954595,b50b414d86b3f7607cfe2403ddfde53b0eb51d59c73788dd319b162f46798cff,not fixed; not saved,16.10104012489319,PASS,2026-09-05T15:20:53
dnn_oof_v1_fixed_5fold_10run_73configs,nuclear_receptor,Nuclear Receptor,36,MSCMF__LatentSampling__90_10,Latent Sampling,MSCMF,LatentSampling,90_10,90/10,3,5,1404,1314,90,0.9401709401709402,0.5625,0.3,0.391304347826087,0.7806105191949941,0.3671324292031138,b50b414d86b3f7607cfe2403ddfde53b0eb51d59c73788dd319b162f46798cff,not fixed; not saved,16.39362359046936,PASS,2026-09-05T15:26:10
dnn_oof_v1_fixed_5fold_10run_73configs,nuclear_receptor,Nuclear Receptor,36,MSCMF__LatentSampling__90_10,Latent Sampling,MSCMF,LatentSampling,90_10,90/10,4,5,1404,1314,90,0.9323361823361823,0.4528301886792453,0.26666666666666666,0.3356643356643357,0.7986555048198885,0.36181969919592827,b50b414d86b3f7607cfe2403ddfde53b0eb51d59c73788dd319b162f46798cff,not fixed; not saved,15.745969533920288,PASS,2026-09-05T15:31:26
dnn_oof_v1_fixed_5fold_10run_73configs,nuclear_receptor,Nuclear Receptor,36,MSCMF__LatentSampling__90_10,Latent Sampling,MSCMF,LatentSampling,90_10,90/10,5,5,1404,1314,90,0.9358974358974359,0.5,0.28888888888888886,0.36619718309859156,0.8069423304583122,0.38147240567788965,b50b414d86b3f7607cfe2403ddfde53b0eb51d59c73788dd319b162f46798cff,not fixed; not saved,16.395373582839966,PASS,2026-09-05T15:36:41
dnn_oof_v1_fixed_5fold_10run_73configs,nuclear_receptor,Nuclear Receptor,36,MSCMF__LatentSampling__90_10,Latent Sampling,MSCMF,LatentSampling,90_10,90/10,6,5,1404,1314,90,0.9337606837606838,0.4745762711864407,0.3111111111111111,0.37583892617449666,0.7957466599019111,0.3600364421441988,b50b414d86b3f7607cfe2403ddfde53b0eb51d59c73788dd319b162f46798cff,not fixed; not saved,15.744547605514526,PASS,2026-09-05T15:41:58
dnn_oof_v1_fixed_5fold_10run_73configs,nuclear_receptor,Nuclear Receptor,36,MSCMF__LatentSampling__90_10,Latent Sampling,MSCMF,LatentSampling,90_10,90/10,7,5,1404,1314,90,0.9366096866096866,0.5106382978723404,0.26666666666666666,0.35036496350364965,0.8056654828344325,0.37240292241914286,b50b414d86b3f7607cfe2403ddfde53b0eb51d59c73788dd319b162f46798cff,not fixed; not saved,15.371716260910034,PASS,2026-09-05T15:47:15
dnn_oof_v1_fixed_5fold_10run_73configs,nuclear_receptor,Nuclear Receptor,36,MSCMF__LatentSampling__90_10,Latent Sampling,MSCMF,LatentSampling,90_10,90/10,8,5,1404,1314,90,0.9394586894586895,0.5555555555555556,0.2777777777777778,0.37037037037037035,0.7839167935058347,0.3737786502249211,b50b414d86b3f7607cfe2403ddfde53b0eb51d59c73788dd319b162f46798cff,not fixed; not saved,15.947874546051025,PASS,2026-09-05T15:52:31
dnn_oof_v1_fixed_5fold_10run_73configs,nuclear_receptor,Nuclear Receptor,36,MSCMF__LatentSampling__90_10,Latent Sampling,MSCMF,LatentSampling,90_10,90/10,9,5,1404,1314,90,0.9344729344729344,0.48214285714285715,0.3,0.3698630136986301,0.8061390157280569,0.37374688306173115,b50b414d86b3f7607cfe2403ddfde53b0eb51d59c73788dd319b162f46798cff,not fixed; not saved,15.522653818130493,PASS,2026-09-05T15:57:48
dnn_oof_v1_fixed_5fold_10run_73configs,nuclear_receptor,Nuclear Receptor,36,MSCMF__LatentSampling__90_10,Latent Sampling,MSCMF,LatentSampling,90_10,90/10,10,5,1404,1314,90,0.938034188034188,0.5319148936170213,0.2777777777777778,0.36496350364963503,0.806849315068493,0.3582702664285593,b50b414d86b3f7607cfe2403ddfde53b0eb51d59c73788dd319b162f46798cff,not fixed; not saved,15.138497829437256,PASS,2026-09-05T16:03:11
dnn_oof_v1_fixed_5fold_10run_73configs,nuclear_receptor,Nuclear Receptor,37,MSCMF__NoiseInjection__50_50,Noise Injection,MSCMF,NoiseInjection,50_50,50/50,1,5,1404,1314,90,0.9316239316239316,0.4444444444444444,0.26666666666666666,0.3333333333333333,0.80653644512092,0.37115754865138567,b50b414d86b3f7607cfe2403ddfde53b0eb51d59c73788dd319b162f46798cff,not fixed; not saved,20.404146194458008,PASS,2026-09-05T16:08:35
dnn_oof_v1_fixed_5fold_10run_73configs,nuclear_receptor,Nuclear Receptor,37,MSCMF__NoiseInjection__50_50,Noise Injection,MSCMF,NoiseInjection,50_50,50/50,2,5,1404,1314,90,0.9351851851851852,0.49019607843137253,0.2777777777777778,0.3546099290780142,0.8121511922881787,0.3971813917384806,b50b414d86b3f7607cfe2403ddfde53b0eb51d59c73788dd319b162f46798cff,not fixed; not saved,18.821184873580933,PASS,2026-09-05T16:13:54
dnn_oof_v1_fixed_5fold_10run_73configs,nuclear_receptor,Nuclear Receptor,37,MSCMF__NoiseInjection__50_50,Noise Injection,MSCMF,NoiseInjection,50_50,50/50,3,5,1404,1314,90,0.9366096866096866,0.5102040816326531,0.2777777777777778,0.3597122302158273,0.8234737020125149,0.38595710412722234,b50b414d86b3f7607cfe2403ddfde53b0eb51d59c73788dd319b162f46798cff,not fixed; not saved,18.292383909225464,PASS,2026-09-05T16:19:17
dnn_oof_v1_fixed_5fold_10run_73configs,nuclear_receptor,Nuclear Receptor,37,MSCMF__NoiseInjection__50_50,Noise Injection,MSCMF,NoiseInjection,50_50,50/50,4,5,1404,1314,90,0.9373219373219374,0.5208333333333334,0.2777777777777778,0.36231884057971014,0.8047945205479452,0.38530379619689736,b50b414d86b3f7607cfe2403ddfde53b0eb51d59c73788dd319b162f46798cff,not fixed; not saved,20.608124017715454,PASS,2026-09-05T16:24:41
dnn_oof_v1_fixed_5fold_10run_73configs,nuclear_receptor,Nuclear Receptor,37,MSCMF__NoiseInjection__50_50,Noise Injection,MSCMF,NoiseInjection,50_50,50/50,5,5,1404,1314,90,0.9366096866096866,0.5098039215686274,0.28888888888888886,0.36879432624113473,0.8340267207847116,0.40559577369800665,b50b414d86b3f7607cfe2403ddfde53b0eb51d59c73788dd319b162f46798cff,not fixed; not saved,21.101804971694946,PASS,2026-09-05T16:30:03
dnn_oof_v1_fixed_5fold_10run_73configs,nuclear_receptor,Nuclear Receptor,37,MSCMF__NoiseInjection__50_50,Noise Injection,MSCMF,NoiseInjection,50_50,50/50,6,5,1404,1314,90,0.9373219373219374,0.52,0.28888888888888886,0.37142857142857144,0.8010908168442414,0.3809596249219658,b50b414d86b3f7607cfe2403ddfde53b0eb51d59c73788dd319b162f46798cff,not fixed; not saved,19.180479526519775,PASS,2026-09-05T16:35:27
dnn_oof_v1_fixed_5fold_10run_73configs,nuclear_receptor,Nuclear Receptor,37,MSCMF__NoiseInjection__50_50,Noise Injection,MSCMF,NoiseInjection,50_50,50/50,7,5,1404,1314,90,0.9373219373219374,0.5208333333333334,0.2777777777777778,0.36231884057971014,0.7972179942499578,0.37732421592347215,b50b414d86b3f7607cfe2403ddfde53b0eb51d59c73788dd319b162f46798cff,not fixed; not saved,19.382421493530273,PASS,2026-09-05T16:40:54
dnn_oof_v1_fixed_5fold_10run_73configs,nuclear_receptor,Nuclear Receptor,37,MSCMF__NoiseInjection__50_50,Noise Injection,MSCMF,NoiseInjection,50_50,50/50,8,5,1404,1314,90,0.938034188034188,0.5306122448979592,0.28888888888888886,0.37410071942446044,0.8063335024522239,0.37851854582950156,b50b414d86b3f7607cfe2403ddfde53b0eb51d59c73788dd319b162f46798cff,not fixed; not saved,19.821247816085815,PASS,2026-09-05T16:46:19
dnn_oof_v1_fixed_5fold_10run_73configs,nuclear_receptor,Nuclear Receptor,37,MSCMF__NoiseInjection__50_50,Noise Injection,MSCMF,NoiseInjection,50_50,50/50,9,5,1404,1314,90,0.9366096866096866,0.5102040816326531,0.2777777777777778,0.3597122302158273,0.8146118721461186,0.387835719721427,b50b414d86b3f7607cfe2403ddfde53b0eb51d59c73788dd319b162f46798cff,not fixed; not saved,19.070335865020752,PASS,2026-09-05T16:51:48
dnn_oof_v1_fixed_5fold_10run_73configs,nuclear_receptor,Nuclear Receptor,37,MSCMF__NoiseInjection__50_50,Noise Injection,MSCMF,NoiseInjection,50_50,50/50,10,5,1404,1314,90,0.938034188034188,0.5306122448979592,0.28888888888888886,0.37410071942446044,0.8014290546254017,0.39496289001895624,b50b414d86b3f7607cfe2403ddfde53b0eb51d59c73788dd319b162f46798cff,not fixed; not saved,20.0042986869812,PASS,2026-09-05T16:57:12
dnn_oof_v1_fixed_5fold_10run_73configs,nuclear_receptor,Nuclear Receptor,38,MSCMF__NoiseInjection__80_20,Noise Injection,MSCMF,NoiseInjection,80_20,80/20,1,5,1404,1314,90,0.9401709401709402,0.5714285714285714,0.26666666666666666,0.36363636363636365,0.7909352274649079,0.37598289906265386,b50b414d86b3f7607cfe2403ddfde53b0eb51d59c73788dd319b162f46798cff,not fixed; not saved,16.17682671546936,PASS,2026-09-05T17:02:31
dnn_oof_v1_fixed_5fold_10run_73configs,nuclear_receptor,Nuclear Receptor,38,MSCMF__NoiseInjection__80_20,Noise Injection,MSCMF,NoiseInjection,80_20,80/20,2,5,1404,1314,90,0.9387464387464387,0.55,0.24444444444444444,0.3384615384615385,0.8118890580077796,0.3859797645371534,b50b414d86b3f7607cfe2403ddfde53b0eb51d59c73788dd319b162f46798cff,not fixed; not saved,15.64975357055664,PASS,2026-09-05T17:07:52
dnn_oof_v1_fixed_5fold_10run_73configs,nuclear_receptor,Nuclear Receptor,38,MSCMF__NoiseInjection__80_20,Noise Injection,MSCMF,NoiseInjection,80_20,80/20,3,5,1404,1314,90,0.9415954415954416,0.5909090909090909,0.28888888888888886,0.3880597014925373,0.8055724674446136,0.3891036363042009,b50b414d86b3f7607cfe2403ddfde53b0eb51d59c73788dd319b162f46798cff,not fixed; not saved,16.620775938034058,PASS,2026-09-05T17:13:17
dnn_oof_v1_fixed_5fold_10run_73configs,nuclear_receptor,Nuclear Receptor,38,MSCMF__NoiseInjection__80_20,Noise Injection,MSCMF,NoiseInjection,80_20,80/20,4,5,1404,1314,90,0.9344729344729344,0.4807692307692308,0.2777777777777778,0.352112676056338,0.7911466260781329,0.3696311690447486,b50b414d86b3f7607cfe2403ddfde53b0eb51d59c73788dd319b162f46798cff,not fixed; not saved,17.826505184173584,PASS,2026-09-05T17:18:41
dnn_oof_v1_fixed_5fold_10run_73configs,nuclear_receptor,Nuclear Receptor,38,MSCMF__NoiseInjection__80_20,Noise Injection,MSCMF,NoiseInjection,80_20,80/20,5,5,1404,1314,90,0.938034188034188,0.5306122448979592,0.28888888888888886,0.37410071942446044,0.8070860815153053,0.3888302898041359,b50b414d86b3f7607cfe2403ddfde53b0eb51d59c73788dd319b162f46798cff,not fixed; not saved,18.33639621734619,PASS,2026-09-05T17:24:05
dnn_oof_v1_fixed_5fold_10run_73configs,nuclear_receptor,Nuclear Receptor,38,MSCMF__NoiseInjection__80_20,Noise Injection,MSCMF,NoiseInjection,80_20,80/20,6,5,1404,1314,90,0.9394586894586895,0.5609756097560976,0.25555555555555554,0.3511450381679389,0.8149585658718079,0.35209872133442927,b50b414d86b3f7607cfe2403ddfde53b0eb51d59c73788dd319b162f46798cff,not fixed; not saved,16.657588958740234,PASS,2026-09-05T17:29:30
dnn_oof_v1_fixed_5fold_10run_73configs,nuclear_receptor,Nuclear Receptor,38,MSCMF__NoiseInjection__80_20,Noise Injection,MSCMF,NoiseInjection,80_20,80/20,7,5,1404,1314,90,0.9401709401709402,0.575,0.25555555555555554,0.35384615384615387,0.7949602570607136,0.38310055955142996,b50b414d86b3f7607cfe2403ddfde53b0eb51d59c73788dd319b162f46798cff,not fixed; not saved,16.913506746292114,PASS,2026-09-05T17:34:55
dnn_oof_v1_fixed_5fold_10run_73configs,nuclear_receptor,Nuclear Receptor,38,MSCMF__NoiseInjection__80_20,Noise Injection,MSCMF,NoiseInjection,80_20,80/20,8,5,1404,1314,90,0.9373219373219374,0.5208333333333334,0.2777777777777778,0.36231884057971014,0.793573482157957,0.3755337418807382,b50b414d86b3f7607cfe2403ddfde53b0eb51d59c73788dd319b162f46798cff,not fixed; not saved,16.03424334526062,PASS,2026-09-05T17:40:19
dnn_oof_v1_fixed_5fold_10run_73configs,nuclear_receptor,Nuclear Receptor,38,MSCMF__NoiseInjection__80_20,Noise Injection,MSCMF,NoiseInjection,80_20,80/20,9,5,1404,1314,90,0.9394586894586895,0.5555555555555556,0.2777777777777778,0.37037037037037035,0.7944106206663285,0.3787874057975914,b50b414d86b3f7607cfe2403ddfde53b0eb51d59c73788dd319b162f46798cff,not fixed; not saved,15.897797584533691,PASS,2026-09-05T17:45:46
dnn_oof_v1_fixed_5fold_10run_73configs,nuclear_receptor,Nuclear Receptor,38,MSCMF__NoiseInjection__80_20,Noise Injection,MSCMF,NoiseInjection,80_20,80/20,10,5,1404,1314,90,0.9423076923076923,0.6216216216216216,0.25555555555555554,0.36220472440944884,0.793556570268899,0.3837630082438572,b50b414d86b3f7607cfe2403ddfde53b0eb51d59c73788dd319b162f46798cff,not fixed; not saved,15.365551471710205,PASS,2026-09-05T17:51:13
dnn_oof_v1_fixed_5fold_10run_73configs,nuclear_receptor,Nuclear Receptor,39,MSCMF__NoiseInjection__85_15,Noise Injection,MSCMF,NoiseInjection,85_15,85/15,1,5,1404,1314,90,0.9408831908831908,0.5853658536585366,0.26666666666666666,0.366412213740458,0.7790377135125994,0.36708198812330467,b50b414d86b3f7607cfe2403ddfde53b0eb51d59c73788dd319b162f46798cff,not fixed; not saved,16.109084129333496,PASS,2026-09-05T17:56:41
dnn_oof_v1_fixed_5fold_10run_73configs,nuclear_receptor,Nuclear Receptor,39,MSCMF__NoiseInjection__85_15,Noise Injection,MSCMF,NoiseInjection,85_15,85/15,2,5,1404,1314,90,0.9415954415954416,0.6,0.26666666666666666,0.36923076923076925,0.7861998985286656,0.3896292813630972,b50b414d86b3f7607cfe2403ddfde53b0eb51d59c73788dd319b162f46798cff,not fixed; not saved,17.654194116592407,PASS,2026-09-05T18:02:08
dnn_oof_v1_fixed_5fold_10run_73configs,nuclear_receptor,Nuclear Receptor,39,MSCMF__NoiseInjection__85_15,Noise Injection,MSCMF,NoiseInjection,85_15,85/15,3,5,1404,1314,90,0.9387464387464387,0.5454545454545454,0.26666666666666666,0.3582089552238806,0.7864535768645359,0.389270576892065,b50b414d86b3f7607cfe2403ddfde53b0eb51d59c73788dd319b162f46798cff,not fixed; not saved,15.109149694442749,PASS,2026-09-05T18:07:39
dnn_oof_v1_fixed_5fold_10run_73configs,nuclear_receptor,Nuclear Receptor,39,MSCMF__NoiseInjection__85_15,Noise Injection,MSCMF,NoiseInjection,85_15,85/15,4,5,1404,1314,90,0.9401709401709402,0.5714285714285714,0.26666666666666666,0.36363636363636365,0.8107644173854219,0.3866793881416055,b50b414d86b3f7607cfe2403ddfde53b0eb51d59c73788dd319b162f46798cff,not fixed; not saved,15.312333345413208,PASS,2026-09-05T18:13:08
dnn_oof_v1_fixed_5fold_10run_73configs,nuclear_receptor,Nuclear Receptor,39,MSCMF__NoiseInjection__85_15,Noise Injection,MSCMF,NoiseInjection,85_15,85/15,5,5,1404,1314,90,0.9401709401709402,0.5714285714285714,0.26666666666666666,0.36363636363636365,0.8090140368679183,0.379642690704223,b50b414d86b3f7607cfe2403ddfde53b0eb51d59c73788dd319b162f46798cff,not fixed; not saved,14.773809671401978,PASS,2026-09-05T18:18:34
dnn_oof_v1_fixed_5fold_10run_73configs,nuclear_receptor,Nuclear Receptor,39,MSCMF__NoiseInjection__85_15,Noise Injection,MSCMF,NoiseInjection,85_15,85/15,6,5,1404,1314,90,0.938034188034188,0.5348837209302325,0.25555555555555554,0.3458646616541353,0.8119567055640114,0.3915080559062834,b50b414d86b3f7607cfe2403ddfde53b0eb51d59c73788dd319b162f46798cff,not fixed; not saved,16.727247953414917,PASS,2026-09-05T18:24:03
dnn_oof_v1_fixed_5fold_10run_73configs,nuclear_receptor,Nuclear Receptor,39,MSCMF__NoiseInjection__85_15,Noise Injection,MSCMF,NoiseInjection,85_15,85/15,7,5,1404,1314,90,0.9344729344729344,0.4807692307692308,0.2777777777777778,0.352112676056338,0.8013698630136987,0.3640013394723995,b50b414d86b3f7607cfe2403ddfde53b0eb51d59c73788dd319b162f46798cff,not fixed; not saved,16.27104425430298,PASS,2026-09-05T18:29:32
dnn_oof_v1_fixed_5fold_10run_73configs,nuclear_receptor,Nuclear Receptor,39,MSCMF__NoiseInjection__85_15,Noise Injection,MSCMF,NoiseInjection,85_15,85/15,8,5,1404,1314,90,0.9394586894586895,0.5581395348837209,0.26666666666666666,0.3609022556390977,0.7774395399966175,0.37348145024179463,b50b414d86b3f7607cfe2403ddfde53b0eb51d59c73788dd319b162f46798cff,not fixed; not saved,17.762807369232178,PASS,2026-09-05T18:35:02
dnn_oof_v1_fixed_5fold_10run_73configs,nuclear_receptor,Nuclear Receptor,39,MSCMF__NoiseInjection__85_15,Noise Injection,MSCMF,NoiseInjection,85_15,85/15,9,5,1404,1314,90,0.9415954415954416,0.5909090909090909,0.28888888888888886,0.3880597014925373,0.8074496871300524,0.38860297472972033,b50b414d86b3f7607cfe2403ddfde53b0eb51d59c73788dd319b162f46798cff,not fixed; not saved,18.068241119384766,PASS,2026-09-05T18:40:32
dnn_oof_v1_fixed_5fold_10run_73configs,nuclear_receptor,Nuclear Receptor,39,MSCMF__NoiseInjection__85_15,Noise Injection,MSCMF,NoiseInjection,85_15,85/15,10,5,1404,1314,90,0.9415954415954416,0.5909090909090909,0.28888888888888886,0.3880597014925373,0.7989852866565195,0.36093051861046965,b50b414d86b3f7607cfe2403ddfde53b0eb51d59c73788dd319b162f46798cff,not fixed; not saved,18.079756498336792,PASS,2026-09-05T18:46:01
dnn_oof_v1_fixed_5fold_10run_73configs,nuclear_receptor,Nuclear Receptor,40,MSCMF__NoiseInjection__90_10,Noise Injection,MSCMF,NoiseInjection,90_10,90/10,1,5,1404,1314,90,0.9387464387464387,0.5476190476190477,0.25555555555555554,0.3484848484848485,0.8056062912227295,0.38265779544065476,b50b414d86b3f7607cfe2403ddfde53b0eb51d59c73788dd319b162f46798cff,not fixed; not saved,17.47912287712097,PASS,2026-09-05T18:51:29
dnn_oof_v1_fixed_5fold_10run_73configs,nuclear_receptor,Nuclear Receptor,40,MSCMF__NoiseInjection__90_10,Noise Injection,MSCMF,NoiseInjection,90_10,90/10,2,5,1404,1314,90,0.9387464387464387,0.5454545454545454,0.26666666666666666,0.3582089552238806,0.8144765770336547,0.390469398492432,b50b414d86b3f7607cfe2403ddfde53b0eb51d59c73788dd319b162f46798cff,not fixed; not saved,17.39602494239807,PASS,2026-09-05T18:56:59
dnn_oof_v1_fixed_5fold_10run_73configs,nuclear_receptor,Nuclear Receptor,40,MSCMF__NoiseInjection__90_10,Noise Injection,MSCMF,NoiseInjection,90_10,90/10,3,5,1404,1314,90,0.9401709401709402,0.5681818181818182,0.2777777777777778,0.373134328358209,0.8047522408253003,0.38375903678577156,b50b414d86b3f7607cfe2403ddfde53b0eb51d59c73788dd319b162f46798cff,not fixed; not saved,17.249767541885376,PASS,2026-09-05T19:02:26
dnn_oof_v1_fixed_5fold_10run_73configs,nuclear_receptor,Nuclear Receptor,40,MSCMF__NoiseInjection__90_10,Noise Injection,MSCMF,NoiseInjection,90_10,90/10,4,5,1404,1314,90,0.9408831908831908,0.5777777777777777,0.28888888888888886,0.3851851851851852,0.8123541349568747,0.38432684756208363,b50b414d86b3f7607cfe2403ddfde53b0eb51d59c73788dd319b162f46798cff,not fixed; not saved,17.564270496368408,PASS,2026-09-05T19:07:55
dnn_oof_v1_fixed_5fold_10run_73configs,nuclear_receptor,Nuclear Receptor,40,MSCMF__NoiseInjection__90_10,Noise Injection,MSCMF,NoiseInjection,90_10,90/10,5,5,1404,1314,90,0.9423076923076923,0.6097560975609756,0.2777777777777778,0.3816793893129771,0.7826991374936583,0.3848606087675832,b50b414d86b3f7607cfe2403ddfde53b0eb51d59c73788dd319b162f46798cff,not fixed; not saved,16.72300434112549,PASS,2026-09-05T19:13:25
dnn_oof_v1_fixed_5fold_10run_73configs,nuclear_receptor,Nuclear Receptor,40,MSCMF__NoiseInjection__90_10,Noise Injection,MSCMF,NoiseInjection,90_10,90/10,6,5,1404,1314,90,0.9408831908831908,0.5777777777777777,0.28888888888888886,0.3851851851851852,0.7966599019110435,0.3821770300571057,b50b414d86b3f7607cfe2403ddfde53b0eb51d59c73788dd319b162f46798cff,not fixed; not saved,17.291121244430542,PASS,2026-09-05T19:18:54
dnn_oof_v1_fixed_5fold_10run_73configs,nuclear_receptor,Nuclear Receptor,40,MSCMF__NoiseInjection__90_10,Noise Injection,MSCMF,NoiseInjection,90_10,90/10,7,5,1404,1314,90,0.9401709401709402,0.575,0.25555555555555554,0.35384615384615387,0.7834517165567395,0.3661499130665179,b50b414d86b3f7607cfe2403ddfde53b0eb51d59c73788dd319b162f46798cff,not fixed; not saved,16.873011350631714,PASS,2026-09-05T19:24:23
dnn_oof_v1_fixed_5fold_10run_73configs,nuclear_receptor,Nuclear Receptor,40,MSCMF__NoiseInjection__90_10,Noise Injection,MSCMF,NoiseInjection,90_10,90/10,8,5,1404,1314,90,0.938034188034188,0.5348837209302325,0.25555555555555554,0.3458646616541353,0.8125993573482159,0.38374787717371994,b50b414d86b3f7607cfe2403ddfde53b0eb51d59c73788dd319b162f46798cff,not fixed; not saved,16.527275323867798,PASS,2026-09-05T19:29:54
dnn_oof_v1_fixed_5fold_10run_73configs,nuclear_receptor,Nuclear Receptor,40,MSCMF__NoiseInjection__90_10,Noise Injection,MSCMF,NoiseInjection,90_10,90/10,9,5,1404,1314,90,0.9401709401709402,0.5789473684210527,0.24444444444444444,0.34375,0.802308472856418,0.36429276903380714,b50b414d86b3f7607cfe2403ddfde53b0eb51d59c73788dd319b162f46798cff,not fixed; not saved,15.920722484588623,PASS,2026-09-05T19:35:26
dnn_oof_v1_fixed_5fold_10run_73configs,nuclear_receptor,Nuclear Receptor,40,MSCMF__NoiseInjection__90_10,Noise Injection,MSCMF,NoiseInjection,90_10,90/10,10,5,1404,1314,90,0.9387464387464387,0.5416666666666666,0.28888888888888886,0.37681159420289856,0.8059107052257737,0.37988773519248487,b50b414d86b3f7607cfe2403ddfde53b0eb51d59c73788dd319b162f46798cff,not fixed; not saved,15.796360969543457,PASS,2026-09-05T19:40:57
dnn_oof_v1_fixed_5fold_10run_73configs,nuclear_receptor,Nuclear Receptor,41,MSCMF__RandomOver__50_50,Random Over-Sampling,MSCMF,RandomOver,50_50,50/50,1,5,1404,1314,90,0.9366096866096866,0.5102040816326531,0.2777777777777778,0.3597122302158273,0.8127092846270929,0.38509635420010907,b50b414d86b3f7607cfe2403ddfde53b0eb51d59c73788dd319b162f46798cff,not fixed; not saved,20.03549599647522,PASS,2026-09-05T19:46:32
dnn_oof_v1_fixed_5fold_10run_73configs,nuclear_receptor,Nuclear Receptor,41,MSCMF__RandomOver__50_50,Random Over-Sampling,MSCMF,RandomOver,50_50,50/50,2,5,1404,1314,90,0.9387464387464387,0.5434782608695652,0.2777777777777778,0.36764705882352944,0.7899289700659563,0.3767380529643085,b50b414d86b3f7607cfe2403ddfde53b0eb51d59c73788dd319b162f46798cff,not fixed; not saved,19.33305788040161,PASS,2026-09-05T19:52:09
dnn_oof_v1_fixed_5fold_10run_73configs,nuclear_receptor,Nuclear Receptor,41,MSCMF__RandomOver__50_50,Random Over-Sampling,MSCMF,RandomOver,50_50,50/50,3,5,1404,1314,90,0.9358974358974359,0.5,0.2777777777777778,0.35714285714285715,0.8137747336377473,0.39113114962453766,b50b414d86b3f7607cfe2403ddfde53b0eb51d59c73788dd319b162f46798cff,not fixed; not saved,20.006694555282593,PASS,2026-09-05T19:57:49
dnn_oof_v1_fixed_5fold_10run_73configs,nuclear_receptor,Nuclear Receptor,41,MSCMF__RandomOver__50_50,Random Over-Sampling,MSCMF,RandomOver,50_50,50/50,4,5,1404,1314,90,0.9387464387464387,0.5434782608695652,0.2777777777777778,0.36764705882352944,0.8202477591746997,0.38549037029418537,b50b414d86b3f7607cfe2403ddfde53b0eb51d59c73788dd319b162f46798cff,not fixed; not saved,20.29562520980835,PASS,2026-09-05T20:03:21
dnn_oof_v1_fixed_5fold_10run_73configs,nuclear_receptor,Nuclear Receptor,41,MSCMF__RandomOver__50_50,Random Over-Sampling,MSCMF,RandomOver,50_50,50/50,5,5,1404,1314,90,0.9344729344729344,0.4791666666666667,0.25555555555555554,0.3333333333333333,0.8125824454591577,0.38495519119006033,b50b414d86b3f7607cfe2403ddfde53b0eb51d59c73788dd319b162f46798cff,not fixed; not saved,19.16824722290039,PASS,2026-09-05T20:08:56
dnn_oof_v1_fixed_5fold_10run_73configs,nuclear_receptor,Nuclear Receptor,41,MSCMF__RandomOver__50_50,Random Over-Sampling,MSCMF,RandomOver,50_50,50/50,6,5,1404,1314,90,0.9387464387464387,0.5434782608695652,0.2777777777777778,0.36764705882352944,0.8057246744461355,0.3884338051639884,b50b414d86b3f7607cfe2403ddfde53b0eb51d59c73788dd319b162f46798cff,not fixed; not saved,18.56350874900818,PASS,2026-09-05T20:14:36
dnn_oof_v1_fixed_5fold_10run_73configs,nuclear_receptor,Nuclear Receptor,41,MSCMF__RandomOver__50_50,Random Over-Sampling,MSCMF,RandomOver,50_50,50/50,7,5,1404,1314,90,0.9351851851851852,0.49056603773584906,0.28888888888888886,0.36363636363636365,0.8119567055640114,0.37450302202632885,b50b414d86b3f7607cfe2403ddfde53b0eb51d59c73788dd319b162f46798cff,not fixed; not saved,21.139362573623657,PASS,2026-09-05T20:20:14
dnn_oof_v1_fixed_5fold_10run_73configs,nuclear_receptor,Nuclear Receptor,41,MSCMF__RandomOver__50_50,Random Over-Sampling,MSCMF,RandomOver,50_50,50/50,8,5,1404,1314,90,0.9366096866096866,0.5098039215686274,0.28888888888888886,0.36879432624113473,0.8212328767123288,0.38169511050676513,b50b414d86b3f7607cfe2403ddfde53b0eb51d59c73788dd319b162f46798cff,not fixed; not saved,19.647429704666138,PASS,2026-09-05T20:25:51
dnn_oof_v1_fixed_5fold_10run_73configs,nuclear_receptor,Nuclear Receptor,41,MSCMF__RandomOver__50_50,Random Over-Sampling,MSCMF,RandomOver,50_50,50/50,9,5,1404,1314,90,0.9366096866096866,0.5098039215686274,0.28888888888888886,0.36879432624113473,0.8220023676644681,0.39017373343445017,b50b414d86b3f7607cfe2403ddfde53b0eb51d59c73788dd319b162f46798cff,not fixed; not saved,18.620936155319214,PASS,2026-09-05T20:31:30
dnn_oof_v1_fixed_5fold_10run_73configs,nuclear_receptor,Nuclear Receptor,41,MSCMF__RandomOver__50_50,Random Over-Sampling,MSCMF,RandomOver,50_50,50/50,10,5,1404,1314,90,0.9358974358974359,0.5,0.2777777777777778,0.35714285714285715,0.8051158464400473,0.3914662199276509,b50b414d86b3f7607cfe2403ddfde53b0eb51d59c73788dd319b162f46798cff,not fixed; not saved,19.96400809288025,PASS,2026-09-05T20:37:07
dnn_oof_v1_fixed_5fold_10run_73configs,nuclear_receptor,Nuclear Receptor,42,MSCMF__RandomOver__80_20,Random Over-Sampling,MSCMF,RandomOver,80_20,80/20,1,5,1404,1314,90,0.938034188034188,0.5333333333333333,0.26666666666666666,0.35555555555555557,0.8017081007948588,0.3598026509339292,b50b414d86b3f7607cfe2403ddfde53b0eb51d59c73788dd319b162f46798cff,not fixed; not saved,15.913346529006958,PASS,2026-09-05T20:42:42
dnn_oof_v1_fixed_5fold_10run_73configs,nuclear_receptor,Nuclear Receptor,42,MSCMF__RandomOver__80_20,Random Over-Sampling,MSCMF,RandomOver,80_20,80/20,2,5,1404,1314,90,0.938034188034188,0.5348837209302325,0.25555555555555554,0.3458646616541353,0.7992389649923897,0.3510026364652569,b50b414d86b3f7607cfe2403ddfde53b0eb51d59c73788dd319b162f46798cff,not fixed; not saved,15.771007061004639,PASS,2026-09-05T20:48:20
dnn_oof_v1_fixed_5fold_10run_73configs,nuclear_receptor,Nuclear Receptor,42,MSCMF__RandomOver__80_20,Random Over-Sampling,MSCMF,RandomOver,80_20,80/20,3,5,1404,1314,90,0.9394586894586895,0.5581395348837209,0.26666666666666666,0.3609022556390977,0.8167089463893117,0.38122937035053306,b50b414d86b3f7607cfe2403ddfde53b0eb51d59c73788dd319b162f46798cff,not fixed; not saved,16.35921287536621,PASS,2026-09-05T20:53:59
dnn_oof_v1_fixed_5fold_10run_73configs,nuclear_receptor,Nuclear Receptor,42,MSCMF__RandomOver__80_20,Random Over-Sampling,MSCMF,RandomOver,80_20,80/20,4,5,1404,1314,90,0.9401709401709402,0.5681818181818182,0.2777777777777778,0.373134328358209,0.8057754101133098,0.3811221613429414,b50b414d86b3f7607cfe2403ddfde53b0eb51d59c73788dd319b162f46798cff,not fixed; not saved,16.890581846237183,PASS,2026-09-05T20:59:35
dnn_oof_v1_fixed_5fold_10run_73configs,nuclear_receptor,Nuclear Receptor,42,MSCMF__RandomOver__80_20,Random Over-Sampling,MSCMF,RandomOver,80_20,80/20,5,5,1404,1314,90,0.9415954415954416,0.5952380952380952,0.2777777777777778,0.3787878787878788,0.7970150515812615,0.38493693107873633,b50b414d86b3f7607cfe2403ddfde53b0eb51d59c73788dd319b162f46798cff,not fixed; not saved,16.39549493789673,PASS,2026-09-05T21:05:09
dnn_oof_v1_fixed_5fold_10run_73configs,nuclear_receptor,Nuclear Receptor,42,MSCMF__RandomOver__80_20,Random Over-Sampling,MSCMF,RandomOver,80_20,80/20,6,5,1404,1314,90,0.9373219373219374,0.5208333333333334,0.2777777777777778,0.36231884057971014,0.8211567732115677,0.3960977576630849,b50b414d86b3f7607cfe2403ddfde53b0eb51d59c73788dd319b162f46798cff,not fixed; not saved,15.533293724060059,PASS,2026-09-05T21:10:46
dnn_oof_v1_fixed_5fold_10run_73configs,nuclear_receptor,Nuclear Receptor,42,MSCMF__RandomOver__80_20,Random Over-Sampling,MSCMF,RandomOver,80_20,80/20,7,5,1404,1314,90,0.9401709401709402,0.5681818181818182,0.2777777777777778,0.373134328358209,0.7960510739049551,0.37813562893543584,b50b414d86b3f7607cfe2403ddfde53b0eb51d59c73788dd319b162f46798cff,not fixed; not saved,16.218565940856934,PASS,2026-09-05T21:16:24
dnn_oof_v1_fixed_5fold_10run_73configs,nuclear_receptor,Nuclear Receptor,42,MSCMF__RandomOver__80_20,Random Over-Sampling,MSCMF,RandomOver,80_20,80/20,8,5,1404,1314,90,0.938034188034188,0.5319148936170213,0.2777777777777778,0.36496350364963503,0.7839759851175377,0.3789077813631425,b50b414d86b3f7607cfe2403ddfde53b0eb51d59c73788dd319b162f46798cff,not fixed; not saved,15.557527303695679,PASS,2026-09-05T21:22:05
dnn_oof_v1_fixed_5fold_10run_73configs,nuclear_receptor,Nuclear Receptor,42,MSCMF__RandomOver__80_20,Random Over-Sampling,MSCMF,RandomOver,80_20,80/20,9,5,1404,1314,90,0.9401709401709402,0.5625,0.3,0.391304347826087,0.8196262472518181,0.3916200314266569,b50b414d86b3f7607cfe2403ddfde53b0eb51d59c73788dd319b162f46798cff,not fixed; not saved,15.184677600860596,PASS,2026-09-05T21:27:44
dnn_oof_v1_fixed_5fold_10run_73configs,nuclear_receptor,Nuclear Receptor,42,MSCMF__RandomOver__80_20,Random Over-Sampling,MSCMF,RandomOver,80_20,80/20,10,5,1404,1314,90,0.9394586894586895,0.5555555555555556,0.2777777777777778,0.37037037037037035,0.8059191611703027,0.38874043637333844,b50b414d86b3f7607cfe2403ddfde53b0eb51d59c73788dd319b162f46798cff,not fixed; not saved,16.11511254310608,PASS,2026-09-05T21:33:25
dnn_oof_v1_fixed_5fold_10run_73configs,nuclear_receptor,Nuclear Receptor,43,MSCMF__RandomOver__85_15,Random Over-Sampling,MSCMF,RandomOver,85_15,85/15,1,5,1404,1314,90,0.9387464387464387,0.5434782608695652,0.2777777777777778,0.36764705882352944,0.8037375274818197,0.39133781948478985,b50b414d86b3f7607cfe2403ddfde53b0eb51d59c73788dd319b162f46798cff,not fixed; not saved,17.437846422195435,PASS,2026-09-05T21:39:05
dnn_oof_v1_fixed_5fold_10run_73configs,nuclear_receptor,Nuclear Receptor,43,MSCMF__RandomOver__85_15,Random Over-Sampling,MSCMF,RandomOver,85_15,85/15,2,5,1404,1314,90,0.9387464387464387,0.5454545454545454,0.26666666666666666,0.3582089552238806,0.79583967529173,0.37570863888827727,b50b414d86b3f7607cfe2403ddfde53b0eb51d59c73788dd319b162f46798cff,not fixed; not saved,15.709747076034546,PASS,2026-09-05T21:44:47
dnn_oof_v1_fixed_5fold_10run_73configs,nuclear_receptor,Nuclear Receptor,43,MSCMF__RandomOver__85_15,Random Over-Sampling,MSCMF,RandomOver,85_15,85/15,3,5,1404,1314,90,0.938034188034188,0.5333333333333333,0.26666666666666666,0.35555555555555557,0.8005665482834432,0.38696329423476095,b50b414d86b3f7607cfe2403ddfde53b0eb51d59c73788dd319b162f46798cff,not fixed; not saved,16.778395175933838,PASS,2026-09-05T21:50:30
dnn_oof_v1_fixed_5fold_10run_73configs,nuclear_receptor,Nuclear Receptor,43,MSCMF__RandomOver__85_15,Random Over-Sampling,MSCMF,RandomOver,85_15,85/15,4,5,1404,1314,90,0.9394586894586895,0.5555555555555556,0.2777777777777778,0.37037037037037035,0.776035853204803,0.3526318219108605,b50b414d86b3f7607cfe2403ddfde53b0eb51d59c73788dd319b162f46798cff,not fixed; not saved,17.76475977897644,PASS,2026-09-05T21:56:30
dnn_oof_v1_fixed_5fold_10run_73configs,nuclear_receptor,Nuclear Receptor,43,MSCMF__RandomOver__85_15,Random Over-Sampling,MSCMF,RandomOver,85_15,85/15,5,5,1404,1314,90,0.9366096866096866,0.5106382978723404,0.26666666666666666,0.35036496350364965,0.8034584813123626,0.3844960977642667,b50b414d86b3f7607cfe2403ddfde53b0eb51d59c73788dd319b162f46798cff,not fixed; not saved,16.184598207473755,PASS,2026-09-05T22:02:12
dnn_oof_v1_fixed_5fold_10run_73configs,nuclear_receptor,Nuclear Receptor,43,MSCMF__RandomOver__85_15,Random Over-Sampling,MSCMF,RandomOver,85_15,85/15,6,5,1404,1314,90,0.938034188034188,0.5365853658536586,0.24444444444444444,0.33587786259541985,0.7890918315575849,0.37731877426379323,b50b414d86b3f7607cfe2403ddfde53b0eb51d59c73788dd319b162f46798cff,not fixed; not saved,17.466360807418823,PASS,2026-09-05T22:07:54
dnn_oof_v1_fixed_5fold_10run_73configs,nuclear_receptor,Nuclear Receptor,43,MSCMF__RandomOver__85_15,Random Over-Sampling,MSCMF,RandomOver,85_15,85/15,7,5,1404,1314,90,0.9366096866096866,0.5106382978723404,0.26666666666666666,0.35036496350364965,0.8178420429561981,0.3878113181146824,b50b414d86b3f7607cfe2403ddfde53b0eb51d59c73788dd319b162f46798cff,not fixed; not saved,15.508162260055542,PASS,2026-09-05T22:13:34
dnn_oof_v1_fixed_5fold_10run_73configs,nuclear_receptor,Nuclear Receptor,43,MSCMF__RandomOver__85_15,Random Over-Sampling,MSCMF,RandomOver,85_15,85/15,8,5,1404,1314,90,0.9408831908831908,0.5897435897435898,0.25555555555555554,0.35658914728682173,0.7950617283950617,0.37164717323936025,b50b414d86b3f7607cfe2403ddfde53b0eb51d59c73788dd319b162f46798cff,not fixed; not saved,14.727178573608398,PASS,2026-09-05T22:19:07
dnn_oof_v1_fixed_5fold_10run_73configs,nuclear_receptor,Nuclear Receptor,43,MSCMF__RandomOver__85_15,Random Over-Sampling,MSCMF,RandomOver,85_15,85/15,9,5,1404,1314,90,0.9373219373219374,0.5208333333333334,0.2777777777777778,0.36231884057971014,0.802215457466599,0.3806291369918738,b50b414d86b3f7607cfe2403ddfde53b0eb51d59c73788dd319b162f46798cff,not fixed; not saved,15.292551755905151,PASS,2026-09-05T22:24:46
dnn_oof_v1_fixed_5fold_10run_73configs,nuclear_receptor,Nuclear Receptor,43,MSCMF__RandomOver__85_15,Random Over-Sampling,MSCMF,RandomOver,85_15,85/15,10,5,1404,1314,90,0.938034188034188,0.5333333333333333,0.26666666666666666,0.35555555555555557,0.7941231185523423,0.3960200438892467,b50b414d86b3f7607cfe2403ddfde53b0eb51d59c73788dd319b162f46798cff,not fixed; not saved,15.710434198379517,PASS,2026-09-05T22:30:28
dnn_oof_v1_fixed_5fold_10run_73configs,nuclear_receptor,Nuclear Receptor,44,MSCMF__RandomOver__90_10,Random Over-Sampling,MSCMF,RandomOver,90_10,90/10,1,5,1404,1314,90,0.938034188034188,0.5333333333333333,0.26666666666666666,0.35555555555555557,0.7676560121765602,0.3658346556728801,b50b414d86b3f7607cfe2403ddfde53b0eb51d59c73788dd319b162f46798cff,not fixed; not saved,15.716233968734741,PASS,2026-09-05T22:36:09
dnn_oof_v1_fixed_5fold_10run_73configs,nuclear_receptor,Nuclear Receptor,44,MSCMF__RandomOver__90_10,Random Over-Sampling,MSCMF,RandomOver,90_10,90/10,2,5,1404,1314,90,0.9394586894586895,0.5581395348837209,0.26666666666666666,0.3609022556390977,0.7882462371046846,0.3540187365312074,b50b414d86b3f7607cfe2403ddfde53b0eb51d59c73788dd319b162f46798cff,not fixed; not saved,14.400013208389282,PASS,2026-09-05T22:41:48
dnn_oof_v1_fixed_5fold_10run_73configs,nuclear_receptor,Nuclear Receptor,44,MSCMF__RandomOver__90_10,Random Over-Sampling,MSCMF,RandomOver,90_10,90/10,3,5,1404,1314,90,0.9366096866096866,0.5102040816326531,0.2777777777777778,0.3597122302158273,0.7860476915271437,0.3755474066291674,b50b414d86b3f7607cfe2403ddfde53b0eb51d59c73788dd319b162f46798cff,not fixed; not saved,15.387410640716553,PASS,2026-09-05T22:47:28
dnn_oof_v1_fixed_5fold_10run_73configs,nuclear_receptor,Nuclear Receptor,44,MSCMF__RandomOver__90_10,Random Over-Sampling,MSCMF,RandomOver,90_10,90/10,4,5,1404,1314,90,0.9366096866096866,0.5116279069767442,0.24444444444444444,0.3308270676691729,0.7874175545408422,0.3679887613708719,b50b414d86b3f7607cfe2403ddfde53b0eb51d59c73788dd319b162f46798cff,not fixed; not saved,17.75230121612549,PASS,2026-09-05T22:53:10
dnn_oof_v1_fixed_5fold_10run_73configs,nuclear_receptor,Nuclear Receptor,44,MSCMF__RandomOver__90_10,Random Over-Sampling,MSCMF,RandomOver,90_10,90/10,5,5,1404,1314,90,0.9387464387464387,0.55,0.24444444444444444,0.3384615384615385,0.7907153729071538,0.373921030212399,b50b414d86b3f7607cfe2403ddfde53b0eb51d59c73788dd319b162f46798cff,not fixed; not saved,17.72162628173828,PASS,2026-09-05T22:58:47
dnn_oof_v1_fixed_5fold_10run_73configs,nuclear_receptor,Nuclear Receptor,44,MSCMF__RandomOver__90_10,Random Over-Sampling,MSCMF,RandomOver,90_10,90/10,6,5,1404,1314,90,0.9387464387464387,0.5476190476190477,0.25555555555555554,0.3484848484848485,0.8036529680365297,0.3797051441409493,b50b414d86b3f7607cfe2403ddfde53b0eb51d59c73788dd319b162f46798cff,not fixed; not saved,16.408034563064575,PASS,2026-09-05T23:04:25
dnn_oof_v1_fixed_5fold_10run_73configs,nuclear_receptor,Nuclear Receptor,44,MSCMF__RandomOver__90_10,Random Over-Sampling,MSCMF,RandomOver,90_10,90/10,7,5,1404,1314,90,0.9394586894586895,0.5609756097560976,0.25555555555555554,0.3511450381679389,0.815313715542026,0.385320366371187,b50b414d86b3f7607cfe2403ddfde53b0eb51d59c73788dd319b162f46798cff,not fixed; not saved,17.04367971420288,PASS,2026-09-05T23:10:05
dnn_oof_v1_fixed_5fold_10run_73configs,nuclear_receptor,Nuclear Receptor,44,MSCMF__RandomOver__90_10,Random Over-Sampling,MSCMF,RandomOver,90_10,90/10,8,5,1404,1314,90,0.9358974358974359,0.5,0.25555555555555554,0.3382352941176471,0.7882293252156266,0.36197874336620467,b50b414d86b3f7607cfe2403ddfde53b0eb51d59c73788dd319b162f46798cff,not fixed; not saved,16.211870670318604,PASS,2026-09-05T23:15:43
dnn_oof_v1_fixed_5fold_10run_73configs,nuclear_receptor,Nuclear Receptor,44,MSCMF__RandomOver__90_10,Random Over-Sampling,MSCMF,RandomOver,90_10,90/10,9,5,1404,1314,90,0.9373219373219374,0.5227272727272727,0.25555555555555554,0.34328358208955223,0.7717148655504821,0.3739313282306258,b50b414d86b3f7607cfe2403ddfde53b0eb51d59c73788dd319b162f46798cff,not fixed; not saved,16.032262325286865,PASS,2026-09-05T23:21:22
dnn_oof_v1_fixed_5fold_10run_73configs,nuclear_receptor,Nuclear Receptor,44,MSCMF__RandomOver__90_10,Random Over-Sampling,MSCMF,RandomOver,90_10,90/10,10,5,1404,1314,90,0.9401709401709402,0.575,0.25555555555555554,0.35384615384615387,0.8115423642820903,0.3849110902509036,b50b414d86b3f7607cfe2403ddfde53b0eb51d59c73788dd319b162f46798cff,not fixed; not saved,16.41105055809021,PASS,2026-09-05T23:27:01
dnn_oof_v1_fixed_5fold_10run_73configs,nuclear_receptor,Nuclear Receptor,45,MSCMF__SMOTE__50_50,SMOTE,MSCMF,SMOTE,50_50,50/50,1,5,1404,1314,90,0.9401709401709402,0.5652173913043478,0.28888888888888886,0.38235294117647056,0.7932521562658549,0.36617106213531186,b50b414d86b3f7607cfe2403ddfde53b0eb51d59c73788dd319b162f46798cff,not fixed; not saved,19.431342840194702,PASS,2026-09-05T23:32:47
dnn_oof_v1_fixed_5fold_10run_73configs,nuclear_receptor,Nuclear Receptor,45,MSCMF__SMOTE__50_50,SMOTE,MSCMF,SMOTE,50_50,50/50,2,5,1404,1314,90,0.9344729344729344,0.48,0.26666666666666666,0.34285714285714286,0.7962540165736515,0.36540567191512213,b50b414d86b3f7607cfe2403ddfde53b0eb51d59c73788dd319b162f46798cff,not fixed; not saved,17.848402500152588,PASS,2026-09-05T23:38:32
dnn_oof_v1_fixed_5fold_10run_73configs,nuclear_receptor,Nuclear Receptor,45,MSCMF__SMOTE__50_50,SMOTE,MSCMF,SMOTE,50_50,50/50,3,5,1404,1314,90,0.9408831908831908,0.5853658536585366,0.26666666666666666,0.366412213740458,0.8110688313884661,0.3871434695341723,b50b414d86b3f7607cfe2403ddfde53b0eb51d59c73788dd319b162f46798cff,not fixed; not saved,17.587879419326782,PASS,2026-09-05T23:44:18
dnn_oof_v1_fixed_5fold_10run_73configs,nuclear_receptor,Nuclear Receptor,45,MSCMF__SMOTE__50_50,SMOTE,MSCMF,SMOTE,50_50,50/50,4,5,1404,1314,90,0.9358974358974359,0.5,0.2777777777777778,0.35714285714285715,0.7881785895484525,0.37193871812582474,b50b414d86b3f7607cfe2403ddfde53b0eb51d59c73788dd319b162f46798cff,not fixed; not saved,18.472757816314697,PASS,2026-09-05T23:50:03
dnn_oof_v1_fixed_5fold_10run_73configs,nuclear_receptor,Nuclear Receptor,45,MSCMF__SMOTE__50_50,SMOTE,MSCMF,SMOTE,50_50,50/50,5,5,1404,1314,90,0.9373219373219374,0.5227272727272727,0.25555555555555554,0.34328358208955223,0.79125655335701,0.35228005454156125,b50b414d86b3f7607cfe2403ddfde53b0eb51d59c73788dd319b162f46798cff,not fixed; not saved,17.67091703414917,PASS,2026-09-05T23:55:49
dnn_oof_v1_fixed_5fold_10run_73configs,nuclear_receptor,Nuclear Receptor,45,MSCMF__SMOTE__50_50,SMOTE,MSCMF,SMOTE,50_50,50/50,6,5,1404,1314,90,0.938034188034188,0.5365853658536586,0.24444444444444444,0.33587786259541985,0.7825807542702521,0.3655521576208424,b50b414d86b3f7607cfe2403ddfde53b0eb51d59c73788dd319b162f46798cff,not fixed; not saved,20.332937479019165,PASS,2026-09-06T00:01:41
dnn_oof_v1_fixed_5fold_10run_73configs,nuclear_receptor,Nuclear Receptor,45,MSCMF__SMOTE__50_50,SMOTE,MSCMF,SMOTE,50_50,50/50,7,5,1404,1314,90,0.9387464387464387,0.5476190476190477,0.25555555555555554,0.3484848484848485,0.8217444613563336,0.3906814113641836,b50b414d86b3f7607cfe2403ddfde53b0eb51d59c73788dd319b162f46798cff,not fixed; not saved,18.691457986831665,PASS,2026-09-06T00:07:26
dnn_oof_v1_fixed_5fold_10run_73configs,nuclear_receptor,Nuclear Receptor,45,MSCMF__SMOTE__50_50,SMOTE,MSCMF,SMOTE,50_50,50/50,8,5,1404,1314,90,0.9337606837606838,0.46808510638297873,0.24444444444444444,0.32116788321167883,0.7787924911212583,0.35778504171587844,b50b414d86b3f7607cfe2403ddfde53b0eb51d59c73788dd319b162f46798cff,not fixed; not saved,17.848233699798584,PASS,2026-09-06T00:13:14
dnn_oof_v1_fixed_5fold_10run_73configs,nuclear_receptor,Nuclear Receptor,45,MSCMF__SMOTE__50_50,SMOTE,MSCMF,SMOTE,50_50,50/50,9,5,1404,1314,90,0.9401709401709402,0.5652173913043478,0.28888888888888886,0.38235294117647056,0.7931929646541519,0.37538061774511683,b50b414d86b3f7607cfe2403ddfde53b0eb51d59c73788dd319b162f46798cff,not fixed; not saved,20.51235055923462,PASS,2026-09-06T00:19:01
dnn_oof_v1_fixed_5fold_10run_73configs,nuclear_receptor,Nuclear Receptor,45,MSCMF__SMOTE__50_50,SMOTE,MSCMF,SMOTE,50_50,50/50,10,5,1404,1314,90,0.9387464387464387,0.5384615384615384,0.3111111111111111,0.39436619718309857,0.786977845425334,0.3792697763886146,b50b414d86b3f7607cfe2403ddfde53b0eb51d59c73788dd319b162f46798cff,not fixed; not saved,19.255656003952026,PASS,2026-09-06T00:24:50
dnn_oof_v1_fixed_5fold_10run_73configs,nuclear_receptor,Nuclear Receptor,46,MSCMF__SMOTE__80_20,SMOTE,MSCMF,SMOTE,80_20,80/20,1,5,1404,1314,90,0.9366096866096866,0.5106382978723404,0.26666666666666666,0.35036496350364965,0.7938187045492981,0.37217708439718633,b50b414d86b3f7607cfe2403ddfde53b0eb51d59c73788dd319b162f46798cff,not fixed; not saved,15.971027135848999,PASS,2026-09-06T00:30:37
dnn_oof_v1_fixed_5fold_10run_73configs,nuclear_receptor,Nuclear Receptor,46,MSCMF__SMOTE__80_20,SMOTE,MSCMF,SMOTE,80_20,80/20,2,5,1404,1314,90,0.9373219373219374,0.5227272727272727,0.25555555555555554,0.34328358208955223,0.8056739387789617,0.3851299142883351,b50b414d86b3f7607cfe2403ddfde53b0eb51d59c73788dd319b162f46798cff,not fixed; not saved,14.923683166503906,PASS,2026-09-06T00:36:21
dnn_oof_v1_fixed_5fold_10run_73configs,nuclear_receptor,Nuclear Receptor,46,MSCMF__SMOTE__80_20,SMOTE,MSCMF,SMOTE,80_20,80/20,3,5,1404,1314,90,0.938034188034188,0.5333333333333333,0.26666666666666666,0.35555555555555557,0.815093860984272,0.39308396934068174,b50b414d86b3f7607cfe2403ddfde53b0eb51d59c73788dd319b162f46798cff,not fixed; not saved,15.053917407989502,PASS,2026-09-06T00:42:04
dnn_oof_v1_fixed_5fold_10run_73configs,nuclear_receptor,Nuclear Receptor,46,MSCMF__SMOTE__80_20,SMOTE,MSCMF,SMOTE,80_20,80/20,4,5,1404,1314,90,0.938034188034188,0.5319148936170213,0.2777777777777778,0.36496350364963503,0.8062235751733469,0.37082142828857134,b50b414d86b3f7607cfe2403ddfde53b0eb51d59c73788dd319b162f46798cff,not fixed; not saved,15.451715230941772,PASS,2026-09-06T00:47:48
dnn_oof_v1_fixed_5fold_10run_73configs,nuclear_receptor,Nuclear Receptor,46,MSCMF__SMOTE__80_20,SMOTE,MSCMF,SMOTE,80_20,80/20,5,5,1404,1314,90,0.9401709401709402,0.5714285714285714,0.26666666666666666,0.36363636363636365,0.7989683747674617,0.36575039671908527,b50b414d86b3f7607cfe2403ddfde53b0eb51d59c73788dd319b162f46798cff,not fixed; not saved,15.335134506225586,PASS,2026-09-06T00:53:35
dnn_oof_v1_fixed_5fold_10run_73configs,nuclear_receptor,Nuclear Receptor,46,MSCMF__SMOTE__80_20,SMOTE,MSCMF,SMOTE,80_20,80/20,6,5,1404,1314,90,0.9387464387464387,0.5434782608695652,0.2777777777777778,0.36764705882352944,0.8201336039235583,0.37787986033661913,b50b414d86b3f7607cfe2403ddfde53b0eb51d59c73788dd319b162f46798cff,not fixed; not saved,14.770094633102417,PASS,2026-09-06T00:59:22
dnn_oof_v1_fixed_5fold_10run_73configs,nuclear_receptor,Nuclear Receptor,46,MSCMF__SMOTE__80_20,SMOTE,MSCMF,SMOTE,80_20,80/20,7,5,1404,1314,90,0.9408831908831908,0.5777777777777777,0.28888888888888886,0.3851851851851852,0.7945797395569084,0.3693867567167135,b50b414d86b3f7607cfe2403ddfde53b0eb51d59c73788dd319b162f46798cff,not fixed; not saved,15.232779264450073,PASS,2026-09-06T01:05:12
dnn_oof_v1_fixed_5fold_10run_73configs,nuclear_receptor,Nuclear Receptor,46,MSCMF__SMOTE__80_20,SMOTE,MSCMF,SMOTE,80_20,80/20,8,5,1404,1314,90,0.9344729344729344,0.4807692307692308,0.2777777777777778,0.352112676056338,0.813098258075427,0.3817774702631709,b50b414d86b3f7607cfe2403ddfde53b0eb51d59c73788dd319b162f46798cff,not fixed; not saved,15.296158075332642,PASS,2026-09-06T01:10:59
dnn_oof_v1_fixed_5fold_10run_73configs,nuclear_receptor,Nuclear Receptor,46,MSCMF__SMOTE__80_20,SMOTE,MSCMF,SMOTE,80_20,80/20,9,5,1404,1314,90,0.9415954415954416,0.6052631578947368,0.25555555555555554,0.359375,0.8116861153390834,0.36036521467657057,b50b414d86b3f7607cfe2403ddfde53b0eb51d59c73788dd319b162f46798cff,not fixed; not saved,16.91152024269104,PASS,2026-09-06T01:16:49
dnn_oof_v1_fixed_5fold_10run_73configs,nuclear_receptor,Nuclear Receptor,46,MSCMF__SMOTE__80_20,SMOTE,MSCMF,SMOTE,80_20,80/20,10,5,1404,1314,90,0.9408831908831908,0.5945945945945946,0.24444444444444444,0.3464566929133858,0.7928124471503467,0.35460623835619204,b50b414d86b3f7607cfe2403ddfde53b0eb51d59c73788dd319b162f46798cff,not fixed; not saved,17.668285846710205,PASS,2026-09-06T01:22:39
dnn_oof_v1_fixed_5fold_10run_73configs,nuclear_receptor,Nuclear Receptor,47,MSCMF__SMOTE__85_15,SMOTE,MSCMF,SMOTE,85_15,85/15,1,5,1404,1314,90,0.9387464387464387,0.55,0.24444444444444444,0.3384615384615385,0.8031709791983764,0.37355322672261126,b50b414d86b3f7607cfe2403ddfde53b0eb51d59c73788dd319b162f46798cff,not fixed; not saved,16.130295753479004,PASS,2026-09-06T01:28:29
dnn_oof_v1_fixed_5fold_10run_73configs,nuclear_receptor,Nuclear Receptor,47,MSCMF__SMOTE__85_15,SMOTE,MSCMF,SMOTE,85_15,85/15,2,5,1404,1314,90,0.9430199430199431,0.631578947368421,0.26666666666666666,0.375,0.7963808557415863,0.37661382699635243,b50b414d86b3f7607cfe2403ddfde53b0eb51d59c73788dd319b162f46798cff,not fixed; not saved,15.719972610473633,PASS,2026-09-06T01:34:19
dnn_oof_v1_fixed_5fold_10run_73configs,nuclear_receptor,Nuclear Receptor,47,MSCMF__SMOTE__85_15,SMOTE,MSCMF,SMOTE,85_15,85/15,3,5,1404,1314,90,0.9408831908831908,0.574468085106383,0.3,0.39416058394160586,0.8049129037713513,0.39473193694549114,b50b414d86b3f7607cfe2403ddfde53b0eb51d59c73788dd319b162f46798cff,not fixed; not saved,15.02204155921936,PASS,2026-09-06T01:40:07
dnn_oof_v1_fixed_5fold_10run_73configs,nuclear_receptor,Nuclear Receptor,47,MSCMF__SMOTE__85_15,SMOTE,MSCMF,SMOTE,85_15,85/15,4,5,1404,1314,90,0.9373219373219374,0.52,0.28888888888888886,0.37142857142857144,0.804650769490952,0.3796326307674215,b50b414d86b3f7607cfe2403ddfde53b0eb51d59c73788dd319b162f46798cff,not fixed; not saved,15.685414552688599,PASS,2026-09-06T01:45:59
dnn_oof_v1_fixed_5fold_10run_73configs,nuclear_receptor,Nuclear Receptor,47,MSCMF__SMOTE__85_15,SMOTE,MSCMF,SMOTE,85_15,85/15,5,5,1404,1314,90,0.9408831908831908,0.5853658536585366,0.26666666666666666,0.366412213740458,0.800414341281921,0.372871650058647,b50b414d86b3f7607cfe2403ddfde53b0eb51d59c73788dd319b162f46798cff,not fixed; not saved,17.433686017990112,PASS,2026-09-06T01:51:51
dnn_oof_v1_fixed_5fold_10run_73configs,nuclear_receptor,Nuclear Receptor,47,MSCMF__SMOTE__85_15,SMOTE,MSCMF,SMOTE,85_15,85/15,6,5,1404,1314,90,0.9430199430199431,0.6190476190476191,0.28888888888888886,0.3939393939393939,0.7843818704549298,0.37166817978626754,b50b414d86b3f7607cfe2403ddfde53b0eb51d59c73788dd319b162f46798cff,not fixed; not saved,15.476804494857788,PASS,2026-09-06T01:57:45
dnn_oof_v1_fixed_5fold_10run_73configs,nuclear_receptor,Nuclear Receptor,47,MSCMF__SMOTE__85_15,SMOTE,MSCMF,SMOTE,85_15,85/15,7,5,1404,1314,90,0.9408831908831908,0.5853658536585366,0.26666666666666666,0.366412213740458,0.8166412988330797,0.37824099647456144,b50b414d86b3f7607cfe2403ddfde53b0eb51d59c73788dd319b162f46798cff,not fixed; not saved,15.002564430236816,PASS,2026-09-06T02:03:34
dnn_oof_v1_fixed_5fold_10run_73configs,nuclear_receptor,Nuclear Receptor,47,MSCMF__SMOTE__85_15,SMOTE,MSCMF,SMOTE,85_15,85/15,8,5,1404,1314,90,0.9401709401709402,0.5882352941176471,0.2222222222222222,0.3225806451612903,0.7964062235751733,0.3682462035521449,b50b414d86b3f7607cfe2403ddfde53b0eb51d59c73788dd319b162f46798cff,not fixed; not saved,14.181989908218384,PASS,2026-09-06T02:09:22
dnn_oof_v1_fixed_5fold_10run_73configs,nuclear_receptor,Nuclear Receptor,47,MSCMF__SMOTE__85_15,SMOTE,MSCMF,SMOTE,85_15,85/15,9,5,1404,1314,90,0.938034188034188,0.5348837209302325,0.25555555555555554,0.3458646616541353,0.8103585320480299,0.36197890109458775,b50b414d86b3f7607cfe2403ddfde53b0eb51d59c73788dd319b162f46798cff,not fixed; not saved,15.380764245986938,PASS,2026-09-06T02:15:11
dnn_oof_v1_fixed_5fold_10run_73configs,nuclear_receptor,Nuclear Receptor,47,MSCMF__SMOTE__85_15,SMOTE,MSCMF,SMOTE,85_15,85/15,10,5,1404,1314,90,0.938034188034188,0.5365853658536586,0.24444444444444444,0.33587786259541985,0.7886352105530187,0.3622819182682012,b50b414d86b3f7607cfe2403ddfde53b0eb51d59c73788dd319b162f46798cff,not fixed; not saved,16.711257934570312,PASS,2026-09-06T02:21:01
dnn_oof_v1_fixed_5fold_10run_73configs,nuclear_receptor,Nuclear Receptor,48,MSCMF__SMOTE__90_10,SMOTE,MSCMF,SMOTE,90_10,90/10,1,5,1404,1314,90,0.938034188034188,0.5306122448979592,0.28888888888888886,0.37410071942446044,0.7991882293252156,0.3504801679099883,b50b414d86b3f7607cfe2403ddfde53b0eb51d59c73788dd319b162f46798cff,not fixed; not saved,16.453319787979126,PASS,2026-09-06T02:26:54
dnn_oof_v1_fixed_5fold_10run_73configs,nuclear_receptor,Nuclear Receptor,48,MSCMF__SMOTE__90_10,SMOTE,MSCMF,SMOTE,90_10,90/10,2,5,1404,1314,90,0.9373219373219374,0.5217391304347826,0.26666666666666666,0.35294117647058826,0.800016911889058,0.35006197212680795,b50b414d86b3f7607cfe2403ddfde53b0eb51d59c73788dd319b162f46798cff,not fixed; not saved,20.490017414093018,PASS,2026-09-06T02:32:50
dnn_oof_v1_fixed_5fold_10run_73configs,nuclear_receptor,Nuclear Receptor,48,MSCMF__SMOTE__90_10,SMOTE,MSCMF,SMOTE,90_10,90/10,3,5,1404,1314,90,0.9394586894586895,0.5581395348837209,0.26666666666666666,0.3609022556390977,0.7783189582276341,0.3544126309734977,b50b414d86b3f7607cfe2403ddfde53b0eb51d59c73788dd319b162f46798cff,not fixed; not saved,15.428614616394043,PASS,2026-09-06T02:38:43
dnn_oof_v1_fixed_5fold_10run_73configs,nuclear_receptor,Nuclear Receptor,48,MSCMF__SMOTE__90_10,SMOTE,MSCMF,SMOTE,90_10,90/10,4,5,1404,1314,90,0.9401709401709402,0.5789473684210527,0.24444444444444444,0.34375,0.7783443260612211,0.354513860592164,b50b414d86b3f7607cfe2403ddfde53b0eb51d59c73788dd319b162f46798cff,not fixed; not saved,14.580071449279785,PASS,2026-09-06T02:44:35
dnn_oof_v1_fixed_5fold_10run_73configs,nuclear_receptor,Nuclear Receptor,48,MSCMF__SMOTE__90_10,SMOTE,MSCMF,SMOTE,90_10,90/10,5,5,1404,1314,90,0.9366096866096866,0.5116279069767442,0.24444444444444444,0.3308270676691729,0.8017503805175039,0.3708027998629809,b50b414d86b3f7607cfe2403ddfde53b0eb51d59c73788dd319b162f46798cff,not fixed; not saved,14.95657992362976,PASS,2026-09-06T02:50:26
dnn_oof_v1_fixed_5fold_10run_73configs,nuclear_receptor,Nuclear Receptor,48,MSCMF__SMOTE__90_10,SMOTE,MSCMF,SMOTE,90_10,90/10,6,5,1404,1314,90,0.9373219373219374,0.5217391304347826,0.26666666666666666,0.35294117647058826,0.8063250465076949,0.36306945253616413,b50b414d86b3f7607cfe2403ddfde53b0eb51d59c73788dd319b162f46798cff,not fixed; not saved,17.908949375152588,PASS,2026-09-06T02:56:20
dnn_oof_v1_fixed_5fold_10run_73configs,nuclear_receptor,Nuclear Receptor,48,MSCMF__SMOTE__90_10,SMOTE,MSCMF,SMOTE,90_10,90/10,7,5,1404,1314,90,0.9394586894586895,0.5641025641025641,0.24444444444444444,0.34108527131782945,0.8030864197530865,0.3439200156552128,b50b414d86b3f7607cfe2403ddfde53b0eb51d59c73788dd319b162f46798cff,not fixed; not saved,17.381587028503418,PASS,2026-09-06T03:02:13
dnn_oof_v1_fixed_5fold_10run_73configs,nuclear_receptor,Nuclear Receptor,48,MSCMF__SMOTE__90_10,SMOTE,MSCMF,SMOTE,90_10,90/10,8,5,1404,1314,90,0.9387464387464387,0.5476190476190477,0.25555555555555554,0.3484848484848485,0.7951378318958229,0.3419436934963321,b50b414d86b3f7607cfe2403ddfde53b0eb51d59c73788dd319b162f46798cff,not fixed; not saved,15.361523628234863,PASS,2026-09-06T03:08:03
dnn_oof_v1_fixed_5fold_10run_73configs,nuclear_receptor,Nuclear Receptor,48,MSCMF__SMOTE__90_10,SMOTE,MSCMF,SMOTE,90_10,90/10,9,5,1404,1314,90,0.9358974358974359,0.5,0.24444444444444444,0.3283582089552239,0.8018603077963808,0.38127708763521784,b50b414d86b3f7607cfe2403ddfde53b0eb51d59c73788dd319b162f46798cff,not fixed; not saved,15.100152969360352,PASS,2026-09-06T03:13:53
dnn_oof_v1_fixed_5fold_10run_73configs,nuclear_receptor,Nuclear Receptor,48,MSCMF__SMOTE__90_10,SMOTE,MSCMF,SMOTE,90_10,90/10,10,5,1404,1314,90,0.9401709401709402,0.575,0.25555555555555554,0.35384615384615387,0.7749957720277355,0.37172615652575275,b50b414d86b3f7607cfe2403ddfde53b0eb51d59c73788dd319b162f46798cff,not fixed; not saved,17.310321807861328,PASS,2026-09-06T03:19:44
dnn_oof_v1_fixed_5fold_10run_73configs,nuclear_receptor,Nuclear Receptor,49,MSCMF__BasicSMOTE__50_50,Basic SMOTE,MSCMF,BasicSMOTE,50_50,50/50,1,5,1404,1314,90,0.9394586894586895,0.5531914893617021,0.28888888888888886,0.3795620437956204,0.8051496702181633,0.37786130471054374,b50b414d86b3f7607cfe2403ddfde53b0eb51d59c73788dd319b162f46798cff,not fixed; not saved,19.552117347717285,PASS,2026-09-06T03:25:38
dnn_oof_v1_fixed_5fold_10run_73configs,nuclear_receptor,Nuclear Receptor,49,MSCMF__BasicSMOTE__50_50,Basic SMOTE,MSCMF,BasicSMOTE,50_50,50/50,2,5,1404,1314,90,0.938034188034188,0.5333333333333333,0.26666666666666666,0.35555555555555557,0.8059952646710637,0.3831077875867929,b50b414d86b3f7607cfe2403ddfde53b0eb51d59c73788dd319b162f46798cff,not fixed; not saved,18.658859491348267,PASS,2026-09-06T03:31:40
dnn_oof_v1_fixed_5fold_10run_73configs,nuclear_receptor,Nuclear Receptor,49,MSCMF__BasicSMOTE__50_50,Basic SMOTE,MSCMF,BasicSMOTE,50_50,50/50,3,5,1404,1314,90,0.9373219373219374,0.5217391304347826,0.26666666666666666,0.35294117647058826,0.7898190427870793,0.37368583857927107,b50b414d86b3f7607cfe2403ddfde53b0eb51d59c73788dd319b162f46798cff,not fixed; not saved,18.238945245742798,PASS,2026-09-06T03:37:40
dnn_oof_v1_fixed_5fold_10run_73configs,nuclear_receptor,Nuclear Receptor,49,MSCMF__BasicSMOTE__50_50,Basic SMOTE,MSCMF,BasicSMOTE,50_50,50/50,4,5,1404,1314,90,0.9387464387464387,0.5476190476190477,0.25555555555555554,0.3484848484848485,0.8046084897683071,0.3767797817853011,b50b414d86b3f7607cfe2403ddfde53b0eb51d59c73788dd319b162f46798cff,not fixed; not saved,18.462073802947998,PASS,2026-09-06T03:43:37
dnn_oof_v1_fixed_5fold_10run_73configs,nuclear_receptor,Nuclear Receptor,49,MSCMF__BasicSMOTE__50_50,Basic SMOTE,MSCMF,BasicSMOTE,50_50,50/50,5,5,1404,1314,90,0.9408831908831908,0.574468085106383,0.3,0.39416058394160586,0.8244884153559953,0.3724767212491404,b50b414d86b3f7607cfe2403ddfde53b0eb51d59c73788dd319b162f46798cff,not fixed; not saved,18.527354955673218,PASS,2026-09-06T03:49:34
dnn_oof_v1_fixed_5fold_10run_73configs,nuclear_receptor,Nuclear Receptor,49,MSCMF__BasicSMOTE__50_50,Basic SMOTE,MSCMF,BasicSMOTE,50_50,50/50,6,5,1404,1314,90,0.9316239316239316,0.4423076923076923,0.25555555555555554,0.323943661971831,0.8024606798579401,0.37249152513192996,b50b414d86b3f7607cfe2403ddfde53b0eb51d59c73788dd319b162f46798cff,not fixed; not saved,17.503901720046997,PASS,2026-09-06T03:55:35
dnn_oof_v1_fixed_5fold_10run_73configs,nuclear_receptor,Nuclear Receptor,49,MSCMF__BasicSMOTE__50_50,Basic SMOTE,MSCMF,BasicSMOTE,50_50,50/50,7,5,1404,1314,90,0.9366096866096866,0.5102040816326531,0.2777777777777778,0.3597122302158273,0.7839337053948926,0.36951042459120426,b50b414d86b3f7607cfe2403ddfde53b0eb51d59c73788dd319b162f46798cff,not fixed; not saved,19.3965265750885,PASS,2026-09-06T04:01:33
dnn_oof_v1_fixed_5fold_10run_73configs,nuclear_receptor,Nuclear Receptor,49,MSCMF__BasicSMOTE__50_50,Basic SMOTE,MSCMF,BasicSMOTE,50_50,50/50,8,5,1404,1314,90,0.9358974358974359,0.5,0.28888888888888886,0.36619718309859156,0.8059698968374768,0.3677426037558323,b50b414d86b3f7607cfe2403ddfde53b0eb51d59c73788dd319b162f46798cff,not fixed; not saved,18.846845388412476,PASS,2026-09-06T04:07:32
dnn_oof_v1_fixed_5fold_10run_73configs,nuclear_receptor,Nuclear Receptor,49,MSCMF__BasicSMOTE__50_50,Basic SMOTE,MSCMF,BasicSMOTE,50_50,50/50,9,5,1404,1314,90,0.9423076923076923,0.6046511627906976,0.28888888888888886,0.39097744360902253,0.7973702012514797,0.37683975739370673,b50b414d86b3f7607cfe2403ddfde53b0eb51d59c73788dd319b162f46798cff,not fixed; not saved,17.46754264831543,PASS,2026-09-06T04:13:34
dnn_oof_v1_fixed_5fold_10run_73configs,nuclear_receptor,Nuclear Receptor,49,MSCMF__BasicSMOTE__50_50,Basic SMOTE,MSCMF,BasicSMOTE,50_50,50/50,10,5,1404,1314,90,0.938034188034188,0.5348837209302325,0.25555555555555554,0.3458646616541353,0.8156942330458312,0.3833896209727684,b50b414d86b3f7607cfe2403ddfde53b0eb51d59c73788dd319b162f46798cff,not fixed; not saved,20.93159580230713,PASS,2026-09-06T04:19:34
dnn_oof_v1_fixed_5fold_10run_73configs,nuclear_receptor,Nuclear Receptor,50,MSCMF__BasicSMOTE__80_20,Basic SMOTE,MSCMF,BasicSMOTE,80_20,80/20,1,5,1404,1314,90,0.9387464387464387,0.55,0.24444444444444444,0.3384615384615385,0.7917047184170471,0.35330531818653127,b50b414d86b3f7607cfe2403ddfde53b0eb51d59c73788dd319b162f46798cff,not fixed; not saved,16.754724740982056,PASS,2026-09-06T04:25:29
dnn_oof_v1_fixed_5fold_10run_73configs,nuclear_receptor,Nuclear Receptor,50,MSCMF__BasicSMOTE__80_20,Basic SMOTE,MSCMF,BasicSMOTE,80_20,80/20,2,5,1404,1314,90,0.9408831908831908,0.5945945945945946,0.24444444444444444,0.3464566929133858,0.7944190766108575,0.37420027336655387,b50b414d86b3f7607cfe2403ddfde53b0eb51d59c73788dd319b162f46798cff,not fixed; not saved,14.86720085144043,PASS,2026-09-06T04:31:28
dnn_oof_v1_fixed_5fold_10run_73configs,nuclear_receptor,Nuclear Receptor,50,MSCMF__BasicSMOTE__80_20,Basic SMOTE,MSCMF,BasicSMOTE,80_20,80/20,3,5,1404,1314,90,0.9394586894586895,0.5581395348837209,0.26666666666666666,0.3609022556390977,0.7810502283105022,0.3782363931959757,b50b414d86b3f7607cfe2403ddfde53b0eb51d59c73788dd319b162f46798cff,not fixed; not saved,15.03484582901001,PASS,2026-09-06T04:37:26
dnn_oof_v1_fixed_5fold_10run_73configs,nuclear_receptor,Nuclear Receptor,50,MSCMF__BasicSMOTE__80_20,Basic SMOTE,MSCMF,BasicSMOTE,80_20,80/20,4,5,1404,1314,90,0.9351851851851852,0.49019607843137253,0.2777777777777778,0.3546099290780142,0.8049129037713513,0.38852901808172646,b50b414d86b3f7607cfe2403ddfde53b0eb51d59c73788dd319b162f46798cff,not fixed; not saved,15.432723999023438,PASS,2026-09-06T04:43:21
dnn_oof_v1_fixed_5fold_10run_73configs,nuclear_receptor,Nuclear Receptor,50,MSCMF__BasicSMOTE__80_20,Basic SMOTE,MSCMF,BasicSMOTE,80_20,80/20,5,5,1404,1314,90,0.9373219373219374,0.5238095238095238,0.24444444444444444,0.3333333333333333,0.749864704887536,0.32876828207930453,b50b414d86b3f7607cfe2403ddfde53b0eb51d59c73788dd319b162f46798cff,not fixed; not saved,15.177910804748535,PASS,2026-09-06T04:49:18
dnn_oof_v1_fixed_5fold_10run_73configs,nuclear_receptor,Nuclear Receptor,50,MSCMF__BasicSMOTE__80_20,Basic SMOTE,MSCMF,BasicSMOTE,80_20,80/20,6,5,1404,1314,90,0.9366096866096866,0.5111111111111111,0.25555555555555554,0.34074074074074073,0.8031033316421444,0.3737646447782068,b50b414d86b3f7607cfe2403ddfde53b0eb51d59c73788dd319b162f46798cff,not fixed; not saved,15.849613428115845,PASS,2026-09-06T04:55:17
dnn_oof_v1_fixed_5fold_10run_73configs,nuclear_receptor,Nuclear Receptor,50,MSCMF__BasicSMOTE__80_20,Basic SMOTE,MSCMF,BasicSMOTE,80_20,80/20,7,5,1404,1314,90,0.938034188034188,0.5333333333333333,0.26666666666666666,0.35555555555555557,0.8016658210722137,0.3737816672064187,b50b414d86b3f7607cfe2403ddfde53b0eb51d59c73788dd319b162f46798cff,not fixed; not saved,15.449130535125732,PASS,2026-09-06T05:01:16
dnn_oof_v1_fixed_5fold_10run_73configs,nuclear_receptor,Nuclear Receptor,50,MSCMF__BasicSMOTE__80_20,Basic SMOTE,MSCMF,BasicSMOTE,80_20,80/20,8,5,1404,1314,90,0.9401709401709402,0.575,0.25555555555555554,0.35384615384615387,0.7939117199391171,0.3662948013156282,b50b414d86b3f7607cfe2403ddfde53b0eb51d59c73788dd319b162f46798cff,not fixed; not saved,15.609490156173706,PASS,2026-09-06T05:07:17
dnn_oof_v1_fixed_5fold_10run_73configs,nuclear_receptor,Nuclear Receptor,50,MSCMF__BasicSMOTE__80_20,Basic SMOTE,MSCMF,BasicSMOTE,80_20,80/20,9,5,1404,1314,90,0.938034188034188,0.5333333333333333,0.26666666666666666,0.35555555555555557,0.8178504989007273,0.38064620675779864,b50b414d86b3f7607cfe2403ddfde53b0eb51d59c73788dd319b162f46798cff,not fixed; not saved,17.512833833694458,PASS,2026-09-06T05:13:19
dnn_oof_v1_fixed_5fold_10run_73configs,nuclear_receptor,Nuclear Receptor,50,MSCMF__BasicSMOTE__80_20,Basic SMOTE,MSCMF,BasicSMOTE,80_20,80/20,10,5,1404,1314,90,0.9408831908831908,0.574468085106383,0.3,0.39416058394160586,0.7888381532217149,0.3766272601900536,b50b414d86b3f7607cfe2403ddfde53b0eb51d59c73788dd319b162f46798cff,not fixed; not saved,16.132927417755127,PASS,2026-09-06T05:19:26
dnn_oof_v1_fixed_5fold_10run_73configs,nuclear_receptor,Nuclear Receptor,51,MSCMF__BasicSMOTE__85_15,Basic SMOTE,MSCMF,BasicSMOTE,85_15,85/15,1,5,1404,1314,90,0.9358974358974359,0.5,0.23333333333333334,0.3181818181818182,0.7807289024184001,0.3449358966867395,b50b414d86b3f7607cfe2403ddfde53b0eb51d59c73788dd319b162f46798cff,not fixed; not saved,15.896679639816284,PASS,2026-09-06T05:25:28
dnn_oof_v1_fixed_5fold_10run_73configs,nuclear_receptor,Nuclear Receptor,51,MSCMF__BasicSMOTE__85_15,Basic SMOTE,MSCMF,BasicSMOTE,85_15,85/15,2,5,1404,1314,90,0.938034188034188,0.5333333333333333,0.26666666666666666,0.35555555555555557,0.7854642313546424,0.35889352016724896,b50b414d86b3f7607cfe2403ddfde53b0eb51d59c73788dd319b162f46798cff,not fixed; not saved,15.03037691116333,PASS,2026-09-06T05:31:29
dnn_oof_v1_fixed_5fold_10run_73configs,nuclear_receptor,Nuclear Receptor,51,MSCMF__BasicSMOTE__85_15,Basic SMOTE,MSCMF,BasicSMOTE,85_15,85/15,3,5,1404,1314,90,0.9351851851851852,0.4888888888888889,0.24444444444444444,0.32592592592592595,0.8071029934043634,0.38700725271048975,b50b414d86b3f7607cfe2403ddfde53b0eb51d59c73788dd319b162f46798cff,not fixed; not saved,15.550885438919067,PASS,2026-09-06T05:37:30
dnn_oof_v1_fixed_5fold_10run_73configs,nuclear_receptor,Nuclear Receptor,51,MSCMF__BasicSMOTE__85_15,Basic SMOTE,MSCMF,BasicSMOTE,85_15,85/15,4,5,1404,1314,90,0.9408831908831908,0.5853658536585366,0.26666666666666666,0.366412213740458,0.7793336715711146,0.3596401258860357,b50b414d86b3f7607cfe2403ddfde53b0eb51d59c73788dd319b162f46798cff,not fixed; not saved,17.091320514678955,PASS,2026-09-06T05:43:31
dnn_oof_v1_fixed_5fold_10run_73configs,nuclear_receptor,Nuclear Receptor,51,MSCMF__BasicSMOTE__85_15,Basic SMOTE,MSCMF,BasicSMOTE,85_15,85/15,5,5,1404,1314,90,0.9387464387464387,0.5454545454545454,0.26666666666666666,0.3582089552238806,0.8048452562151193,0.3547522850061615,b50b414d86b3f7607cfe2403ddfde53b0eb51d59c73788dd319b162f46798cff,not fixed; not saved,16.037636280059814,PASS,2026-09-06T05:49:36
dnn_oof_v1_fixed_5fold_10run_73configs,nuclear_receptor,Nuclear Receptor,51,MSCMF__BasicSMOTE__85_15,Basic SMOTE,MSCMF,BasicSMOTE,85_15,85/15,6,5,1404,1314,90,0.9387464387464387,0.5476190476190477,0.25555555555555554,0.3484848484848485,0.7959157787924912,0.35953139394750633,b50b414d86b3f7607cfe2403ddfde53b0eb51d59c73788dd319b162f46798cff,not fixed; not saved,16.326672554016113,PASS,2026-09-06T05:55:42
dnn_oof_v1_fixed_5fold_10run_73configs,nuclear_receptor,Nuclear Receptor,51,MSCMF__BasicSMOTE__85_15,Basic SMOTE,MSCMF,BasicSMOTE,85_15,85/15,7,5,1404,1314,90,0.9423076923076923,0.6046511627906976,0.28888888888888886,0.39097744360902253,0.7992981566040926,0.377525941008992,b50b414d86b3f7607cfe2403ddfde53b0eb51d59c73788dd319b162f46798cff,not fixed; not saved,14.61374020576477,PASS,2026-09-06T06:01:46
dnn_oof_v1_fixed_5fold_10run_73configs,nuclear_receptor,Nuclear Receptor,51,MSCMF__BasicSMOTE__85_15,Basic SMOTE,MSCMF,BasicSMOTE,85_15,85/15,8,5,1404,1314,90,0.9415954415954416,0.6176470588235294,0.23333333333333334,0.3387096774193548,0.8028919330289194,0.35160725122447456,b50b414d86b3f7607cfe2403ddfde53b0eb51d59c73788dd319b162f46798cff,not fixed; not saved,15.374354600906372,PASS,2026-09-06T06:07:54
dnn_oof_v1_fixed_5fold_10run_73configs,nuclear_receptor,Nuclear Receptor,51,MSCMF__BasicSMOTE__85_15,Basic SMOTE,MSCMF,BasicSMOTE,85_15,85/15,9,5,1404,1314,90,0.9408831908831908,0.5777777777777777,0.28888888888888886,0.3851851851851852,0.7866649754777609,0.3686721928361242,b50b414d86b3f7607cfe2403ddfde53b0eb51d59c73788dd319b162f46798cff,not fixed; not saved,15.739384889602661,PASS,2026-09-06T06:14:00
dnn_oof_v1_fixed_5fold_10run_73configs,nuclear_receptor,Nuclear Receptor,51,MSCMF__BasicSMOTE__85_15,Basic SMOTE,MSCMF,BasicSMOTE,85_15,85/15,10,5,1404,1314,90,0.9373219373219374,0.5217391304347826,0.26666666666666666,0.35294117647058826,0.8120835447319465,0.3611576655279622,b50b414d86b3f7607cfe2403ddfde53b0eb51d59c73788dd319b162f46798cff,not fixed; not saved,16.760103702545166,PASS,2026-09-06T06:20:03
dnn_oof_v1_fixed_5fold_10run_73configs,nuclear_receptor,Nuclear Receptor,52,MSCMF__BasicSMOTE__90_10,Basic SMOTE,MSCMF,BasicSMOTE,90_10,90/10,1,5,1404,1314,90,0.9351851851851852,0.48936170212765956,0.25555555555555554,0.3357664233576642,0.7621934720108237,0.3459096003985198,b50b414d86b3f7607cfe2403ddfde53b0eb51d59c73788dd319b162f46798cff,not fixed; not saved,16.91107726097107,PASS,2026-09-06T06:26:06
dnn_oof_v1_fixed_5fold_10run_73configs,nuclear_receptor,Nuclear Receptor,52,MSCMF__BasicSMOTE__90_10,Basic SMOTE,MSCMF,BasicSMOTE,90_10,90/10,2,5,1404,1314,90,0.9351851851851852,0.48936170212765956,0.25555555555555554,0.3357664233576642,0.7724759005580922,0.3570931942892959,b50b414d86b3f7607cfe2403ddfde53b0eb51d59c73788dd319b162f46798cff,not fixed; not saved,16.826000690460205,PASS,2026-09-06T06:32:15
dnn_oof_v1_fixed_5fold_10run_73configs,nuclear_receptor,Nuclear Receptor,52,MSCMF__BasicSMOTE__90_10,Basic SMOTE,MSCMF,BasicSMOTE,90_10,90/10,3,5,1404,1314,90,0.938034188034188,0.5333333333333333,0.26666666666666666,0.35555555555555557,0.8054456282766784,0.37139529813242744,b50b414d86b3f7607cfe2403ddfde53b0eb51d59c73788dd319b162f46798cff,not fixed; not saved,17.28926968574524,PASS,2026-09-06T06:38:22
dnn_oof_v1_fixed_5fold_10run_73configs,nuclear_receptor,Nuclear Receptor,52,MSCMF__BasicSMOTE__90_10,Basic SMOTE,MSCMF,BasicSMOTE,90_10,90/10,4,5,1404,1314,90,0.9366096866096866,0.5111111111111111,0.25555555555555554,0.34074074074074073,0.7698461018095721,0.35280082406530705,b50b414d86b3f7607cfe2403ddfde53b0eb51d59c73788dd319b162f46798cff,not fixed; not saved,17.150285243988037,PASS,2026-09-06T06:44:30
dnn_oof_v1_fixed_5fold_10run_73configs,nuclear_receptor,Nuclear Receptor,52,MSCMF__BasicSMOTE__90_10,Basic SMOTE,MSCMF,BasicSMOTE,90_10,90/10,5,5,1404,1314,90,0.9358974358974359,0.5,0.2777777777777778,0.35714285714285715,0.7727803145611365,0.3635920145335788,b50b414d86b3f7607cfe2403ddfde53b0eb51d59c73788dd319b162f46798cff,not fixed; not saved,16.735274076461792,PASS,2026-09-06T06:50:43
dnn_oof_v1_fixed_5fold_10run_73configs,nuclear_receptor,Nuclear Receptor,52,MSCMF__BasicSMOTE__90_10,Basic SMOTE,MSCMF,BasicSMOTE,90_10,90/10,6,5,1404,1314,90,0.9358974358974359,0.5,0.26666666666666666,0.34782608695652173,0.7796211736851006,0.3638514434696649,b50b414d86b3f7607cfe2403ddfde53b0eb51d59c73788dd319b162f46798cff,not fixed; not saved,16.981212377548218,PASS,2026-09-06T06:56:55
dnn_oof_v1_fixed_5fold_10run_73configs,nuclear_receptor,Nuclear Receptor,52,MSCMF__BasicSMOTE__90_10,Basic SMOTE,MSCMF,BasicSMOTE,90_10,90/10,7,5,1404,1314,90,0.9373219373219374,0.5227272727272727,0.25555555555555554,0.34328358208955223,0.773811939793675,0.3470516026960589,b50b414d86b3f7607cfe2403ddfde53b0eb51d59c73788dd319b162f46798cff,not fixed; not saved,17.449576377868652,PASS,2026-09-06T07:03:04
dnn_oof_v1_fixed_5fold_10run_73configs,nuclear_receptor,Nuclear Receptor,52,MSCMF__BasicSMOTE__90_10,Basic SMOTE,MSCMF,BasicSMOTE,90_10,90/10,8,5,1404,1314,90,0.9373219373219374,0.5208333333333334,0.2777777777777778,0.36231884057971014,0.804211060375444,0.372666995512167,b50b414d86b3f7607cfe2403ddfde53b0eb51d59c73788dd319b162f46798cff,not fixed; not saved,17.748815298080444,PASS,2026-09-06T07:09:12
dnn_oof_v1_fixed_5fold_10run_73configs,nuclear_receptor,Nuclear Receptor,52,MSCMF__BasicSMOTE__90_10,Basic SMOTE,MSCMF,BasicSMOTE,90_10,90/10,9,5,1404,1314,90,0.9387464387464387,0.5454545454545454,0.26666666666666666,0.3582089552238806,0.7988499915440554,0.3644000219112069,b50b414d86b3f7607cfe2403ddfde53b0eb51d59c73788dd319b162f46798cff,not fixed; not saved,17.38176655769348,PASS,2026-09-06T07:15:22
dnn_oof_v1_fixed_5fold_10run_73configs,nuclear_receptor,Nuclear Receptor,52,MSCMF__BasicSMOTE__90_10,Basic SMOTE,MSCMF,BasicSMOTE,90_10,90/10,10,5,1404,1314,90,0.9408831908831908,0.5777777777777777,0.28888888888888886,0.3851851851851852,0.8034500253678336,0.37742154437404124,b50b414d86b3f7607cfe2403ddfde53b0eb51d59c73788dd319b162f46798cff,not fixed; not saved,17.28855586051941,PASS,2026-09-06T07:21:31
dnn_oof_v1_fixed_5fold_10run_73configs,nuclear_receptor,Nuclear Receptor,53,MSCMF__KMeansSMOTE__50_50,k-Means SMOTE,MSCMF,KMeansSMOTE,50_50,50/50,1,5,1404,1314,90,0.9387464387464387,0.5434782608695652,0.2777777777777778,0.36764705882352944,0.7852697446304753,0.3746071533081729,b50b414d86b3f7607cfe2403ddfde53b0eb51d59c73788dd319b162f46798cff,not fixed; not saved,20.05768132209778,PASS,2026-09-06T07:27:43
dnn_oof_v1_fixed_5fold_10run_73configs,nuclear_receptor,Nuclear Receptor,53,MSCMF__KMeansSMOTE__50_50,k-Means SMOTE,MSCMF,KMeansSMOTE,50_50,50/50,2,5,1404,1314,90,0.938034188034188,0.5306122448979592,0.28888888888888886,0.37410071942446044,0.7898021308980214,0.3808483446932927,b50b414d86b3f7607cfe2403ddfde53b0eb51d59c73788dd319b162f46798cff,not fixed; not saved,19.14401650428772,PASS,2026-09-06T07:33:56
dnn_oof_v1_fixed_5fold_10run_73configs,nuclear_receptor,Nuclear Receptor,53,MSCMF__KMeansSMOTE__50_50,k-Means SMOTE,MSCMF,KMeansSMOTE,50_50,50/50,3,5,1404,1314,90,0.938034188034188,0.5319148936170213,0.2777777777777778,0.36496350364963503,0.7804921359715881,0.37755828163960226,b50b414d86b3f7607cfe2403ddfde53b0eb51d59c73788dd319b162f46798cff,not fixed; not saved,18.899246215820312,PASS,2026-09-06T07:40:11
dnn_oof_v1_fixed_5fold_10run_73configs,nuclear_receptor,Nuclear Receptor,53,MSCMF__KMeansSMOTE__50_50,k-Means SMOTE,MSCMF,KMeansSMOTE,50_50,50/50,4,5,1404,1314,90,0.9408831908831908,0.574468085106383,0.3,0.39416058394160586,0.7966683578555724,0.37756673213812403,b50b414d86b3f7607cfe2403ddfde53b0eb51d59c73788dd319b162f46798cff,not fixed; not saved,21.237047910690308,PASS,2026-09-06T07:46:23
dnn_oof_v1_fixed_5fold_10run_73configs,nuclear_receptor,Nuclear Receptor,53,MSCMF__KMeansSMOTE__50_50,k-Means SMOTE,MSCMF,KMeansSMOTE,50_50,50/50,5,5,1404,1314,90,0.938034188034188,0.5306122448979592,0.28888888888888886,0.37410071942446044,0.8012937595129376,0.3932787635624134,b50b414d86b3f7607cfe2403ddfde53b0eb51d59c73788dd319b162f46798cff,not fixed; not saved,20.383445501327515,PASS,2026-09-06T07:52:35
dnn_oof_v1_fixed_5fold_10run_73configs,nuclear_receptor,Nuclear Receptor,53,MSCMF__KMeansSMOTE__50_50,k-Means SMOTE,MSCMF,KMeansSMOTE,50_50,50/50,6,5,1404,1314,90,0.9366096866096866,0.5111111111111111,0.25555555555555554,0.34074074074074073,0.7923473702012515,0.36949594459015356,b50b414d86b3f7607cfe2403ddfde53b0eb51d59c73788dd319b162f46798cff,not fixed; not saved,21.065481185913086,PASS,2026-09-06T07:58:46
dnn_oof_v1_fixed_5fold_10run_73configs,nuclear_receptor,Nuclear Receptor,53,MSCMF__KMeansSMOTE__50_50,k-Means SMOTE,MSCMF,KMeansSMOTE,50_50,50/50,7,5,1404,1314,90,0.938034188034188,0.5306122448979592,0.28888888888888886,0.37410071942446044,0.7922966345340775,0.37403777133953137,b50b414d86b3f7607cfe2403ddfde53b0eb51d59c73788dd319b162f46798cff,not fixed; not saved,19.37695622444153,PASS,2026-09-06T08:05:01
dnn_oof_v1_fixed_5fold_10run_73configs,nuclear_receptor,Nuclear Receptor,53,MSCMF__KMeansSMOTE__50_50,k-Means SMOTE,MSCMF,KMeansSMOTE,50_50,50/50,8,5,1404,1314,90,0.9387464387464387,0.54,0.3,0.38571428571428573,0.7872399797057331,0.3761700362402059,b50b414d86b3f7607cfe2403ddfde53b0eb51d59c73788dd319b162f46798cff,not fixed; not saved,19.95084500312805,PASS,2026-09-06T08:11:17
dnn_oof_v1_fixed_5fold_10run_73configs,nuclear_receptor,Nuclear Receptor,53,MSCMF__KMeansSMOTE__50_50,k-Means SMOTE,MSCMF,KMeansSMOTE,50_50,50/50,9,5,1404,1314,90,0.9394586894586895,0.5581395348837209,0.26666666666666666,0.3609022556390977,0.8023507525790631,0.38817833203542335,b50b414d86b3f7607cfe2403ddfde53b0eb51d59c73788dd319b162f46798cff,not fixed; not saved,18.14318060874939,PASS,2026-09-06T08:17:31
dnn_oof_v1_fixed_5fold_10run_73configs,nuclear_receptor,Nuclear Receptor,53,MSCMF__KMeansSMOTE__50_50,k-Means SMOTE,MSCMF,KMeansSMOTE,50_50,50/50,10,5,1404,1314,90,0.9387464387464387,0.5476190476190477,0.25555555555555554,0.3484848484848485,0.778200575004228,0.3763504223240409,b50b414d86b3f7607cfe2403ddfde53b0eb51d59c73788dd319b162f46798cff,not fixed; not saved,18.896267414093018,PASS,2026-09-06T08:23:45
dnn_oof_v1_fixed_5fold_10run_73configs,nuclear_receptor,Nuclear Receptor,54,MSCMF__KMeansSMOTE__80_20,k-Means SMOTE,MSCMF,KMeansSMOTE,80_20,80/20,1,5,1404,1314,90,0.9387464387464387,0.5476190476190477,0.25555555555555554,0.3484848484848485,0.7705141214273635,0.34336381452545306,b50b414d86b3f7607cfe2403ddfde53b0eb51d59c73788dd319b162f46798cff,not fixed; not saved,16.244926929473877,PASS,2026-09-06T08:29:56
dnn_oof_v1_fixed_5fold_10run_73configs,nuclear_receptor,Nuclear Receptor,54,MSCMF__KMeansSMOTE__80_20,k-Means SMOTE,MSCMF,KMeansSMOTE,80_20,80/20,2,5,1404,1314,90,0.9415954415954416,0.6,0.26666666666666666,0.36923076923076925,0.7304921359715881,0.3359229577706514,b50b414d86b3f7607cfe2403ddfde53b0eb51d59c73788dd319b162f46798cff,not fixed; not saved,15.788789987564087,PASS,2026-09-06T08:36:11
dnn_oof_v1_fixed_5fold_10run_73configs,nuclear_receptor,Nuclear Receptor,54,MSCMF__KMeansSMOTE__80_20,k-Means SMOTE,MSCMF,KMeansSMOTE,80_20,80/20,3,5,1404,1314,90,0.9423076923076923,0.6216216216216216,0.25555555555555554,0.36220472440944884,0.7927109758159987,0.3559679952022924,b50b414d86b3f7607cfe2403ddfde53b0eb51d59c73788dd319b162f46798cff,not fixed; not saved,15.133152961730957,PASS,2026-09-06T08:42:26
dnn_oof_v1_fixed_5fold_10run_73configs,nuclear_receptor,Nuclear Receptor,54,MSCMF__KMeansSMOTE__80_20,k-Means SMOTE,MSCMF,KMeansSMOTE,80_20,80/20,4,5,1404,1314,90,0.9387464387464387,0.5476190476190477,0.25555555555555554,0.3484848484848485,0.7638339252494503,0.3075722084231742,b50b414d86b3f7607cfe2403ddfde53b0eb51d59c73788dd319b162f46798cff,not fixed; not saved,16.867976665496826,PASS,2026-09-06T08:48:39
dnn_oof_v1_fixed_5fold_10run_73configs,nuclear_receptor,Nuclear Receptor,54,MSCMF__KMeansSMOTE__80_20,k-Means SMOTE,MSCMF,KMeansSMOTE,80_20,80/20,5,5,1404,1314,90,0.9408831908831908,0.5897435897435898,0.25555555555555554,0.35658914728682173,0.7640368679181464,0.35047295571976356,b50b414d86b3f7607cfe2403ddfde53b0eb51d59c73788dd319b162f46798cff,not fixed; not saved,18.058040618896484,PASS,2026-09-06T08:54:53
dnn_oof_v1_fixed_5fold_10run_73configs,nuclear_receptor,Nuclear Receptor,54,MSCMF__KMeansSMOTE__80_20,k-Means SMOTE,MSCMF,KMeansSMOTE,80_20,80/20,6,5,1404,1314,90,0.9401709401709402,0.5789473684210527,0.24444444444444444,0.34375,0.7761796042617961,0.3553469537763009,b50b414d86b3f7607cfe2403ddfde53b0eb51d59c73788dd319b162f46798cff,not fixed; not saved,16.672544479370117,PASS,2026-09-06T09:01:05
dnn_oof_v1_fixed_5fold_10run_73configs,nuclear_receptor,Nuclear Receptor,54,MSCMF__KMeansSMOTE__80_20,k-Means SMOTE,MSCMF,KMeansSMOTE,80_20,80/20,7,5,1404,1314,90,0.9437321937321937,0.6341463414634146,0.28888888888888886,0.3969465648854962,0.7794351429054626,0.35592282192535085,b50b414d86b3f7607cfe2403ddfde53b0eb51d59c73788dd319b162f46798cff,not fixed; not saved,16.63733220100403,PASS,2026-09-06T09:07:22
dnn_oof_v1_fixed_5fold_10run_73configs,nuclear_receptor,Nuclear Receptor,54,MSCMF__KMeansSMOTE__80_20,k-Means SMOTE,MSCMF,KMeansSMOTE,80_20,80/20,8,5,1404,1314,90,0.9423076923076923,0.6153846153846154,0.26666666666666666,0.37209302325581395,0.7903940470150516,0.356777087697769,b50b414d86b3f7607cfe2403ddfde53b0eb51d59c73788dd319b162f46798cff,not fixed; not saved,15.649188995361328,PASS,2026-09-06T09:13:40
dnn_oof_v1_fixed_5fold_10run_73configs,nuclear_receptor,Nuclear Receptor,54,MSCMF__KMeansSMOTE__80_20,k-Means SMOTE,MSCMF,KMeansSMOTE,80_20,80/20,9,5,1404,1314,90,0.9401709401709402,0.575,0.25555555555555554,0.35384615384615387,0.7677236597327922,0.35805259982857945,b50b414d86b3f7607cfe2403ddfde53b0eb51d59c73788dd319b162f46798cff,not fixed; not saved,15.544533252716064,PASS,2026-09-06T09:19:59
dnn_oof_v1_fixed_5fold_10run_73configs,nuclear_receptor,Nuclear Receptor,54,MSCMF__KMeansSMOTE__80_20,k-Means SMOTE,MSCMF,KMeansSMOTE,80_20,80/20,10,5,1404,1314,90,0.9408831908831908,0.5813953488372093,0.2777777777777778,0.37593984962406013,0.7591070522577373,0.3524571401875895,b50b414d86b3f7607cfe2403ddfde53b0eb51d59c73788dd319b162f46798cff,not fixed; not saved,17.842955589294434,PASS,2026-09-06T09:26:17
dnn_oof_v1_fixed_5fold_10run_73configs,nuclear_receptor,Nuclear Receptor,55,MSCMF__KMeansSMOTE__85_15,k-Means SMOTE,MSCMF,KMeansSMOTE,85_15,85/15,1,5,1404,1314,90,0.9423076923076923,0.6153846153846154,0.26666666666666666,0.37209302325581395,0.7637662776932184,0.366135065375179,b50b414d86b3f7607cfe2403ddfde53b0eb51d59c73788dd319b162f46798cff,not fixed; not saved,16.59829568862915,PASS,2026-09-06T09:32:36
dnn_oof_v1_fixed_5fold_10run_73configs,nuclear_receptor,Nuclear Receptor,55,MSCMF__KMeansSMOTE__85_15,k-Means SMOTE,MSCMF,KMeansSMOTE,85_15,85/15,2,5,1404,1314,90,0.9394586894586895,0.5555555555555556,0.2777777777777778,0.37037037037037035,0.7719262641637071,0.3536111320915934,b50b414d86b3f7607cfe2403ddfde53b0eb51d59c73788dd319b162f46798cff,not fixed; not saved,16.01632523536682,PASS,2026-09-06T09:38:59
dnn_oof_v1_fixed_5fold_10run_73configs,nuclear_receptor,Nuclear Receptor,55,MSCMF__KMeansSMOTE__85_15,k-Means SMOTE,MSCMF,KMeansSMOTE,85_15,85/15,3,5,1404,1314,90,0.9408831908831908,0.5897435897435898,0.25555555555555554,0.35658914728682173,0.7866903433113478,0.3624287697123387,b50b414d86b3f7607cfe2403ddfde53b0eb51d59c73788dd319b162f46798cff,not fixed; not saved,15.228533029556274,PASS,2026-09-06T09:45:20
dnn_oof_v1_fixed_5fold_10run_73configs,nuclear_receptor,Nuclear Receptor,55,MSCMF__KMeansSMOTE__85_15,k-Means SMOTE,MSCMF,KMeansSMOTE,85_15,85/15,4,5,1404,1314,90,0.9358974358974359,0.5,0.25555555555555554,0.3382352941176471,0.7656096736005411,0.3649181616475161,b50b414d86b3f7607cfe2403ddfde53b0eb51d59c73788dd319b162f46798cff,not fixed; not saved,15.440755605697632,PASS,2026-09-06T09:51:39
dnn_oof_v1_fixed_5fold_10run_73configs,nuclear_receptor,Nuclear Receptor,55,MSCMF__KMeansSMOTE__85_15,k-Means SMOTE,MSCMF,KMeansSMOTE,85_15,85/15,5,5,1404,1314,90,0.9394586894586895,0.5675675675675675,0.23333333333333334,0.33070866141732286,0.7769744630475225,0.3593828149934421,b50b414d86b3f7607cfe2403ddfde53b0eb51d59c73788dd319b162f46798cff,not fixed; not saved,17.15672278404236,PASS,2026-09-06T09:57:58
dnn_oof_v1_fixed_5fold_10run_73configs,nuclear_receptor,Nuclear Receptor,55,MSCMF__KMeansSMOTE__85_15,k-Means SMOTE,MSCMF,KMeansSMOTE,85_15,85/15,6,5,1404,1314,90,0.9394586894586895,0.5555555555555556,0.2777777777777778,0.37037037037037035,0.7726196516150854,0.3632101800228135,b50b414d86b3f7607cfe2403ddfde53b0eb51d59c73788dd319b162f46798cff,not fixed; not saved,16.664252519607544,PASS,2026-09-06T10:04:17
dnn_oof_v1_fixed_5fold_10run_73configs,nuclear_receptor,Nuclear Receptor,55,MSCMF__KMeansSMOTE__85_15,k-Means SMOTE,MSCMF,KMeansSMOTE,85_15,85/15,7,5,1404,1314,90,0.9408831908831908,0.5853658536585366,0.26666666666666666,0.366412213740458,0.769736174530695,0.3545240310369974,b50b414d86b3f7607cfe2403ddfde53b0eb51d59c73788dd319b162f46798cff,not fixed; not saved,16.334479331970215,PASS,2026-09-06T10:10:35
dnn_oof_v1_fixed_5fold_10run_73configs,nuclear_receptor,Nuclear Receptor,55,MSCMF__KMeansSMOTE__85_15,k-Means SMOTE,MSCMF,KMeansSMOTE,85_15,85/15,8,5,1404,1314,90,0.9401709401709402,0.5714285714285714,0.26666666666666666,0.36363636363636365,0.754388635210553,0.3445590466696831,b50b414d86b3f7607cfe2403ddfde53b0eb51d59c73788dd319b162f46798cff,not fixed; not saved,16.291577339172363,PASS,2026-09-06T10:16:54
dnn_oof_v1_fixed_5fold_10run_73configs,nuclear_receptor,Nuclear Receptor,55,MSCMF__KMeansSMOTE__85_15,k-Means SMOTE,MSCMF,KMeansSMOTE,85_15,85/15,9,5,1404,1314,90,0.9408831908831908,0.6,0.23333333333333334,0.336,0.7881955014375107,0.3496581776478439,b50b414d86b3f7607cfe2403ddfde53b0eb51d59c73788dd319b162f46798cff,not fixed; not saved,17.028560638427734,PASS,2026-09-06T10:23:11
dnn_oof_v1_fixed_5fold_10run_73configs,nuclear_receptor,Nuclear Receptor,55,MSCMF__KMeansSMOTE__85_15,k-Means SMOTE,MSCMF,KMeansSMOTE,85_15,85/15,10,5,1404,1314,90,0.938034188034188,0.5365853658536586,0.24444444444444444,0.33587786259541985,0.7868594622019279,0.35483245137272706,b50b414d86b3f7607cfe2403ddfde53b0eb51d59c73788dd319b162f46798cff,not fixed; not saved,17.257097005844116,PASS,2026-09-06T10:29:29
dnn_oof_v1_fixed_5fold_10run_73configs,nuclear_receptor,Nuclear Receptor,56,MSCMF__KMeansSMOTE__90_10,k-Means SMOTE,MSCMF,KMeansSMOTE,90_10,90/10,1,5,1404,1314,90,0.9401709401709402,0.5714285714285714,0.26666666666666666,0.36363636363636365,0.7749957720277356,0.3626542433991318,b50b414d86b3f7607cfe2403ddfde53b0eb51d59c73788dd319b162f46798cff,not fixed; not saved,17.329896211624146,PASS,2026-09-06T10:35:49
dnn_oof_v1_fixed_5fold_10run_73configs,nuclear_receptor,Nuclear Receptor,56,MSCMF__KMeansSMOTE__90_10,k-Means SMOTE,MSCMF,KMeansSMOTE,90_10,90/10,2,5,1404,1314,90,0.9387464387464387,0.5434782608695652,0.2777777777777778,0.36764705882352944,0.7843734145104008,0.35832510438319537,b50b414d86b3f7607cfe2403ddfde53b0eb51d59c73788dd319b162f46798cff,not fixed; not saved,17.36442804336548,PASS,2026-09-06T10:42:09
dnn_oof_v1_fixed_5fold_10run_73configs,nuclear_receptor,Nuclear Receptor,56,MSCMF__KMeansSMOTE__90_10,k-Means SMOTE,MSCMF,KMeansSMOTE,90_10,90/10,3,5,1404,1314,90,0.9408831908831908,0.5853658536585366,0.26666666666666666,0.366412213740458,0.7821156773211568,0.36447692057639264,b50b414d86b3f7607cfe2403ddfde53b0eb51d59c73788dd319b162f46798cff,not fixed; not saved,17.348230600357056,PASS,2026-09-06T10:48:29
dnn_oof_v1_fixed_5fold_10run_73configs,nuclear_receptor,Nuclear Receptor,56,MSCMF__KMeansSMOTE__90_10,k-Means SMOTE,MSCMF,KMeansSMOTE,90_10,90/10,4,5,1404,1314,90,0.9401709401709402,0.575,0.25555555555555554,0.35384615384615387,0.8034077456451887,0.36398610264376347,b50b414d86b3f7607cfe2403ddfde53b0eb51d59c73788dd319b162f46798cff,not fixed; not saved,20.12739586830139,PASS,2026-09-06T10:54:52
dnn_oof_v1_fixed_5fold_10run_73configs,nuclear_receptor,Nuclear Receptor,56,MSCMF__KMeansSMOTE__90_10,k-Means SMOTE,MSCMF,KMeansSMOTE,90_10,90/10,5,5,1404,1314,90,0.9394586894586895,0.5609756097560976,0.25555555555555554,0.3511450381679389,0.7973532893624219,0.3795161973523236,b50b414d86b3f7607cfe2403ddfde53b0eb51d59c73788dd319b162f46798cff,not fixed; not saved,17.84445071220398,PASS,2026-09-06T11:01:13
dnn_oof_v1_fixed_5fold_10run_73configs,nuclear_receptor,Nuclear Receptor,56,MSCMF__KMeansSMOTE__90_10,k-Means SMOTE,MSCMF,KMeansSMOTE,90_10,90/10,6,5,1404,1314,90,0.9387464387464387,0.5555555555555556,0.2222222222222222,0.31746031746031744,0.7746406223575174,0.35441971342368683,b50b414d86b3f7607cfe2403ddfde53b0eb51d59c73788dd319b162f46798cff,not fixed; not saved,17.4859721660614,PASS,2026-09-06T11:07:36
dnn_oof_v1_fixed_5fold_10run_73configs,nuclear_receptor,Nuclear Receptor,56,MSCMF__KMeansSMOTE__90_10,k-Means SMOTE,MSCMF,KMeansSMOTE,90_10,90/10,7,5,1404,1314,90,0.9366096866096866,0.5128205128205128,0.2222222222222222,0.31007751937984496,0.777862337223068,0.3488181868960484,b50b414d86b3f7607cfe2403ddfde53b0eb51d59c73788dd319b162f46798cff,not fixed; not saved,17.51238703727722,PASS,2026-09-06T11:14:00
dnn_oof_v1_fixed_5fold_10run_73configs,nuclear_receptor,Nuclear Receptor,56,MSCMF__KMeansSMOTE__90_10,k-Means SMOTE,MSCMF,KMeansSMOTE,90_10,90/10,8,5,1404,1314,90,0.9408831908831908,0.5945945945945946,0.24444444444444444,0.3464566929133858,0.8018941315744968,0.35841001362361546,b50b414d86b3f7607cfe2403ddfde53b0eb51d59c73788dd319b162f46798cff,not fixed; not saved,16.667139530181885,PASS,2026-09-06T11:20:22
dnn_oof_v1_fixed_5fold_10run_73configs,nuclear_receptor,Nuclear Receptor,56,MSCMF__KMeansSMOTE__90_10,k-Means SMOTE,MSCMF,KMeansSMOTE,90_10,90/10,9,5,1404,1314,90,0.9394586894586895,0.5555555555555556,0.2777777777777778,0.37037037037037035,0.7734398782343989,0.3423051034846855,b50b414d86b3f7607cfe2403ddfde53b0eb51d59c73788dd319b162f46798cff,not fixed; not saved,16.988277912139893,PASS,2026-09-06T11:26:43
dnn_oof_v1_fixed_5fold_10run_73configs,nuclear_receptor,Nuclear Receptor,56,MSCMF__KMeansSMOTE__90_10,k-Means SMOTE,MSCMF,KMeansSMOTE,90_10,90/10,10,5,1404,1314,90,0.9408831908831908,0.5813953488372093,0.2777777777777778,0.37593984962406013,0.7899543378995434,0.36201925618295727,b50b414d86b3f7607cfe2403ddfde53b0eb51d59c73788dd319b162f46798cff,not fixed; not saved,17.249090671539307,PASS,2026-09-06T11:33:06
dnn_oof_v1_fixed_5fold_10run_73configs,nuclear_receptor,Nuclear Receptor,57,MSCMF__SMOTETomekLinks__50_50,SMOTE + Tomek Links,MSCMF,SMOTETomekLinks,50_50,50/50,1,5,1404,1314,90,0.9337606837606838,0.46938775510204084,0.25555555555555554,0.33093525179856115,0.8038897344833418,0.377579101997538,b50b414d86b3f7607cfe2403ddfde53b0eb51d59c73788dd319b162f46798cff,not fixed; not saved,19.37437629699707,PASS,2026-09-06T11:39:31
dnn_oof_v1_fixed_5fold_10run_73configs,nuclear_receptor,Nuclear Receptor,57,MSCMF__SMOTETomekLinks__50_50,SMOTE + Tomek Links,MSCMF,SMOTETomekLinks,50_50,50/50,2,5,1404,1314,90,0.9387464387464387,0.5434782608695652,0.2777777777777778,0.36764705882352944,0.8036191442584136,0.3761882650677786,b50b414d86b3f7607cfe2403ddfde53b0eb51d59c73788dd319b162f46798cff,not fixed; not saved,18.35430145263672,PASS,2026-09-06T11:45:59
dnn_oof_v1_fixed_5fold_10run_73configs,nuclear_receptor,Nuclear Receptor,57,MSCMF__SMOTETomekLinks__50_50,SMOTE + Tomek Links,MSCMF,SMOTETomekLinks,50_50,50/50,3,5,1404,1314,90,0.938034188034188,0.5333333333333333,0.26666666666666666,0.35555555555555557,0.8254946727549467,0.38356332629326184,b50b414d86b3f7607cfe2403ddfde53b0eb51d59c73788dd319b162f46798cff,not fixed; not saved,20.654709100723267,PASS,2026-09-06T11:52:26
dnn_oof_v1_fixed_5fold_10run_73configs,nuclear_receptor,Nuclear Receptor,57,MSCMF__SMOTETomekLinks__50_50,SMOTE + Tomek Links,MSCMF,SMOTETomekLinks,50_50,50/50,4,5,1404,1314,90,0.9351851851851852,0.49019607843137253,0.2777777777777778,0.3546099290780142,0.7842634872315238,0.3698328384429254,b50b414d86b3f7607cfe2403ddfde53b0eb51d59c73788dd319b162f46798cff,not fixed; not saved,20.633819341659546,PASS,2026-09-06T11:58:48
dnn_oof_v1_fixed_5fold_10run_73configs,nuclear_receptor,Nuclear Receptor,57,MSCMF__SMOTETomekLinks__50_50,SMOTE + Tomek Links,MSCMF,SMOTETomekLinks,50_50,50/50,5,5,1404,1314,90,0.9394586894586895,0.5581395348837209,0.26666666666666666,0.3609022556390977,0.7919330289193303,0.35945199024983987,b50b414d86b3f7607cfe2403ddfde53b0eb51d59c73788dd319b162f46798cff,not fixed; not saved,20.973721265792847,PASS,2026-09-06T12:05:16
dnn_oof_v1_fixed_5fold_10run_73configs,nuclear_receptor,Nuclear Receptor,57,MSCMF__SMOTETomekLinks__50_50,SMOTE + Tomek Links,MSCMF,SMOTETomekLinks,50_50,50/50,6,5,1404,1314,90,0.9401709401709402,0.5625,0.3,0.391304347826087,0.795611364789447,0.387116362489764,b50b414d86b3f7607cfe2403ddfde53b0eb51d59c73788dd319b162f46798cff,not fixed; not saved,20.318035364151,PASS,2026-09-06T12:11:41
dnn_oof_v1_fixed_5fold_10run_73configs,nuclear_receptor,Nuclear Receptor,57,MSCMF__SMOTETomekLinks__50_50,SMOTE + Tomek Links,MSCMF,SMOTETomekLinks,50_50,50/50,7,5,1404,1314,90,0.938034188034188,0.5348837209302325,0.25555555555555554,0.3458646616541353,0.7850837138508372,0.3775899682730861,b50b414d86b3f7607cfe2403ddfde53b0eb51d59c73788dd319b162f46798cff,not fixed; not saved,18.51541256904602,PASS,2026-09-06T12:18:10
dnn_oof_v1_fixed_5fold_10run_73configs,nuclear_receptor,Nuclear Receptor,57,MSCMF__SMOTETomekLinks__50_50,SMOTE + Tomek Links,MSCMF,SMOTETomekLinks,50_50,50/50,8,5,1404,1314,90,0.9351851851851852,0.4909090909090909,0.3,0.3724137931034483,0.8010231692880093,0.3763187147141534,b50b414d86b3f7607cfe2403ddfde53b0eb51d59c73788dd319b162f46798cff,not fixed; not saved,17.705299615859985,PASS,2026-09-06T12:24:34
dnn_oof_v1_fixed_5fold_10run_73configs,nuclear_receptor,Nuclear Receptor,57,MSCMF__SMOTETomekLinks__50_50,SMOTE + Tomek Links,MSCMF,SMOTETomekLinks,50_50,50/50,9,5,1404,1314,90,0.9344729344729344,0.48,0.26666666666666666,0.34285714285714286,0.8069000507356671,0.3783154846536627,b50b414d86b3f7607cfe2403ddfde53b0eb51d59c73788dd319b162f46798cff,not fixed; not saved,18.53021240234375,PASS,2026-09-06T12:31:01
dnn_oof_v1_fixed_5fold_10run_73configs,nuclear_receptor,Nuclear Receptor,57,MSCMF__SMOTETomekLinks__50_50,SMOTE + Tomek Links,MSCMF,SMOTETomekLinks,50_50,50/50,10,5,1404,1314,90,0.9351851851851852,0.49056603773584906,0.28888888888888886,0.36363636363636365,0.8035345848131236,0.37906367360987214,b50b414d86b3f7607cfe2403ddfde53b0eb51d59c73788dd319b162f46798cff,not fixed; not saved,18.891117334365845,PASS,2026-09-06T12:37:27
dnn_oof_v1_fixed_5fold_10run_73configs,nuclear_receptor,Nuclear Receptor,58,MSCMF__SMOTETomekLinks__80_20,SMOTE + Tomek Links,MSCMF,SMOTETomekLinks,80_20,80/20,1,5,1404,1314,90,0.938034188034188,0.5319148936170213,0.2777777777777778,0.36496350364963503,0.8092000676475563,0.3718309624150207,b50b414d86b3f7607cfe2403ddfde53b0eb51d59c73788dd319b162f46798cff,not fixed; not saved,15.863460302352905,PASS,2026-09-06T12:43:50
dnn_oof_v1_fixed_5fold_10run_73configs,nuclear_receptor,Nuclear Receptor,58,MSCMF__SMOTETomekLinks__80_20,SMOTE + Tomek Links,MSCMF,SMOTETomekLinks,80_20,80/20,2,5,1404,1314,90,0.9423076923076923,0.6046511627906976,0.28888888888888886,0.39097744360902253,0.7878403517672924,0.3692945840732254,b50b414d86b3f7607cfe2403ddfde53b0eb51d59c73788dd319b162f46798cff,not fixed; not saved,16.245094537734985,PASS,2026-09-06T12:50:13
dnn_oof_v1_fixed_5fold_10run_73configs,nuclear_receptor,Nuclear Receptor,58,MSCMF__SMOTETomekLinks__80_20,SMOTE + Tomek Links,MSCMF,SMOTETomekLinks,80_20,80/20,3,5,1404,1314,90,0.9387464387464387,0.5454545454545454,0.26666666666666666,0.3582089552238806,0.8069254185692543,0.38314144531292055,b50b414d86b3f7607cfe2403ddfde53b0eb51d59c73788dd319b162f46798cff,not fixed; not saved,16.194682598114014,PASS,2026-09-06T12:56:39
dnn_oof_v1_fixed_5fold_10run_73configs,nuclear_receptor,Nuclear Receptor,58,MSCMF__SMOTETomekLinks__80_20,SMOTE + Tomek Links,MSCMF,SMOTETomekLinks,80_20,80/20,4,5,1404,1314,90,0.9415954415954416,0.5909090909090909,0.28888888888888886,0.3880597014925373,0.7873414510400811,0.38719299307238864,b50b414d86b3f7607cfe2403ddfde53b0eb51d59c73788dd319b162f46798cff,not fixed; not saved,16.560331344604492,PASS,2026-09-06T13:03:04
dnn_oof_v1_fixed_5fold_10run_73configs,nuclear_receptor,Nuclear Receptor,58,MSCMF__SMOTETomekLinks__80_20,SMOTE + Tomek Links,MSCMF,SMOTETomekLinks,80_20,80/20,5,5,1404,1314,90,0.9401709401709402,0.575,0.25555555555555554,0.35384615384615387,0.8051412142736344,0.3660002928957464,b50b414d86b3f7607cfe2403ddfde53b0eb51d59c73788dd319b162f46798cff,not fixed; not saved,15.144619226455688,PASS,2026-09-06T13:09:28
dnn_oof_v1_fixed_5fold_10run_73configs,nuclear_receptor,Nuclear Receptor,58,MSCMF__SMOTETomekLinks__80_20,SMOTE + Tomek Links,MSCMF,SMOTETomekLinks,80_20,80/20,6,5,1404,1314,90,0.9358974358974359,0.5,0.24444444444444444,0.3283582089552239,0.7928758667343142,0.36625872512571295,b50b414d86b3f7607cfe2403ddfde53b0eb51d59c73788dd319b162f46798cff,not fixed; not saved,15.52001953125,PASS,2026-09-06T13:15:54
dnn_oof_v1_fixed_5fold_10run_73configs,nuclear_receptor,Nuclear Receptor,58,MSCMF__SMOTETomekLinks__80_20,SMOTE + Tomek Links,MSCMF,SMOTETomekLinks,80_20,80/20,7,5,1404,1314,90,0.9387464387464387,0.5416666666666666,0.28888888888888886,0.37681159420289856,0.8063419583967529,0.3851195575527029,b50b414d86b3f7607cfe2403ddfde53b0eb51d59c73788dd319b162f46798cff,not fixed; not saved,15.46497654914856,PASS,2026-09-06T13:22:22
dnn_oof_v1_fixed_5fold_10run_73configs,nuclear_receptor,Nuclear Receptor,58,MSCMF__SMOTETomekLinks__80_20,SMOTE + Tomek Links,MSCMF,SMOTETomekLinks,80_20,80/20,8,5,1404,1314,90,0.9366096866096866,0.5116279069767442,0.24444444444444444,0.3308270676691729,0.7825046507694909,0.3721538229099816,b50b414d86b3f7607cfe2403ddfde53b0eb51d59c73788dd319b162f46798cff,not fixed; not saved,16.070096731185913,PASS,2026-09-06T13:28:54
dnn_oof_v1_fixed_5fold_10run_73configs,nuclear_receptor,Nuclear Receptor,58,MSCMF__SMOTETomekLinks__80_20,SMOTE + Tomek Links,MSCMF,SMOTETomekLinks,80_20,80/20,9,5,1404,1314,90,0.9408831908831908,0.5853658536585366,0.26666666666666666,0.366412213740458,0.81095044816506,0.374362597868522,b50b414d86b3f7607cfe2403ddfde53b0eb51d59c73788dd319b162f46798cff,not fixed; not saved,17.62620782852173,PASS,2026-09-06T13:35:24
dnn_oof_v1_fixed_5fold_10run_73configs,nuclear_receptor,Nuclear Receptor,58,MSCMF__SMOTETomekLinks__80_20,SMOTE + Tomek Links,MSCMF,SMOTETomekLinks,80_20,80/20,10,5,1404,1314,90,0.9316239316239316,0.4423076923076923,0.25555555555555554,0.323943661971831,0.7886944021647219,0.37758469286169044,b50b414d86b3f7607cfe2403ddfde53b0eb51d59c73788dd319b162f46798cff,not fixed; not saved,15.484262228012085,PASS,2026-09-06T13:41:57
dnn_oof_v1_fixed_5fold_10run_73configs,nuclear_receptor,Nuclear Receptor,59,MSCMF__SMOTETomekLinks__85_15,SMOTE + Tomek Links,MSCMF,SMOTETomekLinks,85_15,85/15,1,5,1404,1314,90,0.9415954415954416,0.5909090909090909,0.28888888888888886,0.3880597014925373,0.8039742939286318,0.3819182347956235,b50b414d86b3f7607cfe2403ddfde53b0eb51d59c73788dd319b162f46798cff,not fixed; not saved,16.42873525619507,PASS,2026-09-06T13:48:27
dnn_oof_v1_fixed_5fold_10run_73configs,nuclear_receptor,Nuclear Receptor,59,MSCMF__SMOTETomekLinks__85_15,SMOTE + Tomek Links,MSCMF,SMOTETomekLinks,85_15,85/15,2,5,1404,1314,90,0.9401709401709402,0.5882352941176471,0.2222222222222222,0.3225806451612903,0.7834517165567394,0.35619679338216165,b50b414d86b3f7607cfe2403ddfde53b0eb51d59c73788dd319b162f46798cff,not fixed; not saved,15.170271873474121,PASS,2026-09-06T13:54:59
dnn_oof_v1_fixed_5fold_10run_73configs,nuclear_receptor,Nuclear Receptor,59,MSCMF__SMOTETomekLinks__85_15,SMOTE + Tomek Links,MSCMF,SMOTETomekLinks,85_15,85/15,3,5,1404,1314,90,0.938034188034188,0.5348837209302325,0.25555555555555554,0.3458646616541353,0.7945712836123795,0.3637430996837089,b50b414d86b3f7607cfe2403ddfde53b0eb51d59c73788dd319b162f46798cff,not fixed; not saved,15.886070728302002,PASS,2026-09-06T14:01:29
dnn_oof_v1_fixed_5fold_10run_73configs,nuclear_receptor,Nuclear Receptor,59,MSCMF__SMOTETomekLinks__85_15,SMOTE + Tomek Links,MSCMF,SMOTETomekLinks,85_15,85/15,4,5,1404,1314,90,0.9408831908831908,0.5945945945945946,0.24444444444444444,0.3464566929133858,0.7731185523422966,0.3697351611023416,b50b414d86b3f7607cfe2403ddfde53b0eb51d59c73788dd319b162f46798cff,not fixed; not saved,17.400489807128906,PASS,2026-09-06T14:07:59
dnn_oof_v1_fixed_5fold_10run_73configs,nuclear_receptor,Nuclear Receptor,59,MSCMF__SMOTETomekLinks__85_15,SMOTE + Tomek Links,MSCMF,SMOTETomekLinks,85_15,85/15,5,5,1404,1314,90,0.9394586894586895,0.5641025641025641,0.24444444444444444,0.34108527131782945,0.7763910028750212,0.3618877115528429,b50b414d86b3f7607cfe2403ddfde53b0eb51d59c73788dd319b162f46798cff,not fixed; not saved,15.901257753372192,PASS,2026-09-06T14:14:30
dnn_oof_v1_fixed_5fold_10run_73configs,nuclear_receptor,Nuclear Receptor,59,MSCMF__SMOTETomekLinks__85_15,SMOTE + Tomek Links,MSCMF,SMOTETomekLinks,85_15,85/15,6,5,1404,1314,90,0.9408831908831908,0.5853658536585366,0.26666666666666666,0.366412213740458,0.7940639269406393,0.3779092818936911,b50b414d86b3f7607cfe2403ddfde53b0eb51d59c73788dd319b162f46798cff,not fixed; not saved,16.670067310333252,PASS,2026-09-06T14:21:00
dnn_oof_v1_fixed_5fold_10run_73configs,nuclear_receptor,Nuclear Receptor,59,MSCMF__SMOTETomekLinks__85_15,SMOTE + Tomek Links,MSCMF,SMOTETomekLinks,85_15,85/15,7,5,1404,1314,90,0.9401709401709402,0.5681818181818182,0.2777777777777778,0.373134328358209,0.8071621850160664,0.3854853586518393,b50b414d86b3f7607cfe2403ddfde53b0eb51d59c73788dd319b162f46798cff,not fixed; not saved,14.564309120178223,PASS,2026-09-06T14:27:34
dnn_oof_v1_fixed_5fold_10run_73configs,nuclear_receptor,Nuclear Receptor,59,MSCMF__SMOTETomekLinks__85_15,SMOTE + Tomek Links,MSCMF,SMOTETomekLinks,85_15,85/15,8,5,1404,1314,90,0.9415954415954416,0.5952380952380952,0.2777777777777778,0.3787878787878788,0.8076779976323356,0.3860633842167309,b50b414d86b3f7607cfe2403ddfde53b0eb51d59c73788dd319b162f46798cff,not fixed; not saved,16.29507851600647,PASS,2026-09-06T14:34:02
dnn_oof_v1_fixed_5fold_10run_73configs,nuclear_receptor,Nuclear Receptor,59,MSCMF__SMOTETomekLinks__85_15,SMOTE + Tomek Links,MSCMF,SMOTETomekLinks,85_15,85/15,9,5,1404,1314,90,0.9387464387464387,0.5434782608695652,0.2777777777777778,0.36764705882352944,0.8046000338237781,0.37910599510510806,b50b414d86b3f7607cfe2403ddfde53b0eb51d59c73788dd319b162f46798cff,not fixed; not saved,15.19379734992981,PASS,2026-09-06T14:40:31
dnn_oof_v1_fixed_5fold_10run_73configs,nuclear_receptor,Nuclear Receptor,59,MSCMF__SMOTETomekLinks__85_15,SMOTE + Tomek Links,MSCMF,SMOTETomekLinks,85_15,85/15,10,5,1404,1314,90,0.9401709401709402,0.575,0.25555555555555554,0.35384615384615387,0.773972602739726,0.365223982411285,b50b414d86b3f7607cfe2403ddfde53b0eb51d59c73788dd319b162f46798cff,not fixed; not saved,15.394683599472046,PASS,2026-09-06T14:47:03
dnn_oof_v1_fixed_5fold_10run_73configs,nuclear_receptor,Nuclear Receptor,60,MSCMF__SMOTETomekLinks__90_10,SMOTE + Tomek Links,MSCMF,SMOTETomekLinks,90_10,90/10,1,5,1404,1314,90,0.9401709401709402,0.5681818181818182,0.2777777777777778,0.373134328358209,0.7819042787079318,0.3519446474382972,b50b414d86b3f7607cfe2403ddfde53b0eb51d59c73788dd319b162f46798cff,not fixed; not saved,15.321359157562256,PASS,2026-09-06T14:53:33
dnn_oof_v1_fixed_5fold_10run_73configs,nuclear_receptor,Nuclear Receptor,60,MSCMF__SMOTETomekLinks__90_10,SMOTE + Tomek Links,MSCMF,SMOTETomekLinks,90_10,90/10,2,5,1404,1314,90,0.9394586894586895,0.5555555555555556,0.2777777777777778,0.37037037037037035,0.7722306781667512,0.353904008432569,b50b414d86b3f7607cfe2403ddfde53b0eb51d59c73788dd319b162f46798cff,not fixed; not saved,15.329479932785034,PASS,2026-09-06T15:00:06
dnn_oof_v1_fixed_5fold_10run_73configs,nuclear_receptor,Nuclear Receptor,60,MSCMF__SMOTETomekLinks__90_10,SMOTE + Tomek Links,MSCMF,SMOTETomekLinks,90_10,90/10,3,5,1404,1314,90,0.9408831908831908,0.5897435897435898,0.25555555555555554,0.35658914728682173,0.8014797902925757,0.3619079354782594,b50b414d86b3f7607cfe2403ddfde53b0eb51d59c73788dd319b162f46798cff,not fixed; not saved,15.21736741065979,PASS,2026-09-06T15:06:40
dnn_oof_v1_fixed_5fold_10run_73configs,nuclear_receptor,Nuclear Receptor,60,MSCMF__SMOTETomekLinks__90_10,SMOTE + Tomek Links,MSCMF,SMOTETomekLinks,90_10,90/10,4,5,1404,1314,90,0.9373219373219374,0.5227272727272727,0.25555555555555554,0.34328358208955223,0.8033485540334857,0.3641361245039276,b50b414d86b3f7607cfe2403ddfde53b0eb51d59c73788dd319b162f46798cff,not fixed; not saved,15.606193542480469,PASS,2026-09-06T15:13:12
dnn_oof_v1_fixed_5fold_10run_73configs,nuclear_receptor,Nuclear Receptor,60,MSCMF__SMOTETomekLinks__90_10,SMOTE + Tomek Links,MSCMF,SMOTETomekLinks,90_10,90/10,5,5,1404,1314,90,0.938034188034188,0.5348837209302325,0.25555555555555554,0.3458646616541353,0.7916370708608151,0.3683572971508712,b50b414d86b3f7607cfe2403ddfde53b0eb51d59c73788dd319b162f46798cff,not fixed; not saved,14.421262264251709,PASS,2026-09-06T15:19:46
dnn_oof_v1_fixed_5fold_10run_73configs,nuclear_receptor,Nuclear Receptor,60,MSCMF__SMOTETomekLinks__90_10,SMOTE + Tomek Links,MSCMF,SMOTETomekLinks,90_10,90/10,6,5,1404,1314,90,0.938034188034188,0.5333333333333333,0.26666666666666666,0.35555555555555557,0.79779299847793,0.37952239901794005,b50b414d86b3f7607cfe2403ddfde53b0eb51d59c73788dd319b162f46798cff,not fixed; not saved,14.528185844421387,PASS,2026-09-06T15:26:18
dnn_oof_v1_fixed_5fold_10run_73configs,nuclear_receptor,Nuclear Receptor,60,MSCMF__SMOTETomekLinks__90_10,SMOTE + Tomek Links,MSCMF,SMOTETomekLinks,90_10,90/10,7,5,1404,1314,90,0.9387464387464387,0.5476190476190477,0.25555555555555554,0.3484848484848485,0.8177997632335532,0.37143391353775074,b50b414d86b3f7607cfe2403ddfde53b0eb51d59c73788dd319b162f46798cff,not fixed; not saved,15.585599899291992,PASS,2026-09-06T15:32:54
dnn_oof_v1_fixed_5fold_10run_73configs,nuclear_receptor,Nuclear Receptor,60,MSCMF__SMOTETomekLinks__90_10,SMOTE + Tomek Links,MSCMF,SMOTETomekLinks,90_10,90/10,8,5,1404,1314,90,0.9401709401709402,0.5652173913043478,0.28888888888888886,0.38235294117647056,0.8075849822425165,0.3718386894528921,b50b414d86b3f7607cfe2403ddfde53b0eb51d59c73788dd319b162f46798cff,not fixed; not saved,15.593396425247192,PASS,2026-09-06T15:39:30
dnn_oof_v1_fixed_5fold_10run_73configs,nuclear_receptor,Nuclear Receptor,60,MSCMF__SMOTETomekLinks__90_10,SMOTE + Tomek Links,MSCMF,SMOTETomekLinks,90_10,90/10,9,5,1404,1314,90,0.9408831908831908,0.5813953488372093,0.2777777777777778,0.37593984962406013,0.8018180280737359,0.363897100570328,b50b414d86b3f7607cfe2403ddfde53b0eb51d59c73788dd319b162f46798cff,not fixed; not saved,14.588691234588623,PASS,2026-09-06T15:46:03
dnn_oof_v1_fixed_5fold_10run_73configs,nuclear_receptor,Nuclear Receptor,60,MSCMF__SMOTETomekLinks__90_10,SMOTE + Tomek Links,MSCMF,SMOTETomekLinks,90_10,90/10,10,5,1404,1314,90,0.9415954415954416,0.5952380952380952,0.2777777777777778,0.3787878787878788,0.8029342127515644,0.3798650898093244,b50b414d86b3f7607cfe2403ddfde53b0eb51d59c73788dd319b162f46798cff,not fixed; not saved,15.24584174156189,PASS,2026-09-06T15:52:36
dnn_oof_v1_fixed_5fold_10run_73configs,nuclear_receptor,Nuclear Receptor,61,MSCMF__CNNTomekLinks__50_50,CNN + Tomek Links,MSCMF,CNNTomekLinks,50_50,50/50,1,5,1404,1314,90,0.8076923076923077,0.10869565217391304,0.2777777777777778,0.15625,0.6047184170471842,0.20900042071125968,b50b414d86b3f7607cfe2403ddfde53b0eb51d59c73788dd319b162f46798cff,not fixed; not saved,10.776706457138062,PASS,2026-09-06T15:59:09
dnn_oof_v1_fixed_5fold_10run_73configs,nuclear_receptor,Nuclear Receptor,61,MSCMF__CNNTomekLinks__50_50,CNN + Tomek Links,MSCMF,CNNTomekLinks,50_50,50/50,2,5,1404,1314,90,0.7827635327635327,0.10037174721189591,0.3,0.15041782729805014,0.6210383899881617,0.24611931224386577,b50b414d86b3f7607cfe2403ddfde53b0eb51d59c73788dd319b162f46798cff,not fixed; not saved,10.440025806427002,PASS,2026-09-06T16:05:40
dnn_oof_v1_fixed_5fold_10run_73configs,nuclear_receptor,Nuclear Receptor,61,MSCMF__CNNTomekLinks__50_50,CNN + Tomek Links,MSCMF,CNNTomekLinks,50_50,50/50,3,5,1404,1314,90,0.8062678062678063,0.10775862068965517,0.2777777777777778,0.15527950310559005,0.615305259597497,0.2595282376968616,b50b414d86b3f7607cfe2403ddfde53b0eb51d59c73788dd319b162f46798cff,not fixed; not saved,10.417876958847046,PASS,2026-09-06T16:12:10
dnn_oof_v1_fixed_5fold_10run_73configs,nuclear_receptor,Nuclear Receptor,61,MSCMF__CNNTomekLinks__50_50,CNN + Tomek Links,MSCMF,CNNTomekLinks,50_50,50/50,4,5,1404,1314,90,0.792022792022792,0.10236220472440945,0.28888888888888886,0.1511627906976744,0.6218670725520041,0.2689976022211687,b50b414d86b3f7607cfe2403ddfde53b0eb51d59c73788dd319b162f46798cff,not fixed; not saved,10.928172588348389,PASS,2026-09-06T16:18:44
dnn_oof_v1_fixed_5fold_10run_73configs,nuclear_receptor,Nuclear Receptor,61,MSCMF__CNNTomekLinks__50_50,CNN + Tomek Links,MSCMF,CNNTomekLinks,50_50,50/50,5,5,1404,1314,90,0.7977207977207977,0.10569105691056911,0.28888888888888886,0.15476190476190477,0.5996363943852528,0.2333700981821047,b50b414d86b3f7607cfe2403ddfde53b0eb51d59c73788dd319b162f46798cff,not fixed; not saved,10.977624654769897,PASS,2026-09-06T16:25:18
dnn_oof_v1_fixed_5fold_10run_73configs,nuclear_receptor,Nuclear Receptor,61,MSCMF__CNNTomekLinks__50_50,CNN + Tomek Links,MSCMF,CNNTomekLinks,50_50,50/50,6,5,1404,1314,90,0.7962962962962963,0.09836065573770492,0.26666666666666666,0.1437125748502994,0.5940470150515813,0.21088247530559268,b50b414d86b3f7607cfe2403ddfde53b0eb51d59c73788dd319b162f46798cff,not fixed; not saved,10.542334079742432,PASS,2026-09-06T16:31:50
dnn_oof_v1_fixed_5fold_10run_73configs,nuclear_receptor,Nuclear Receptor,61,MSCMF__CNNTomekLinks__50_50,CNN + Tomek Links,MSCMF,CNNTomekLinks,50_50,50/50,7,5,1404,1314,90,0.7727920227920227,0.09824561403508772,0.3111111111111111,0.14933333333333335,0.6052088618298664,0.24789948537381773,b50b414d86b3f7607cfe2403ddfde53b0eb51d59c73788dd319b162f46798cff,not fixed; not saved,10.134224891662598,PASS,2026-09-06T16:38:22
dnn_oof_v1_fixed_5fold_10run_73configs,nuclear_receptor,Nuclear Receptor,61,MSCMF__CNNTomekLinks__50_50,CNN + Tomek Links,MSCMF,CNNTomekLinks,50_50,50/50,8,5,1404,1314,90,0.7884615384615384,0.09727626459143969,0.2777777777777778,0.1440922190201729,0.6035599526467107,0.19586732902862486,b50b414d86b3f7607cfe2403ddfde53b0eb51d59c73788dd319b162f46798cff,not fixed; not saved,10.281534433364868,PASS,2026-09-06T16:44:55
dnn_oof_v1_fixed_5fold_10run_73configs,nuclear_receptor,Nuclear Receptor,61,MSCMF__CNNTomekLinks__50_50,CNN + Tomek Links,MSCMF,CNNTomekLinks,50_50,50/50,9,5,1404,1314,90,0.7955840455840456,0.10756972111553785,0.3,0.15835777126099707,0.6255115846440048,0.22117172005704364,b50b414d86b3f7607cfe2403ddfde53b0eb51d59c73788dd319b162f46798cff,not fixed; not saved,10.771589279174805,PASS,2026-09-06T16:51:29
dnn_oof_v1_fixed_5fold_10run_73configs,nuclear_receptor,Nuclear Receptor,61,MSCMF__CNNTomekLinks__50_50,CNN + Tomek Links,MSCMF,CNNTomekLinks,50_50,50/50,10,5,1404,1314,90,0.7642450142450142,0.0859106529209622,0.2777777777777778,0.13123359580052493,0.6122526636225267,0.2412388666576356,b50b414d86b3f7607cfe2403ddfde53b0eb51d59c73788dd319b162f46798cff,not fixed; not saved,10.495144128799438,PASS,2026-09-06T16:58:03
dnn_oof_v1_fixed_5fold_10run_73configs,nuclear_receptor,Nuclear Receptor,62,MSCMF__CNNTomekLinks__80_20,CNN + Tomek Links,MSCMF,CNNTomekLinks,80_20,80/20,1,5,1404,1314,90,0.8803418803418803,0.19047619047619047,0.26666666666666666,0.2222222222222222,0.5999154405547099,0.26327207240707867,b50b414d86b3f7607cfe2403ddfde53b0eb51d59c73788dd319b162f46798cff,not fixed; not saved,10.266587972640991,PASS,2026-09-06T17:04:38
dnn_oof_v1_fixed_5fold_10run_73configs,nuclear_receptor,Nuclear Receptor,62,MSCMF__CNNTomekLinks__80_20,CNN + Tomek Links,MSCMF,CNNTomekLinks,80_20,80/20,2,5,1404,1314,90,0.8803418803418803,0.18548387096774194,0.25555555555555554,0.21495327102803738,0.6058599695585998,0.27141024922918333,b50b414d86b3f7607cfe2403ddfde53b0eb51d59c73788dd319b162f46798cff,not fixed; not saved,9.851261377334595,PASS,2026-09-06T17:11:12
dnn_oof_v1_fixed_5fold_10run_73configs,nuclear_receptor,Nuclear Receptor,62,MSCMF__CNNTomekLinks__80_20,CNN + Tomek Links,MSCMF,CNNTomekLinks,80_20,80/20,3,5,1404,1314,90,0.8981481481481481,0.24761904761904763,0.28888888888888886,0.26666666666666666,0.6228056823947234,0.28045642698243345,b50b414d86b3f7607cfe2403ddfde53b0eb51d59c73788dd319b162f46798cff,not fixed; not saved,9.979981899261475,PASS,2026-09-06T17:17:49
dnn_oof_v1_fixed_5fold_10run_73configs,nuclear_receptor,Nuclear Receptor,62,MSCMF__CNNTomekLinks__80_20,CNN + Tomek Links,MSCMF,CNNTomekLinks,80_20,80/20,4,5,1404,1314,90,0.8817663817663818,0.1885245901639344,0.25555555555555554,0.2169811320754717,0.6108912565533571,0.28501321825698794,b50b414d86b3f7607cfe2403ddfde53b0eb51d59c73788dd319b162f46798cff,not fixed; not saved,10.286455392837524,PASS,2026-09-06T17:24:23
dnn_oof_v1_fixed_5fold_10run_73configs,nuclear_receptor,Nuclear Receptor,62,MSCMF__CNNTomekLinks__80_20,CNN + Tomek Links,MSCMF,CNNTomekLinks,80_20,80/20,5,5,1404,1314,90,0.8867521367521367,0.19469026548672566,0.24444444444444444,0.21674876847290642,0.5733891425672248,0.2419753389154889,b50b414d86b3f7607cfe2403ddfde53b0eb51d59c73788dd319b162f46798cff,not fixed; not saved,9.99623155593872,PASS,2026-09-06T17:30:59
dnn_oof_v1_fixed_5fold_10run_73configs,nuclear_receptor,Nuclear Receptor,62,MSCMF__CNNTomekLinks__80_20,CNN + Tomek Links,MSCMF,CNNTomekLinks,80_20,80/20,6,5,1404,1314,90,0.8938746438746439,0.21904761904761905,0.25555555555555554,0.2358974358974359,0.6031371554202605,0.28834728818530825,b50b414d86b3f7607cfe2403ddfde53b0eb51d59c73788dd319b162f46798cff,not fixed; not saved,9.897087812423706,PASS,2026-09-06T17:37:34
dnn_oof_v1_fixed_5fold_10run_73configs,nuclear_receptor,Nuclear Receptor,62,MSCMF__CNNTomekLinks__80_20,CNN + Tomek Links,MSCMF,CNNTomekLinks,80_20,80/20,7,5,1404,1314,90,0.8874643874643875,0.211864406779661,0.2777777777777778,0.2403846153846154,0.6082022661931338,0.26301749248899414,b50b414d86b3f7607cfe2403ddfde53b0eb51d59c73788dd319b162f46798cff,not fixed; not saved,10.893959760665894,PASS,2026-09-06T17:44:11
dnn_oof_v1_fixed_5fold_10run_73configs,nuclear_receptor,Nuclear Receptor,62,MSCMF__CNNTomekLinks__80_20,CNN + Tomek Links,MSCMF,CNNTomekLinks,80_20,80/20,8,5,1404,1314,90,0.9066951566951567,0.2696629213483146,0.26666666666666666,0.2681564245810056,0.5892355826145781,0.2698465103723149,b50b414d86b3f7607cfe2403ddfde53b0eb51d59c73788dd319b162f46798cff,not fixed; not saved,10.567099809646606,PASS,2026-09-06T17:50:48
dnn_oof_v1_fixed_5fold_10run_73configs,nuclear_receptor,Nuclear Receptor,62,MSCMF__CNNTomekLinks__80_20,CNN + Tomek Links,MSCMF,CNNTomekLinks,80_20,80/20,9,5,1404,1314,90,0.8675213675213675,0.16666666666666666,0.26666666666666666,0.20512820512820512,0.6110180957212921,0.2569696536194461,b50b414d86b3f7607cfe2403ddfde53b0eb51d59c73788dd319b162f46798cff,not fixed; not saved,12.714270830154419,PASS,2026-09-06T17:57:26
dnn_oof_v1_fixed_5fold_10run_73configs,nuclear_receptor,Nuclear Receptor,62,MSCMF__CNNTomekLinks__80_20,CNN + Tomek Links,MSCMF,CNNTomekLinks,80_20,80/20,10,5,1404,1314,90,0.8938746438746439,0.23423423423423423,0.28888888888888886,0.25870646766169153,0.6225181802807374,0.2996976908272855,b50b414d86b3f7607cfe2403ddfde53b0eb51d59c73788dd319b162f46798cff,not fixed; not saved,11.030274152755737,PASS,2026-09-06T18:04:03
dnn_oof_v1_fixed_5fold_10run_73configs,nuclear_receptor,Nuclear Receptor,63,MSCMF__CNNTomekLinks__85_15,CNN + Tomek Links,MSCMF,CNNTomekLinks,85_15,85/15,1,5,1404,1314,90,0.9301994301994302,0.4230769230769231,0.24444444444444444,0.30985915492957744,0.5704718417047183,0.18244577474081541,b50b414d86b3f7607cfe2403ddfde53b0eb51d59c73788dd319b162f46798cff,not fixed; not saved,10.692661046981812,PASS,2026-09-06T18:10:40
dnn_oof_v1_fixed_5fold_10run_73configs,nuclear_receptor,Nuclear Receptor,63,MSCMF__CNNTomekLinks__85_15,CNN + Tomek Links,MSCMF,CNNTomekLinks,85_15,85/15,2,5,1404,1314,90,0.9173789173789174,0.3088235294117647,0.23333333333333334,0.26582278481012656,0.5718670725520041,0.21969448008114506,b50b414d86b3f7607cfe2403ddfde53b0eb51d59c73788dd319b162f46798cff,not fixed; not saved,9.883870124816895,PASS,2026-09-06T18:17:16
dnn_oof_v1_fixed_5fold_10run_73configs,nuclear_receptor,Nuclear Receptor,63,MSCMF__CNNTomekLinks__85_15,CNN + Tomek Links,MSCMF,CNNTomekLinks,85_15,85/15,3,5,1404,1314,90,0.9273504273504274,0.4,0.26666666666666666,0.32,0.562785388127854,0.21262306217904117,b50b414d86b3f7607cfe2403ddfde53b0eb51d59c73788dd319b162f46798cff,not fixed; not saved,13.124619483947754,PASS,2026-09-06T18:23:56
dnn_oof_v1_fixed_5fold_10run_73configs,nuclear_receptor,Nuclear Receptor,63,MSCMF__CNNTomekLinks__85_15,CNN + Tomek Links,MSCMF,CNNTomekLinks,85_15,85/15,4,5,1404,1314,90,0.9273504273504274,0.39285714285714285,0.24444444444444444,0.3013698630136986,0.5615592761711483,0.23543502296497404,b50b414d86b3f7607cfe2403ddfde53b0eb51d59c73788dd319b162f46798cff,not fixed; not saved,10.73439908027649,PASS,2026-09-06T18:30:38
dnn_oof_v1_fixed_5fold_10run_73configs,nuclear_receptor,Nuclear Receptor,63,MSCMF__CNNTomekLinks__85_15,CNN + Tomek Links,MSCMF,CNNTomekLinks,85_15,85/15,5,5,1404,1314,90,0.9294871794871795,0.41509433962264153,0.24444444444444444,0.3076923076923077,0.5613732453915102,0.25422052016380337,b50b414d86b3f7607cfe2403ddfde53b0eb51d59c73788dd319b162f46798cff,not fixed; not saved,10.345308542251587,PASS,2026-09-06T18:37:16
dnn_oof_v1_fixed_5fold_10run_73configs,nuclear_receptor,Nuclear Receptor,63,MSCMF__CNNTomekLinks__85_15,CNN + Tomek Links,MSCMF,CNNTomekLinks,85_15,85/15,6,5,1404,1314,90,0.9252136752136753,0.3770491803278688,0.25555555555555554,0.304635761589404,0.5685438863521055,0.2352831588441257,b50b414d86b3f7607cfe2403ddfde53b0eb51d59c73788dd319b162f46798cff,not fixed; not saved,10.54720425605774,PASS,2026-09-06T18:43:53
dnn_oof_v1_fixed_5fold_10run_73configs,nuclear_receptor,Nuclear Receptor,63,MSCMF__CNNTomekLinks__85_15,CNN + Tomek Links,MSCMF,CNNTomekLinks,85_15,85/15,7,5,1404,1314,90,0.9280626780626781,0.40350877192982454,0.25555555555555554,0.3129251700680272,0.5534415694233046,0.20781520596487654,b50b414d86b3f7607cfe2403ddfde53b0eb51d59c73788dd319b162f46798cff,not fixed; not saved,13.042134523391724,PASS,2026-09-06T18:50:34
dnn_oof_v1_fixed_5fold_10run_73configs,nuclear_receptor,Nuclear Receptor,63,MSCMF__CNNTomekLinks__85_15,CNN + Tomek Links,MSCMF,CNNTomekLinks,85_15,85/15,8,5,1404,1314,90,0.9202279202279202,0.3333333333333333,0.24444444444444444,0.28205128205128205,0.5493066125486217,0.22692844730902056,b50b414d86b3f7607cfe2403ddfde53b0eb51d59c73788dd319b162f46798cff,not fixed; not saved,10.390814304351807,PASS,2026-09-06T18:57:14
dnn_oof_v1_fixed_5fold_10run_73configs,nuclear_receptor,Nuclear Receptor,63,MSCMF__CNNTomekLinks__85_15,CNN + Tomek Links,MSCMF,CNNTomekLinks,85_15,85/15,9,5,1404,1314,90,0.9230769230769231,0.3269230769230769,0.18888888888888888,0.23943661971830985,0.5644596651445967,0.18896026703976138,b50b414d86b3f7607cfe2403ddfde53b0eb51d59c73788dd319b162f46798cff,not fixed; not saved,12.100986003875732,PASS,2026-09-06T19:03:55
dnn_oof_v1_fixed_5fold_10run_73configs,nuclear_receptor,Nuclear Receptor,63,MSCMF__CNNTomekLinks__85_15,CNN + Tomek Links,MSCMF,CNNTomekLinks,85_15,85/15,10,5,1404,1314,90,0.9202279202279202,0.31666666666666665,0.2111111111111111,0.25333333333333335,0.5657365127684763,0.20664080550158867,b50b414d86b3f7607cfe2403ddfde53b0eb51d59c73788dd319b162f46798cff,not fixed; not saved,11.79587435722351,PASS,2026-09-06T19:10:36
dnn_oof_v1_fixed_5fold_10run_73configs,nuclear_receptor,Nuclear Receptor,64,MSCMF__CNNTomekLinks__90_10,CNN + Tomek Links,MSCMF,CNNTomekLinks,90_10,90/10,1,5,1404,1314,90,0.9330484330484331,0.4,0.08888888888888889,0.14545454545454545,0.5186960933536277,0.1600651682245,b50b414d86b3f7607cfe2403ddfde53b0eb51d59c73788dd319b162f46798cff,not fixed; not saved,11.567423105239868,PASS,2026-09-06T19:17:18
dnn_oof_v1_fixed_5fold_10run_73configs,nuclear_receptor,Nuclear Receptor,64,MSCMF__CNNTomekLinks__90_10,CNN + Tomek Links,MSCMF,CNNTomekLinks,90_10,90/10,2,5,1404,1314,90,0.9202279202279202,0.21052631578947367,0.08888888888888889,0.125,0.519507864028412,0.140745330451499,b50b414d86b3f7607cfe2403ddfde53b0eb51d59c73788dd319b162f46798cff,not fixed; not saved,10.60466742515564,PASS,2026-09-06T19:24:00
dnn_oof_v1_fixed_5fold_10run_73configs,nuclear_receptor,Nuclear Receptor,64,MSCMF__CNNTomekLinks__90_10,CNN + Tomek Links,MSCMF,CNNTomekLinks,90_10,90/10,3,5,1404,1314,90,0.9337606837606838,0.42105263157894735,0.08888888888888889,0.14678899082568808,0.521748689328598,0.15765978396604463,b50b414d86b3f7607cfe2403ddfde53b0eb51d59c73788dd319b162f46798cff,not fixed; not saved,10.302562952041626,PASS,2026-09-06T19:30:42
dnn_oof_v1_fixed_5fold_10run_73configs,nuclear_receptor,Nuclear Receptor,64,MSCMF__CNNTomekLinks__90_10,CNN + Tomek Links,MSCMF,CNNTomekLinks,90_10,90/10,4,5,1404,1314,90,0.9280626780626781,0.3103448275862069,0.1,0.15126050420168066,0.521892440385591,0.15506394069543664,b50b414d86b3f7607cfe2403ddfde53b0eb51d59c73788dd319b162f46798cff,not fixed; not saved,9.884495973587036,PASS,2026-09-06T19:37:26
dnn_oof_v1_fixed_5fold_10run_73configs,nuclear_receptor,Nuclear Receptor,64,MSCMF__CNNTomekLinks__90_10,CNN + Tomek Links,MSCMF,CNNTomekLinks,90_10,90/10,5,5,1404,1314,90,0.9387464387464387,0.6666666666666666,0.08888888888888889,0.1568627450980392,0.5244545915778793,0.18389700525097596,b50b414d86b3f7607cfe2403ddfde53b0eb51d59c73788dd319b162f46798cff,not fixed; not saved,10.126907110214233,PASS,2026-09-06T19:44:07
dnn_oof_v1_fixed_5fold_10run_73configs,nuclear_receptor,Nuclear Receptor,64,MSCMF__CNNTomekLinks__90_10,CNN + Tomek Links,MSCMF,CNNTomekLinks,90_10,90/10,6,5,1404,1314,90,0.9273504273504274,0.2692307692307692,0.07777777777777778,0.1206896551724138,0.5251226111956706,0.12418717398243614,b50b414d86b3f7607cfe2403ddfde53b0eb51d59c73788dd319b162f46798cff,not fixed; not saved,10.08022689819336,PASS,2026-09-06T19:50:50
dnn_oof_v1_fixed_5fold_10run_73configs,nuclear_receptor,Nuclear Receptor,64,MSCMF__CNNTomekLinks__90_10,CNN + Tomek Links,MSCMF,CNNTomekLinks,90_10,90/10,7,5,1404,1314,90,0.9294871794871795,0.30434782608695654,0.07777777777777778,0.12389380530973451,0.5113225097243361,0.13495723694775666,b50b414d86b3f7607cfe2403ddfde53b0eb51d59c73788dd319b162f46798cff,not fixed; not saved,11.195734024047852,PASS,2026-09-06T19:57:36
dnn_oof_v1_fixed_5fold_10run_73configs,nuclear_receptor,Nuclear Receptor,64,MSCMF__CNNTomekLinks__90_10,CNN + Tomek Links,MSCMF,CNNTomekLinks,90_10,90/10,8,5,1404,1314,90,0.938034188034188,0.6153846153846154,0.08888888888888889,0.1553398058252427,0.5356671740233384,0.16715071654519192,b50b414d86b3f7607cfe2403ddfde53b0eb51d59c73788dd319b162f46798cff,not fixed; not saved,9.958314895629883,PASS,2026-09-06T20:04:21
dnn_oof_v1_fixed_5fold_10run_73configs,nuclear_receptor,Nuclear Receptor,64,MSCMF__CNNTomekLinks__90_10,CNN + Tomek Links,MSCMF,CNNTomekLinks,90_10,90/10,9,5,1404,1314,90,0.9387464387464387,0.75,0.06666666666666667,0.12244897959183673,0.5201420598680873,0.14356009560464322,b50b414d86b3f7607cfe2403ddfde53b0eb51d59c73788dd319b162f46798cff,not fixed; not saved,10.485974550247192,PASS,2026-09-06T20:11:06
dnn_oof_v1_fixed_5fold_10run_73configs,nuclear_receptor,Nuclear Receptor,64,MSCMF__CNNTomekLinks__90_10,CNN + Tomek Links,MSCMF,CNNTomekLinks,90_10,90/10,10,5,1404,1314,90,0.9373219373219374,0.5714285714285714,0.08888888888888889,0.15384615384615385,0.5338406900050736,0.16758245066694658,b50b414d86b3f7607cfe2403ddfde53b0eb51d59c73788dd319b162f46798cff,not fixed; not saved,11.78933072090149,PASS,2026-09-06T20:17:52
dnn_oof_v1_fixed_5fold_10run_73configs,nuclear_receptor,Nuclear Receptor,65,MSCMF__RandomUnder__50_50,Random Under-Sampling,MSCMF,RandomUnder,50_50,50/50,1,5,1404,1314,90,0.8012820512820513,0.16842105263157894,0.5333333333333333,0.256,0.7670640960595299,0.20817189424736635,b50b414d86b3f7607cfe2403ddfde53b0eb51d59c73788dd319b162f46798cff,not fixed; not saved,12.061769485473633,PASS,2026-09-06T20:24:37
dnn_oof_v1_fixed_5fold_10run_73configs,nuclear_receptor,Nuclear Receptor,65,MSCMF__RandomUnder__50_50,Random Under-Sampling,MSCMF,RandomUnder,50_50,50/50,2,5,1404,1314,90,0.8027065527065527,0.16,0.4888888888888889,0.2410958904109589,0.7657618806020633,0.2091467727926702,b50b414d86b3f7607cfe2403ddfde53b0eb51d59c73788dd319b162f46798cff,not fixed; not saved,12.743079900741577,PASS,2026-09-06T20:31:24
dnn_oof_v1_fixed_5fold_10run_73configs,nuclear_receptor,Nuclear Receptor,65,MSCMF__RandomUnder__50_50,Random Under-Sampling,MSCMF,RandomUnder,50_50,50/50,3,5,1404,1314,90,0.7941595441595442,0.16271186440677965,0.5333333333333333,0.24935064935064935,0.7671993911719939,0.20449179849985194,b50b414d86b3f7607cfe2403ddfde53b0eb51d59c73788dd319b162f46798cff,not fixed; not saved,12.292955160140991,PASS,2026-09-06T20:38:12
dnn_oof_v1_fixed_5fold_10run_73configs,nuclear_receptor,Nuclear Receptor,65,MSCMF__RandomUnder__50_50,Random Under-Sampling,MSCMF,RandomUnder,50_50,50/50,4,5,1404,1314,90,0.8133903133903134,0.1717557251908397,0.5,0.2556818181818182,0.7619101978691021,0.201383816731353,b50b414d86b3f7607cfe2403ddfde53b0eb51d59c73788dd319b162f46798cff,not fixed; not saved,11.934791326522827,PASS,2026-09-06T20:44:59
dnn_oof_v1_fixed_5fold_10run_73configs,nuclear_receptor,Nuclear Receptor,65,MSCMF__RandomUnder__50_50,Random Under-Sampling,MSCMF,RandomUnder,50_50,50/50,5,5,1404,1314,90,0.8005698005698005,0.16312056737588654,0.5111111111111111,0.24731182795698925,0.7516658210722138,0.2013528572519327,b50b414d86b3f7607cfe2403ddfde53b0eb51d59c73788dd319b162f46798cff,not fixed; not saved,12.890082359313965,PASS,2026-09-06T20:51:43
dnn_oof_v1_fixed_5fold_10run_73configs,nuclear_receptor,Nuclear Receptor,65,MSCMF__RandomUnder__50_50,Random Under-Sampling,MSCMF,RandomUnder,50_50,50/50,6,5,1404,1314,90,0.8034188034188035,0.16058394160583941,0.4888888888888889,0.24175824175824176,0.7583460172501268,0.20189564060029297,b50b414d86b3f7607cfe2403ddfde53b0eb51d59c73788dd319b162f46798cff,not fixed; not saved,12.665061950683594,PASS,2026-09-06T20:58:28
dnn_oof_v1_fixed_5fold_10run_73configs,nuclear_receptor,Nuclear Receptor,65,MSCMF__RandomUnder__50_50,Random Under-Sampling,MSCMF,RandomUnder,50_50,50/50,7,5,1404,1314,90,0.8133903133903134,0.17424242424242425,0.5111111111111111,0.2598870056497175,0.7562151192288179,0.18990108127193095,b50b414d86b3f7607cfe2403ddfde53b0eb51d59c73788dd319b162f46798cff,not fixed; not saved,12.698801517486572,PASS,2026-09-06T21:05:15
dnn_oof_v1_fixed_5fold_10run_73configs,nuclear_receptor,Nuclear Receptor,65,MSCMF__RandomUnder__50_50,Random Under-Sampling,MSCMF,RandomUnder,50_50,50/50,8,5,1404,1314,90,0.7913105413105413,0.16501650165016502,0.5555555555555556,0.2544529262086514,0.7534880771182141,0.1908678050538892,b50b414d86b3f7607cfe2403ddfde53b0eb51d59c73788dd319b162f46798cff,not fixed; not saved,12.67808985710144,PASS,2026-09-06T21:12:01
dnn_oof_v1_fixed_5fold_10run_73configs,nuclear_receptor,Nuclear Receptor,65,MSCMF__RandomUnder__50_50,Random Under-Sampling,MSCMF,RandomUnder,50_50,50/50,9,5,1404,1314,90,0.7998575498575499,0.1625441696113074,0.5111111111111111,0.24664879356568364,0.7599822425164892,0.1947589100658776,b50b414d86b3f7607cfe2403ddfde53b0eb51d59c73788dd319b162f46798cff,not fixed; not saved,12.340447187423706,PASS,2026-09-06T21:18:48
dnn_oof_v1_fixed_5fold_10run_73configs,nuclear_receptor,Nuclear Receptor,65,MSCMF__RandomUnder__50_50,Random Under-Sampling,MSCMF,RandomUnder,50_50,50/50,10,5,1404,1314,90,0.8005698005698005,0.15827338129496402,0.4888888888888889,0.2391304347826087,0.7668231016404532,0.20948720953081554,b50b414d86b3f7607cfe2403ddfde53b0eb51d59c73788dd319b162f46798cff,not fixed; not saved,12.946908950805664,PASS,2026-09-06T21:25:34
dnn_oof_v1_fixed_5fold_10run_73configs,nuclear_receptor,Nuclear Receptor,66,MSCMF__RandomUnder__80_20,Random Under-Sampling,MSCMF,RandomUnder,80_20,80/20,1,5,1404,1314,90,0.9180911680911681,0.3493975903614458,0.32222222222222224,0.3352601156069364,0.7864366649754778,0.3477153791057005,b50b414d86b3f7607cfe2403ddfde53b0eb51d59c73788dd319b162f46798cff,not fixed; not saved,14.244701147079468,PASS,2026-09-06T21:32:22
dnn_oof_v1_fixed_5fold_10run_73configs,nuclear_receptor,Nuclear Receptor,66,MSCMF__RandomUnder__80_20,Random Under-Sampling,MSCMF,RandomUnder,80_20,80/20,2,5,1404,1314,90,0.9138176638176638,0.3333333333333333,0.34444444444444444,0.33879781420765026,0.7974293928631828,0.38192871998879585,b50b414d86b3f7607cfe2403ddfde53b0eb51d59c73788dd319b162f46798cff,not fixed; not saved,12.38586688041687,PASS,2026-09-06T21:39:11
dnn_oof_v1_fixed_5fold_10run_73configs,nuclear_receptor,Nuclear Receptor,66,MSCMF__RandomUnder__80_20,Random Under-Sampling,MSCMF,RandomUnder,80_20,80/20,3,5,1404,1314,90,0.9216524216524217,0.3717948717948718,0.32222222222222224,0.34523809523809523,0.7894554371723321,0.3466075774484015,b50b414d86b3f7607cfe2403ddfde53b0eb51d59c73788dd319b162f46798cff,not fixed; not saved,13.89332365989685,PASS,2026-09-06T21:46:02
dnn_oof_v1_fixed_5fold_10run_73configs,nuclear_receptor,Nuclear Receptor,66,MSCMF__RandomUnder__80_20,Random Under-Sampling,MSCMF,RandomUnder,80_20,80/20,4,5,1404,1314,90,0.9152421652421653,0.3333333333333333,0.32222222222222224,0.327683615819209,0.7897344833417893,0.3644779486489345,b50b414d86b3f7607cfe2403ddfde53b0eb51d59c73788dd319b162f46798cff,not fixed; not saved,14.223886251449585,PASS,2026-09-06T21:52:52
dnn_oof_v1_fixed_5fold_10run_73configs,nuclear_receptor,Nuclear Receptor,66,MSCMF__RandomUnder__80_20,Random Under-Sampling,MSCMF,RandomUnder,80_20,80/20,5,5,1404,1314,90,0.9166666666666666,0.3411764705882353,0.32222222222222224,0.3314285714285714,0.7866226957551158,0.3676373754951767,b50b414d86b3f7607cfe2403ddfde53b0eb51d59c73788dd319b162f46798cff,not fixed; not saved,13.855979204177856,PASS,2026-09-06T21:59:41
dnn_oof_v1_fixed_5fold_10run_73configs,nuclear_receptor,Nuclear Receptor,66,MSCMF__RandomUnder__80_20,Random Under-Sampling,MSCMF,RandomUnder,80_20,80/20,6,5,1404,1314,90,0.915954415954416,0.3333333333333333,0.3111111111111111,0.3218390804597701,0.7753255538643666,0.3627976399320521,b50b414d86b3f7607cfe2403ddfde53b0eb51d59c73788dd319b162f46798cff,not fixed; not saved,13.913435697555542,PASS,2026-09-06T22:06:31
dnn_oof_v1_fixed_5fold_10run_73configs,nuclear_receptor,Nuclear Receptor,66,MSCMF__RandomUnder__80_20,Random Under-Sampling,MSCMF,RandomUnder,80_20,80/20,7,5,1404,1314,90,0.915954415954416,0.3372093023255814,0.32222222222222224,0.32954545454545453,0.7936580416032472,0.3474017142726299,b50b414d86b3f7607cfe2403ddfde53b0eb51d59c73788dd319b162f46798cff,not fixed; not saved,13.945858240127563,PASS,2026-09-06T22:13:22
dnn_oof_v1_fixed_5fold_10run_73configs,nuclear_receptor,Nuclear Receptor,66,MSCMF__RandomUnder__80_20,Random Under-Sampling,MSCMF,RandomUnder,80_20,80/20,8,5,1404,1314,90,0.9209401709401709,0.37037037037037035,0.3333333333333333,0.3508771929824561,0.7799509555217319,0.351512616363478,b50b414d86b3f7607cfe2403ddfde53b0eb51d59c73788dd319b162f46798cff,not fixed; not saved,14.055272579193115,PASS,2026-09-06T22:20:15
dnn_oof_v1_fixed_5fold_10run_73configs,nuclear_receptor,Nuclear Receptor,66,MSCMF__RandomUnder__80_20,Random Under-Sampling,MSCMF,RandomUnder,80_20,80/20,9,5,1404,1314,90,0.9180911680911681,0.3493975903614458,0.32222222222222224,0.3352601156069364,0.7901911043463553,0.34374351913936263,b50b414d86b3f7607cfe2403ddfde53b0eb51d59c73788dd319b162f46798cff,not fixed; not saved,12.218203783035278,PASS,2026-09-06T22:27:07
dnn_oof_v1_fixed_5fold_10run_73configs,nuclear_receptor,Nuclear Receptor,66,MSCMF__RandomUnder__80_20,Random Under-Sampling,MSCMF,RandomUnder,80_20,80/20,10,5,1404,1314,90,0.9173789173789174,0.3522727272727273,0.34444444444444444,0.34831460674157305,0.7767546084897683,0.36070207255190906,b50b414d86b3f7607cfe2403ddfde53b0eb51d59c73788dd319b162f46798cff,not fixed; not saved,12.120166540145874,PASS,2026-09-06T22:34:00
dnn_oof_v1_fixed_5fold_10run_73configs,nuclear_receptor,Nuclear Receptor,67,MSCMF__RandomUnder__85_15,Random Under-Sampling,MSCMF,RandomUnder,85_15,85/15,1,5,1404,1314,90,0.9230769230769231,0.3815789473684211,0.32222222222222224,0.3493975903614458,0.8024184001352951,0.33860036356700024,b50b414d86b3f7607cfe2403ddfde53b0eb51d59c73788dd319b162f46798cff,not fixed; not saved,14.851908445358276,PASS,2026-09-06T22:40:51
dnn_oof_v1_fixed_5fold_10run_73configs,nuclear_receptor,Nuclear Receptor,67,MSCMF__RandomUnder__85_15,Random Under-Sampling,MSCMF,RandomUnder,85_15,85/15,2,5,1404,1314,90,0.9209401709401709,0.3670886075949367,0.32222222222222224,0.3431952662721893,0.7970488753593776,0.3670967782815132,b50b414d86b3f7607cfe2403ddfde53b0eb51d59c73788dd319b162f46798cff,not fixed; not saved,13.499505043029785,PASS,2026-09-06T22:47:46
dnn_oof_v1_fixed_5fold_10run_73configs,nuclear_receptor,Nuclear Receptor,67,MSCMF__RandomUnder__85_15,Random Under-Sampling,MSCMF,RandomUnder,85_15,85/15,3,5,1404,1314,90,0.9245014245014245,0.38235294117647056,0.28888888888888886,0.3291139240506329,0.8056232031117877,0.3625007274978434,b50b414d86b3f7607cfe2403ddfde53b0eb51d59c73788dd319b162f46798cff,not fixed; not saved,12.708122968673706,PASS,2026-09-06T22:54:39
dnn_oof_v1_fixed_5fold_10run_73configs,nuclear_receptor,Nuclear Receptor,67,MSCMF__RandomUnder__85_15,Random Under-Sampling,MSCMF,RandomUnder,85_15,85/15,4,5,1404,1314,90,0.9230769230769231,0.36764705882352944,0.2777777777777778,0.31645569620253167,0.8012430238457636,0.35655233841313916,b50b414d86b3f7607cfe2403ddfde53b0eb51d59c73788dd319b162f46798cff,not fixed; not saved,12.42888069152832,PASS,2026-09-06T23:01:28
dnn_oof_v1_fixed_5fold_10run_73configs,nuclear_receptor,Nuclear Receptor,67,MSCMF__RandomUnder__85_15,Random Under-Sampling,MSCMF,RandomUnder,85_15,85/15,5,5,1404,1314,90,0.9223646723646723,0.37333333333333335,0.3111111111111111,0.3393939393939394,0.7976915271435818,0.36956213507961544,b50b414d86b3f7607cfe2403ddfde53b0eb51d59c73788dd319b162f46798cff,not fixed; not saved,13.173864364624023,PASS,2026-09-06T23:08:22
dnn_oof_v1_fixed_5fold_10run_73configs,nuclear_receptor,Nuclear Receptor,67,MSCMF__RandomUnder__85_15,Random Under-Sampling,MSCMF,RandomUnder,85_15,85/15,6,5,1404,1314,90,0.9195156695156695,0.35064935064935066,0.3,0.32335329341317365,0.8012937595129377,0.3694132922348756,b50b414d86b3f7607cfe2403ddfde53b0eb51d59c73788dd319b162f46798cff,not fixed; not saved,14.72826623916626,PASS,2026-09-06T23:15:15
dnn_oof_v1_fixed_5fold_10run_73configs,nuclear_receptor,Nuclear Receptor,67,MSCMF__RandomUnder__85_15,Random Under-Sampling,MSCMF,RandomUnder,85_15,85/15,7,5,1404,1314,90,0.9266381766381766,0.410958904109589,0.3333333333333333,0.36809815950920244,0.778276678504989,0.3608053839068215,b50b414d86b3f7607cfe2403ddfde53b0eb51d59c73788dd319b162f46798cff,not fixed; not saved,12.453960657119751,PASS,2026-09-06T23:22:07
dnn_oof_v1_fixed_5fold_10run_73configs,nuclear_receptor,Nuclear Receptor,67,MSCMF__RandomUnder__85_15,Random Under-Sampling,MSCMF,RandomUnder,85_15,85/15,8,5,1404,1314,90,0.9180911680911681,0.3493975903614458,0.32222222222222224,0.3352601156069364,0.7987569761542365,0.34714560434301733,b50b414d86b3f7607cfe2403ddfde53b0eb51d59c73788dd319b162f46798cff,not fixed; not saved,12.847627878189087,PASS,2026-09-06T23:29:03
dnn_oof_v1_fixed_5fold_10run_73configs,nuclear_receptor,Nuclear Receptor,67,MSCMF__RandomUnder__85_15,Random Under-Sampling,MSCMF,RandomUnder,85_15,85/15,9,5,1404,1314,90,0.9202279202279202,0.35526315789473684,0.3,0.3253012048192771,0.7821495010992727,0.35093178575989814,b50b414d86b3f7607cfe2403ddfde53b0eb51d59c73788dd319b162f46798cff,not fixed; not saved,12.519628047943115,PASS,2026-09-06T23:36:00
dnn_oof_v1_fixed_5fold_10run_73configs,nuclear_receptor,Nuclear Receptor,67,MSCMF__RandomUnder__85_15,Random Under-Sampling,MSCMF,RandomUnder,85_15,85/15,10,5,1404,1314,90,0.9180911680911681,0.3493975903614458,0.32222222222222224,0.3352601156069364,0.7988753593776424,0.3502345276148778,b50b414d86b3f7607cfe2403ddfde53b0eb51d59c73788dd319b162f46798cff,not fixed; not saved,12.179708242416382,PASS,2026-09-06T23:42:55
dnn_oof_v1_fixed_5fold_10run_73configs,nuclear_receptor,Nuclear Receptor,68,MSCMF__RandomUnder__90_10,Random Under-Sampling,MSCMF,RandomUnder,90_10,90/10,1,5,1404,1314,90,0.9394586894586895,0.5531914893617021,0.28888888888888886,0.3795620437956204,0.8096313208185354,0.37370779971562396,b50b414d86b3f7607cfe2403ddfde53b0eb51d59c73788dd319b162f46798cff,not fixed; not saved,13.958179950714111,PASS,2026-09-06T23:49:53
dnn_oof_v1_fixed_5fold_10run_73configs,nuclear_receptor,Nuclear Receptor,68,MSCMF__RandomUnder__90_10,Random Under-Sampling,MSCMF,RandomUnder,90_10,90/10,2,5,1404,1314,90,0.9358974358974359,0.5,0.2777777777777778,0.35714285714285715,0.7821579570438019,0.37248467194803636,b50b414d86b3f7607cfe2403ddfde53b0eb51d59c73788dd319b162f46798cff,not fixed; not saved,14.30693006515503,PASS,2026-09-06T23:56:51
dnn_oof_v1_fixed_5fold_10run_73configs,nuclear_receptor,Nuclear Receptor,68,MSCMF__RandomUnder__90_10,Random Under-Sampling,MSCMF,RandomUnder,90_10,90/10,3,5,1404,1314,90,0.9366096866096866,0.5098039215686274,0.28888888888888886,0.36879432624113473,0.8006595636732623,0.3729537931401975,b50b414d86b3f7607cfe2403ddfde53b0eb51d59c73788dd319b162f46798cff,not fixed; not saved,14.64686107635498,PASS,2026-09-07T00:03:48
dnn_oof_v1_fixed_5fold_10run_73configs,nuclear_receptor,Nuclear Receptor,68,MSCMF__RandomUnder__90_10,Random Under-Sampling,MSCMF,RandomUnder,90_10,90/10,4,5,1404,1314,90,0.938034188034188,0.5319148936170213,0.2777777777777778,0.36496350364963503,0.7938694402164721,0.37715729278464544,b50b414d86b3f7607cfe2403ddfde53b0eb51d59c73788dd319b162f46798cff,not fixed; not saved,14.148858785629272,PASS,2026-09-07T00:10:44
dnn_oof_v1_fixed_5fold_10run_73configs,nuclear_receptor,Nuclear Receptor,68,MSCMF__RandomUnder__90_10,Random Under-Sampling,MSCMF,RandomUnder,90_10,90/10,5,5,1404,1314,90,0.9394586894586895,0.5555555555555556,0.2777777777777778,0.37037037037037035,0.8072298325722983,0.3802761384301107,b50b414d86b3f7607cfe2403ddfde53b0eb51d59c73788dd319b162f46798cff,not fixed; not saved,14.896809339523315,PASS,2026-09-07T00:17:41
dnn_oof_v1_fixed_5fold_10run_73configs,nuclear_receptor,Nuclear Receptor,68,MSCMF__RandomUnder__90_10,Random Under-Sampling,MSCMF,RandomUnder,90_10,90/10,6,5,1404,1314,90,0.9401709401709402,0.5625,0.3,0.391304347826087,0.796875528496533,0.35378772906471023,b50b414d86b3f7607cfe2403ddfde53b0eb51d59c73788dd319b162f46798cff,not fixed; not saved,14.932851552963257,PASS,2026-09-07T00:24:37
dnn_oof_v1_fixed_5fold_10run_73configs,nuclear_receptor,Nuclear Receptor,68,MSCMF__RandomUnder__90_10,Random Under-Sampling,MSCMF,RandomUnder,90_10,90/10,7,5,1404,1314,90,0.9330484330484331,0.4642857142857143,0.28888888888888886,0.3561643835616438,0.8118467782851344,0.37694398319519784,b50b414d86b3f7607cfe2403ddfde53b0eb51d59c73788dd319b162f46798cff,not fixed; not saved,15.674095392227173,PASS,2026-09-07T00:31:34
dnn_oof_v1_fixed_5fold_10run_73configs,nuclear_receptor,Nuclear Receptor,68,MSCMF__RandomUnder__90_10,Random Under-Sampling,MSCMF,RandomUnder,90_10,90/10,8,5,1404,1314,90,0.9394586894586895,0.5510204081632653,0.3,0.38848920863309355,0.7962709284627092,0.3794523115457248,b50b414d86b3f7607cfe2403ddfde53b0eb51d59c73788dd319b162f46798cff,not fixed; not saved,14.821458101272583,PASS,2026-09-07T00:38:32
dnn_oof_v1_fixed_5fold_10run_73configs,nuclear_receptor,Nuclear Receptor,68,MSCMF__RandomUnder__90_10,Random Under-Sampling,MSCMF,RandomUnder,90_10,90/10,9,5,1404,1314,90,0.9358974358974359,0.5,0.28888888888888886,0.36619718309859156,0.7851175376289531,0.3565449600956645,b50b414d86b3f7607cfe2403ddfde53b0eb51d59c73788dd319b162f46798cff,not fixed; not saved,14.916547060012817,PASS,2026-09-07T00:45:29
dnn_oof_v1_fixed_5fold_10run_73configs,nuclear_receptor,Nuclear Receptor,68,MSCMF__RandomUnder__90_10,Random Under-Sampling,MSCMF,RandomUnder,90_10,90/10,10,5,1404,1314,90,0.9373219373219374,0.5208333333333334,0.2777777777777778,0.36231884057971014,0.7937679688821242,0.37698018327664456,b50b414d86b3f7607cfe2403ddfde53b0eb51d59c73788dd319b162f46798cff,not fixed; not saved,15.346625089645386,PASS,2026-09-07T00:52:26
dnn_oof_v1_fixed_5fold_10run_73configs,nuclear_receptor,Nuclear Receptor,69,MSCMF__TomekLinks__50_50,Tomek Links,MSCMF,TomekLinks,50_50,50/50,1,5,1404,1314,90,0.8112535612535613,0.16730038022813687,0.4888888888888889,0.24929178470254956,0.7599357348215795,0.20834217700265156,b50b414d86b3f7607cfe2403ddfde53b0eb51d59c73788dd319b162f46798cff,not fixed; not saved,12.414993286132812,PASS,2026-09-07T00:59:23
dnn_oof_v1_fixed_5fold_10run_73configs,nuclear_receptor,Nuclear Receptor,69,MSCMF__TomekLinks__50_50,Tomek Links,MSCMF,TomekLinks,50_50,50/50,2,5,1404,1314,90,0.8084045584045584,0.1647940074906367,0.4888888888888889,0.24649859943977592,0.7566210045662101,0.19722824680261464,b50b414d86b3f7607cfe2403ddfde53b0eb51d59c73788dd319b162f46798cff,not fixed; not saved,11.858342409133911,PASS,2026-09-07T01:06:21
dnn_oof_v1_fixed_5fold_10run_73configs,nuclear_receptor,Nuclear Receptor,69,MSCMF__TomekLinks__50_50,Tomek Links,MSCMF,TomekLinks,50_50,50/50,3,5,1404,1314,90,0.811965811965812,0.17045454545454544,0.5,0.2542372881355932,0.7603585320480298,0.20193526459252376,b50b414d86b3f7607cfe2403ddfde53b0eb51d59c73788dd319b162f46798cff,not fixed; not saved,12.237051248550415,PASS,2026-09-07T01:13:19
dnn_oof_v1_fixed_5fold_10run_73configs,nuclear_receptor,Nuclear Receptor,69,MSCMF__TomekLinks__50_50,Tomek Links,MSCMF,TomekLinks,50_50,50/50,4,5,1404,1314,90,0.8062678062678063,0.16544117647058823,0.5,0.24861878453038674,0.7633688483003552,0.20345779372877398,b50b414d86b3f7607cfe2403ddfde53b0eb51d59c73788dd319b162f46798cff,not fixed; not saved,12.399639368057251,PASS,2026-09-07T01:20:17
dnn_oof_v1_fixed_5fold_10run_73configs,nuclear_receptor,Nuclear Receptor,69,MSCMF__TomekLinks__50_50,Tomek Links,MSCMF,TomekLinks,50_50,50/50,5,5,1404,1314,90,0.8055555555555556,0.15985130111524162,0.4777777777777778,0.2395543175487465,0.752240825300186,0.19088741344394203,b50b414d86b3f7607cfe2403ddfde53b0eb51d59c73788dd319b162f46798cff,not fixed; not saved,12.645403385162354,PASS,2026-09-07T01:27:16
dnn_oof_v1_fixed_5fold_10run_73configs,nuclear_receptor,Nuclear Receptor,69,MSCMF__TomekLinks__50_50,Tomek Links,MSCMF,TomekLinks,50_50,50/50,6,5,1404,1314,90,0.7962962962962963,0.15734265734265734,0.5,0.2393617021276596,0.7581261626923727,0.19843640913475183,b50b414d86b3f7607cfe2403ddfde53b0eb51d59c73788dd319b162f46798cff,not fixed; not saved,11.893280982971191,PASS,2026-09-07T01:34:14
dnn_oof_v1_fixed_5fold_10run_73configs,nuclear_receptor,Nuclear Receptor,69,MSCMF__TomekLinks__50_50,Tomek Links,MSCMF,TomekLinks,50_50,50/50,7,5,1404,1314,90,0.8055555555555556,0.16483516483516483,0.5,0.24793388429752067,0.7651023169288009,0.20209573100930384,b50b414d86b3f7607cfe2403ddfde53b0eb51d59c73788dd319b162f46798cff,not fixed; not saved,11.711996078491211,PASS,2026-09-07T01:41:14
dnn_oof_v1_fixed_5fold_10run_73configs,nuclear_receptor,Nuclear Receptor,69,MSCMF__TomekLinks__50_50,Tomek Links,MSCMF,TomekLinks,50_50,50/50,8,5,1404,1314,90,0.8069800569800569,0.17562724014336917,0.5444444444444444,0.26558265582655827,0.7658929477422627,0.20259182147786134,b50b414d86b3f7607cfe2403ddfde53b0eb51d59c73788dd319b162f46798cff,not fixed; not saved,12.688785552978516,PASS,2026-09-07T01:48:13
dnn_oof_v1_fixed_5fold_10run_73configs,nuclear_receptor,Nuclear Receptor,69,MSCMF__TomekLinks__50_50,Tomek Links,MSCMF,TomekLinks,50_50,50/50,9,5,1404,1314,90,0.8041310541310541,0.16117216117216118,0.4888888888888889,0.24242424242424243,0.7550439709115508,0.1945444986184802,b50b414d86b3f7607cfe2403ddfde53b0eb51d59c73788dd319b162f46798cff,not fixed; not saved,11.801544666290283,PASS,2026-09-07T01:55:13
dnn_oof_v1_fixed_5fold_10run_73configs,nuclear_receptor,Nuclear Receptor,69,MSCMF__TomekLinks__50_50,Tomek Links,MSCMF,TomekLinks,50_50,50/50,10,5,1404,1314,90,0.7991452991452992,0.1619718309859155,0.5111111111111111,0.24598930481283424,0.7495687468290207,0.1949664066084096,b50b414d86b3f7607cfe2403ddfde53b0eb51d59c73788dd319b162f46798cff,not fixed; not saved,12.488758325576782,PASS,2026-09-07T02:02:12
dnn_oof_v1_fixed_5fold_10run_73configs,nuclear_receptor,Nuclear Receptor,70,MSCMF__TomekLinks__80_20,Tomek Links,MSCMF,TomekLinks,80_20,80/20,1,5,1404,1314,90,0.9109686609686609,0.31958762886597936,0.34444444444444444,0.3315508021390374,0.7960510739049552,0.3547842736839411,b50b414d86b3f7607cfe2403ddfde53b0eb51d59c73788dd319b162f46798cff,not fixed; not saved,13.857933044433594,PASS,2026-09-07T02:09:13
dnn_oof_v1_fixed_5fold_10run_73configs,nuclear_receptor,Nuclear Receptor,70,MSCMF__TomekLinks__80_20,Tomek Links,MSCMF,TomekLinks,80_20,80/20,2,5,1404,1314,90,0.915954415954416,0.3372093023255814,0.32222222222222224,0.32954545454545453,0.7911381701336039,0.37756329086711554,b50b414d86b3f7607cfe2403ddfde53b0eb51d59c73788dd319b162f46798cff,not fixed; not saved,14.499369621276855,PASS,2026-09-07T02:16:16
dnn_oof_v1_fixed_5fold_10run_73configs,nuclear_receptor,Nuclear Receptor,70,MSCMF__TomekLinks__80_20,Tomek Links,MSCMF,TomekLinks,80_20,80/20,3,5,1404,1314,90,0.9088319088319088,0.31,0.34444444444444444,0.3263157894736842,0.7864704887535938,0.371589392203161,b50b414d86b3f7607cfe2403ddfde53b0eb51d59c73788dd319b162f46798cff,not fixed; not saved,14.685436248779297,PASS,2026-09-07T02:23:17
dnn_oof_v1_fixed_5fold_10run_73configs,nuclear_receptor,Nuclear Receptor,70,MSCMF__TomekLinks__80_20,Tomek Links,MSCMF,TomekLinks,80_20,80/20,4,5,1404,1314,90,0.9173789173789174,0.3488372093023256,0.3333333333333333,0.3409090909090909,0.78921867072552,0.3574635831686959,b50b414d86b3f7607cfe2403ddfde53b0eb51d59c73788dd319b162f46798cff,not fixed; not saved,14.50001072883606,PASS,2026-09-07T02:30:20
dnn_oof_v1_fixed_5fold_10run_73configs,nuclear_receptor,Nuclear Receptor,70,MSCMF__TomekLinks__80_20,Tomek Links,MSCMF,TomekLinks,80_20,80/20,5,5,1404,1314,90,0.9188034188034188,0.35714285714285715,0.3333333333333333,0.3448275862068966,0.7881363098258076,0.368887594892434,b50b414d86b3f7607cfe2403ddfde53b0eb51d59c73788dd319b162f46798cff,not fixed; not saved,14.596170425415039,PASS,2026-09-07T02:37:22
dnn_oof_v1_fixed_5fold_10run_73configs,nuclear_receptor,Nuclear Receptor,70,MSCMF__TomekLinks__80_20,Tomek Links,MSCMF,TomekLinks,80_20,80/20,6,5,1404,1314,90,0.9209401709401709,0.36363636363636365,0.3111111111111111,0.33532934131736525,0.791417216303061,0.3612792559302968,b50b414d86b3f7607cfe2403ddfde53b0eb51d59c73788dd319b162f46798cff,not fixed; not saved,14.063381671905518,PASS,2026-09-07T02:44:24
dnn_oof_v1_fixed_5fold_10run_73configs,nuclear_receptor,Nuclear Receptor,70,MSCMF__TomekLinks__80_20,Tomek Links,MSCMF,TomekLinks,80_20,80/20,7,5,1404,1314,90,0.9145299145299145,0.33695652173913043,0.34444444444444444,0.34065934065934067,0.7868932859800439,0.34824722829537963,b50b414d86b3f7607cfe2403ddfde53b0eb51d59c73788dd319b162f46798cff,not fixed; not saved,13.92515254020691,PASS,2026-09-07T02:51:26
dnn_oof_v1_fixed_5fold_10run_73configs,nuclear_receptor,Nuclear Receptor,70,MSCMF__TomekLinks__80_20,Tomek Links,MSCMF,TomekLinks,80_20,80/20,8,5,1404,1314,90,0.9216524216524217,0.3717948717948718,0.32222222222222224,0.34523809523809523,0.7868848300355149,0.3694716692524388,b50b414d86b3f7607cfe2403ddfde53b0eb51d59c73788dd319b162f46798cff,not fixed; not saved,14.218111991882324,PASS,2026-09-07T02:58:30
dnn_oof_v1_fixed_5fold_10run_73configs,nuclear_receptor,Nuclear Receptor,70,MSCMF__TomekLinks__80_20,Tomek Links,MSCMF,TomekLinks,80_20,80/20,9,5,1404,1314,90,0.9131054131054132,0.3181818181818182,0.3111111111111111,0.3146067415730337,0.789015728056824,0.3622243093346485,b50b414d86b3f7607cfe2403ddfde53b0eb51d59c73788dd319b162f46798cff,not fixed; not saved,12.585543394088745,PASS,2026-09-07T03:05:30
dnn_oof_v1_fixed_5fold_10run_73configs,nuclear_receptor,Nuclear Receptor,70,MSCMF__TomekLinks__80_20,Tomek Links,MSCMF,TomekLinks,80_20,80/20,10,5,1404,1314,90,0.9173789173789174,0.34523809523809523,0.32222222222222224,0.3333333333333333,0.7752071706409606,0.35591755657467494,b50b414d86b3f7607cfe2403ddfde53b0eb51d59c73788dd319b162f46798cff,not fixed; not saved,12.74131727218628,PASS,2026-09-07T03:12:28
dnn_oof_v1_fixed_5fold_10run_73configs,nuclear_receptor,Nuclear Receptor,71,MSCMF__TomekLinks__85_15,Tomek Links,MSCMF,TomekLinks,85_15,85/15,1,5,1404,1314,90,0.9259259259259259,0.40540540540540543,0.3333333333333333,0.36585365853658536,0.7985540334855403,0.36505625169116124,b50b414d86b3f7607cfe2403ddfde53b0eb51d59c73788dd319b162f46798cff,not fixed; not saved,13.060678482055664,PASS,2026-09-07T03:19:27
dnn_oof_v1_fixed_5fold_10run_73configs,nuclear_receptor,Nuclear Receptor,71,MSCMF__TomekLinks__85_15,Tomek Links,MSCMF,TomekLinks,85_15,85/15,2,5,1404,1314,90,0.9237891737891738,0.3835616438356164,0.3111111111111111,0.34355828220858897,0.8041011330965668,0.3666858032764364,b50b414d86b3f7607cfe2403ddfde53b0eb51d59c73788dd319b162f46798cff,not fixed; not saved,14.35584568977356,PASS,2026-09-07T03:26:28
dnn_oof_v1_fixed_5fold_10run_73configs,nuclear_receptor,Nuclear Receptor,71,MSCMF__TomekLinks__85_15,Tomek Links,MSCMF,TomekLinks,85_15,85/15,3,5,1404,1314,90,0.9237891737891738,0.38028169014084506,0.3,0.33540372670807456,0.8049636394385253,0.355270746974484,b50b414d86b3f7607cfe2403ddfde53b0eb51d59c73788dd319b162f46798cff,not fixed; not saved,12.564668416976929,PASS,2026-09-07T03:33:28
dnn_oof_v1_fixed_5fold_10run_73configs,nuclear_receptor,Nuclear Receptor,71,MSCMF__TomekLinks__85_15,Tomek Links,MSCMF,TomekLinks,85_15,85/15,4,5,1404,1314,90,0.9280626780626781,0.4225352112676056,0.3333333333333333,0.37267080745341613,0.8115846440047354,0.36996665579397775,b50b414d86b3f7607cfe2403ddfde53b0eb51d59c73788dd319b162f46798cff,not fixed; not saved,12.793630361557007,PASS,2026-09-07T03:40:29
dnn_oof_v1_fixed_5fold_10run_73configs,nuclear_receptor,Nuclear Receptor,71,MSCMF__TomekLinks__85_15,Tomek Links,MSCMF,TomekLinks,85_15,85/15,5,5,1404,1314,90,0.9273504273504274,0.4090909090909091,0.3,0.34615384615384615,0.8052934212751564,0.35885810609648755,b50b414d86b3f7607cfe2403ddfde53b0eb51d59c73788dd319b162f46798cff,not fixed; not saved,13.401272058486938,PASS,2026-09-07T03:47:32
dnn_oof_v1_fixed_5fold_10run_73configs,nuclear_receptor,Nuclear Receptor,71,MSCMF__TomekLinks__85_15,Tomek Links,MSCMF,TomekLinks,85_15,85/15,6,5,1404,1314,90,0.9280626780626781,0.4153846153846154,0.3,0.34838709677419355,0.8072552004058853,0.3597415653715172,b50b414d86b3f7607cfe2403ddfde53b0eb51d59c73788dd319b162f46798cff,not fixed; not saved,13.44298768043518,PASS,2026-09-07T03:54:34
dnn_oof_v1_fixed_5fold_10run_73configs,nuclear_receptor,Nuclear Receptor,71,MSCMF__TomekLinks__85_15,Tomek Links,MSCMF,TomekLinks,85_15,85/15,7,5,1404,1314,90,0.9245014245014245,0.3918918918918919,0.32222222222222224,0.35365853658536583,0.788753593776425,0.3595451920353406,b50b414d86b3f7607cfe2403ddfde53b0eb51d59c73788dd319b162f46798cff,not fixed; not saved,13.216463565826416,PASS,2026-09-07T04:01:36
dnn_oof_v1_fixed_5fold_10run_73configs,nuclear_receptor,Nuclear Receptor,71,MSCMF__TomekLinks__85_15,Tomek Links,MSCMF,TomekLinks,85_15,85/15,8,5,1404,1314,90,0.9266381766381766,0.410958904109589,0.3333333333333333,0.36809815950920244,0.7877304244884153,0.3570158201852828,b50b414d86b3f7607cfe2403ddfde53b0eb51d59c73788dd319b162f46798cff,not fixed; not saved,13.186675786972046,PASS,2026-09-07T04:08:35
dnn_oof_v1_fixed_5fold_10run_73configs,nuclear_receptor,Nuclear Receptor,71,MSCMF__TomekLinks__85_15,Tomek Links,MSCMF,TomekLinks,85_15,85/15,9,5,1404,1314,90,0.9237891737891738,0.3835616438356164,0.3111111111111111,0.34355828220858897,0.8163284288855066,0.3738586511361304,b50b414d86b3f7607cfe2403ddfde53b0eb51d59c73788dd319b162f46798cff,not fixed; not saved,13.676199674606323,PASS,2026-09-07T04:15:38
dnn_oof_v1_fixed_5fold_10run_73configs,nuclear_receptor,Nuclear Receptor,71,MSCMF__TomekLinks__85_15,Tomek Links,MSCMF,TomekLinks,85_15,85/15,10,5,1404,1314,90,0.9216524216524217,0.3684210526315789,0.3111111111111111,0.3373493975903614,0.7938694402164723,0.3600711467920923,b50b414d86b3f7607cfe2403ddfde53b0eb51d59c73788dd319b162f46798cff,not fixed; not saved,14.101947546005249,PASS,2026-09-07T04:22:41
dnn_oof_v1_fixed_5fold_10run_73configs,nuclear_receptor,Nuclear Receptor,72,MSCMF__TomekLinks__90_10,Tomek Links,MSCMF,TomekLinks,90_10,90/10,1,5,1404,1314,90,0.9287749287749287,0.421875,0.3,0.35064935064935066,0.7888973448334179,0.3674120290580092,b50b414d86b3f7607cfe2403ddfde53b0eb51d59c73788dd319b162f46798cff,not fixed; not saved,13.74207878112793,PASS,2026-09-07T04:29:43
dnn_oof_v1_fixed_5fold_10run_73configs,nuclear_receptor,Nuclear Receptor,72,MSCMF__TomekLinks__90_10,Tomek Links,MSCMF,TomekLinks,90_10,90/10,2,5,1404,1314,90,0.9373219373219374,0.52,0.28888888888888886,0.37142857142857144,0.817343142228987,0.381754417669209,b50b414d86b3f7607cfe2403ddfde53b0eb51d59c73788dd319b162f46798cff,not fixed; not saved,13.579308032989502,PASS,2026-09-07T04:36:48
dnn_oof_v1_fixed_5fold_10run_73configs,nuclear_receptor,Nuclear Receptor,72,MSCMF__TomekLinks__90_10,Tomek Links,MSCMF,TomekLinks,90_10,90/10,3,5,1404,1314,90,0.9366096866096866,0.5106382978723404,0.26666666666666666,0.35036496350364965,0.7791476407914764,0.3730722269356576,b50b414d86b3f7607cfe2403ddfde53b0eb51d59c73788dd319b162f46798cff,not fixed; not saved,14.743635892868042,PASS,2026-09-07T04:43:55
dnn_oof_v1_fixed_5fold_10run_73configs,nuclear_receptor,Nuclear Receptor,72,MSCMF__TomekLinks__90_10,Tomek Links,MSCMF,TomekLinks,90_10,90/10,4,5,1404,1314,90,0.9323361823361823,0.45614035087719296,0.28888888888888886,0.35374149659863946,0.7891848469474041,0.3634100530546458,b50b414d86b3f7607cfe2403ddfde53b0eb51d59c73788dd319b162f46798cff,not fixed; not saved,13.55153489112854,PASS,2026-09-07T04:50:59
dnn_oof_v1_fixed_5fold_10run_73configs,nuclear_receptor,Nuclear Receptor,72,MSCMF__TomekLinks__90_10,Tomek Links,MSCMF,TomekLinks,90_10,90/10,5,5,1404,1314,90,0.9358974358974359,0.5,0.2777777777777778,0.35714285714285715,0.789159479113817,0.3809194840153991,b50b414d86b3f7607cfe2403ddfde53b0eb51d59c73788dd319b162f46798cff,not fixed; not saved,14.662018299102783,PASS,2026-09-07T04:58:06
dnn_oof_v1_fixed_5fold_10run_73configs,nuclear_receptor,Nuclear Receptor,72,MSCMF__TomekLinks__90_10,Tomek Links,MSCMF,TomekLinks,90_10,90/10,6,5,1404,1314,90,0.9351851851851852,0.48936170212765956,0.25555555555555554,0.3357664233576642,0.784762387958735,0.3694445477412722,b50b414d86b3f7607cfe2403ddfde53b0eb51d59c73788dd319b162f46798cff,not fixed; not saved,14.37544298171997,PASS,2026-09-07T05:05:13
dnn_oof_v1_fixed_5fold_10run_73configs,nuclear_receptor,Nuclear Receptor,72,MSCMF__TomekLinks__90_10,Tomek Links,MSCMF,TomekLinks,90_10,90/10,7,5,1404,1314,90,0.9387464387464387,0.5416666666666666,0.28888888888888886,0.37681159420289856,0.8091916117030272,0.36815336841292867,b50b414d86b3f7607cfe2403ddfde53b0eb51d59c73788dd319b162f46798cff,not fixed; not saved,15.408114433288574,PASS,2026-09-07T05:12:20
dnn_oof_v1_fixed_5fold_10run_73configs,nuclear_receptor,Nuclear Receptor,72,MSCMF__TomekLinks__90_10,Tomek Links,MSCMF,TomekLinks,90_10,90/10,8,5,1404,1314,90,0.9337606837606838,0.47692307692307695,0.34444444444444444,0.4,0.7923981058684255,0.32285144600900995,b50b414d86b3f7607cfe2403ddfde53b0eb51d59c73788dd319b162f46798cff,not fixed; not saved,14.384790420532227,PASS,2026-09-07T05:19:29
dnn_oof_v1_fixed_5fold_10run_73configs,nuclear_receptor,Nuclear Receptor,72,MSCMF__TomekLinks__90_10,Tomek Links,MSCMF,TomekLinks,90_10,90/10,9,5,1404,1314,90,0.9366096866096866,0.509090909090909,0.3111111111111111,0.38620689655172413,0.8031625232538473,0.3754508224188275,b50b414d86b3f7607cfe2403ddfde53b0eb51d59c73788dd319b162f46798cff,not fixed; not saved,14.28812837600708,PASS,2026-09-07T05:26:35
dnn_oof_v1_fixed_5fold_10run_73configs,nuclear_receptor,Nuclear Receptor,72,MSCMF__TomekLinks__90_10,Tomek Links,MSCMF,TomekLinks,90_10,90/10,10,5,1404,1314,90,0.9394586894586895,0.5531914893617021,0.28888888888888886,0.3795620437956204,0.7947319465584306,0.3734613068117017,b50b414d86b3f7607cfe2403ddfde53b0eb51d59c73788dd319b162f46798cff,not fixed; not saved,13.9970862865448,PASS,2026-09-07T05:33:42
dnn_oof_v1_fixed_5fold_10run_73configs,nuclear_receptor,Nuclear Receptor,9,NNMF__WGANGP__50_50,NNMF (WGAN-GP),NNMF,WGANGP,50_50,50/50,1,5,1404,1314,90,0.9323361823361823,0.45901639344262296,0.3111111111111111,0.3708609271523179,0.7796254016573652,0.2799990502367163,b50b414d86b3f7607cfe2403ddfde53b0eb51d59c73788dd319b162f46798cff,not fixed; not saved,19.67408537864685,PASS,2026-09-07T05:44:07
dnn_oof_v1_fixed_5fold_10run_73configs,nuclear_receptor,Nuclear Receptor,9,NNMF__WGANGP__50_50,NNMF (WGAN-GP),NNMF,WGANGP,50_50,50/50,2,5,1404,1314,90,0.9294871794871795,0.423728813559322,0.2777777777777778,0.33557046979865773,0.7671401995602909,0.2594672448475701,b50b414d86b3f7607cfe2403ddfde53b0eb51d59c73788dd319b162f46798cff,not fixed; not saved,20.417754411697388,PASS,2026-09-07T05:51:22
dnn_oof_v1_fixed_5fold_10run_73configs,nuclear_receptor,Nuclear Receptor,9,NNMF__WGANGP__50_50,NNMF (WGAN-GP),NNMF,WGANGP,50_50,50/50,3,5,1404,1314,90,0.9202279202279202,0.35135135135135137,0.28888888888888886,0.3170731707317073,0.7736555048198883,0.28121294254730356,b50b414d86b3f7607cfe2403ddfde53b0eb51d59c73788dd319b162f46798cff,not fixed; not saved,19.722846746444702,PASS,2026-09-07T05:58:36
dnn_oof_v1_fixed_5fold_10run_73configs,nuclear_receptor,Nuclear Receptor,9,NNMF__WGANGP__50_50,NNMF (WGAN-GP),NNMF,WGANGP,50_50,50/50,4,5,1404,1314,90,0.9287749287749287,0.4264705882352941,0.32222222222222224,0.3670886075949367,0.7733130390664638,0.2735208264743457,b50b414d86b3f7607cfe2403ddfde53b0eb51d59c73788dd319b162f46798cff,not fixed; not saved,19.02313804626465,PASS,2026-09-07T06:05:57
dnn_oof_v1_fixed_5fold_10run_73configs,nuclear_receptor,Nuclear Receptor,9,NNMF__WGANGP__50_50,NNMF (WGAN-GP),NNMF,WGANGP,50_50,50/50,5,5,1404,1314,90,0.9273504273504274,0.4117647058823529,0.3111111111111111,0.35443037974683544,0.7716514459665145,0.27029310930709144,b50b414d86b3f7607cfe2403ddfde53b0eb51d59c73788dd319b162f46798cff,not fixed; not saved,20.195943355560303,PASS,2026-09-07T06:13:13
dnn_oof_v1_fixed_5fold_10run_73configs,nuclear_receptor,Nuclear Receptor,9,NNMF__WGANGP__50_50,NNMF (WGAN-GP),NNMF,WGANGP,50_50,50/50,6,5,1404,1314,90,0.9216524216524217,0.35714285714285715,0.2777777777777778,0.3125,0.7824074074074074,0.24993399471698535,b50b414d86b3f7607cfe2403ddfde53b0eb51d59c73788dd319b162f46798cff,not fixed; not saved,19.314600706100464,PASS,2026-09-07T06:20:30
dnn_oof_v1_fixed_5fold_10run_73configs,nuclear_receptor,Nuclear Receptor,9,NNMF__WGANGP__50_50,NNMF (WGAN-GP),NNMF,WGANGP,50_50,50/50,7,5,1404,1314,90,0.9237891737891738,0.38666666666666666,0.32222222222222224,0.3515151515151515,0.7812616269237274,0.2721252300147682,b50b414d86b3f7607cfe2403ddfde53b0eb51d59c73788dd319b162f46798cff,not fixed; not saved,20.21960687637329,PASS,2026-09-07T06:27:48
dnn_oof_v1_fixed_5fold_10run_73configs,nuclear_receptor,Nuclear Receptor,9,NNMF__WGANGP__50_50,NNMF (WGAN-GP),NNMF,WGANGP,50_50,50/50,8,5,1404,1314,90,0.9237891737891738,0.3835616438356164,0.3111111111111111,0.34355828220858897,0.7814307458143075,0.2705469094309906,b50b414d86b3f7607cfe2403ddfde53b0eb51d59c73788dd319b162f46798cff,not fixed; not saved,19.525910139083862,PASS,2026-09-07T06:35:05
dnn_oof_v1_fixed_5fold_10run_73configs,nuclear_receptor,Nuclear Receptor,9,NNMF__WGANGP__50_50,NNMF (WGAN-GP),NNMF,WGANGP,50_50,50/50,9,5,1404,1314,90,0.9173789173789174,0.3375,0.3,0.3176470588235294,0.7844326061221039,0.23572252335313534,b50b414d86b3f7607cfe2403ddfde53b0eb51d59c73788dd319b162f46798cff,not fixed; not saved,19.487895011901855,PASS,2026-09-07T06:42:22
dnn_oof_v1_fixed_5fold_10run_73configs,nuclear_receptor,Nuclear Receptor,9,NNMF__WGANGP__50_50,NNMF (WGAN-GP),NNMF,WGANGP,50_50,50/50,10,5,1404,1314,90,0.9259259259259259,0.3939393939393939,0.28888888888888886,0.3333333333333333,0.7775959749704042,0.27281545779183763,b50b414d86b3f7607cfe2403ddfde53b0eb51d59c73788dd319b162f46798cff,not fixed; not saved,19.98837184906006,PASS,2026-09-07T06:49:39
dnn_oof_v1_fixed_5fold_10run_73configs,nuclear_receptor,Nuclear Receptor,10,NNMF__WGANGP__80_20,NNMF (WGAN-GP),NNMF,WGANGP,80_20,80/20,1,5,1404,1314,90,0.9237891737891738,0.373134328358209,0.2777777777777778,0.3184713375796178,0.7645907322847962,0.24912390228891415,b50b414d86b3f7607cfe2403ddfde53b0eb51d59c73788dd319b162f46798cff,not fixed; not saved,17.27569317817688,PASS,2026-09-07T06:56:55
dnn_oof_v1_fixed_5fold_10run_73configs,nuclear_receptor,Nuclear Receptor,10,NNMF__WGANGP__80_20,NNMF (WGAN-GP),NNMF,WGANGP,80_20,80/20,2,5,1404,1314,90,0.9223646723646723,0.37662337662337664,0.32222222222222224,0.3473053892215569,0.789227126670049,0.2545845341038729,b50b414d86b3f7607cfe2403ddfde53b0eb51d59c73788dd319b162f46798cff,not fixed; not saved,16.761354684829712,PASS,2026-09-07T07:04:09
dnn_oof_v1_fixed_5fold_10run_73configs,nuclear_receptor,Nuclear Receptor,10,NNMF__WGANGP__80_20,NNMF (WGAN-GP),NNMF,WGANGP,80_20,80/20,3,5,1404,1314,90,0.9237891737891738,0.37681159420289856,0.28888888888888886,0.3270440251572327,0.762223067816675,0.2602891423942816,b50b414d86b3f7607cfe2403ddfde53b0eb51d59c73788dd319b162f46798cff,not fixed; not saved,16.974247932434082,PASS,2026-09-07T07:11:25
dnn_oof_v1_fixed_5fold_10run_73configs,nuclear_receptor,Nuclear Receptor,10,NNMF__WGANGP__80_20,NNMF (WGAN-GP),NNMF,WGANGP,80_20,80/20,4,5,1404,1314,90,0.9280626780626781,0.4098360655737705,0.2777777777777778,0.33112582781456956,0.7570057500422798,0.2440154428037439,b50b414d86b3f7607cfe2403ddfde53b0eb51d59c73788dd319b162f46798cff,not fixed; not saved,16.627937078475952,PASS,2026-09-07T07:18:40
dnn_oof_v1_fixed_5fold_10run_73configs,nuclear_receptor,Nuclear Receptor,10,NNMF__WGANGP__80_20,NNMF (WGAN-GP),NNMF,WGANGP,80_20,80/20,5,5,1404,1314,90,0.9223646723646723,0.3582089552238806,0.26666666666666666,0.3057324840764331,0.7731608320649417,0.24393485324405795,b50b414d86b3f7607cfe2403ddfde53b0eb51d59c73788dd319b162f46798cff,not fixed; not saved,16.426915645599365,PASS,2026-09-07T07:25:53
dnn_oof_v1_fixed_5fold_10run_73configs,nuclear_receptor,Nuclear Receptor,10,NNMF__WGANGP__80_20,NNMF (WGAN-GP),NNMF,WGANGP,80_20,80/20,6,5,1404,1314,90,0.9237891737891738,0.3835616438356164,0.3111111111111111,0.34355828220858897,0.7762937595129376,0.25764007250128107,b50b414d86b3f7607cfe2403ddfde53b0eb51d59c73788dd319b162f46798cff,not fixed; not saved,15.658789873123169,PASS,2026-09-07T07:33:10
dnn_oof_v1_fixed_5fold_10run_73configs,nuclear_receptor,Nuclear Receptor,10,NNMF__WGANGP__80_20,NNMF (WGAN-GP),NNMF,WGANGP,80_20,80/20,7,5,1404,1314,90,0.9273504273504274,0.4142857142857143,0.32222222222222224,0.3625,0.7824581430745814,0.2744235733694987,b50b414d86b3f7607cfe2403ddfde53b0eb51d59c73788dd319b162f46798cff,not fixed; not saved,16.774157524108887,PASS,2026-09-07T07:40:29
dnn_oof_v1_fixed_5fold_10run_73configs,nuclear_receptor,Nuclear Receptor,10,NNMF__WGANGP__80_20,NNMF (WGAN-GP),NNMF,WGANGP,80_20,80/20,8,5,1404,1314,90,0.9294871794871795,0.42105263157894735,0.26666666666666666,0.32653061224489793,0.7851725012683918,0.2619293945907324,b50b414d86b3f7607cfe2403ddfde53b0eb51d59c73788dd319b162f46798cff,not fixed; not saved,16.70235824584961,PASS,2026-09-07T07:47:41
dnn_oof_v1_fixed_5fold_10run_73configs,nuclear_receptor,Nuclear Receptor,10,NNMF__WGANGP__80_20,NNMF (WGAN-GP),NNMF,WGANGP,80_20,80/20,9,5,1404,1314,90,0.9237891737891738,0.37681159420289856,0.28888888888888886,0.3270440251572327,0.7719812278031456,0.2737470137645961,b50b414d86b3f7607cfe2403ddfde53b0eb51d59c73788dd319b162f46798cff,not fixed; not saved,16.184875965118408,PASS,2026-09-07T07:54:55
dnn_oof_v1_fixed_5fold_10run_73configs,nuclear_receptor,Nuclear Receptor,10,NNMF__WGANGP__80_20,NNMF (WGAN-GP),NNMF,WGANGP,80_20,80/20,10,5,1404,1314,90,0.9173789173789174,0.3333333333333333,0.28888888888888886,0.30952380952380953,0.7763233553187892,0.26972814528728545,b50b414d86b3f7607cfe2403ddfde53b0eb51d59c73788dd319b162f46798cff,not fixed; not saved,17.162384510040283,PASS,2026-09-07T08:02:10
dnn_oof_v1_fixed_5fold_10run_73configs,nuclear_receptor,Nuclear Receptor,11,NNMF__WGANGP__85_15,NNMF (WGAN-GP),NNMF,WGANGP,85_15,85/15,1,5,1404,1314,90,0.9245014245014245,0.375,0.26666666666666666,0.3116883116883117,0.788013698630137,0.24219532486580567,b50b414d86b3f7607cfe2403ddfde53b0eb51d59c73788dd319b162f46798cff,not fixed; not saved,16.422362565994263,PASS,2026-09-07T08:09:28
dnn_oof_v1_fixed_5fold_10run_73configs,nuclear_receptor,Nuclear Receptor,11,NNMF__WGANGP__85_15,NNMF (WGAN-GP),NNMF,WGANGP,85_15,85/15,2,5,1404,1314,90,0.9259259259259259,0.4,0.3111111111111111,0.35,0.77270843903264,0.27221768379496636,b50b414d86b3f7607cfe2403ddfde53b0eb51d59c73788dd319b162f46798cff,not fixed; not saved,15.732887029647827,PASS,2026-09-07T08:16:47
dnn_oof_v1_fixed_5fold_10run_73configs,nuclear_receptor,Nuclear Receptor,11,NNMF__WGANGP__85_15,NNMF (WGAN-GP),NNMF,WGANGP,85_15,85/15,3,5,1404,1314,90,0.9259259259259259,0.39705882352941174,0.3,0.34177215189873417,0.7719051243023846,0.2523251615522733,b50b414d86b3f7607cfe2403ddfde53b0eb51d59c73788dd319b162f46798cff,not fixed; not saved,17.077316284179688,PASS,2026-09-07T08:24:05
dnn_oof_v1_fixed_5fold_10run_73configs,nuclear_receptor,Nuclear Receptor,11,NNMF__WGANGP__85_15,NNMF (WGAN-GP),NNMF,WGANGP,85_15,85/15,4,5,1404,1314,90,0.9116809116809117,0.3023255813953488,0.28888888888888886,0.29545454545454547,0.7702562151192289,0.24428595325103272,b50b414d86b3f7607cfe2403ddfde53b0eb51d59c73788dd319b162f46798cff,not fixed; not saved,16.19318413734436,PASS,2026-09-07T08:31:23
dnn_oof_v1_fixed_5fold_10run_73configs,nuclear_receptor,Nuclear Receptor,11,NNMF__WGANGP__85_15,NNMF (WGAN-GP),NNMF,WGANGP,85_15,85/15,5,5,1404,1314,90,0.9287749287749287,0.4166666666666667,0.2777777777777778,0.3333333333333333,0.7865508202266194,0.27389504418139504,b50b414d86b3f7607cfe2403ddfde53b0eb51d59c73788dd319b162f46798cff,not fixed; not saved,15.52297306060791,PASS,2026-09-07T08:38:42
dnn_oof_v1_fixed_5fold_10run_73configs,nuclear_receptor,Nuclear Receptor,11,NNMF__WGANGP__85_15,NNMF (WGAN-GP),NNMF,WGANGP,85_15,85/15,6,5,1404,1314,90,0.9266381766381766,0.39344262295081966,0.26666666666666666,0.31788079470198677,0.7786064603416202,0.2770714151543984,b50b414d86b3f7607cfe2403ddfde53b0eb51d59c73788dd319b162f46798cff,not fixed; not saved,16.21692657470703,PASS,2026-09-07T08:46:00
dnn_oof_v1_fixed_5fold_10run_73configs,nuclear_receptor,Nuclear Receptor,11,NNMF__WGANGP__85_15,NNMF (WGAN-GP),NNMF,WGANGP,85_15,85/15,7,5,1404,1314,90,0.9223646723646723,0.36619718309859156,0.28888888888888886,0.32298136645962733,0.7442710975815998,0.23508199628970766,b50b414d86b3f7607cfe2403ddfde53b0eb51d59c73788dd319b162f46798cff,not fixed; not saved,16.671483516693115,PASS,2026-09-07T08:53:17
dnn_oof_v1_fixed_5fold_10run_73configs,nuclear_receptor,Nuclear Receptor,11,NNMF__WGANGP__85_15,NNMF (WGAN-GP),NNMF,WGANGP,85_15,85/15,8,5,1404,1314,90,0.9323361823361823,0.45614035087719296,0.28888888888888886,0.35374149659863946,0.7746575342465752,0.2745850002875377,b50b414d86b3f7607cfe2403ddfde53b0eb51d59c73788dd319b162f46798cff,not fixed; not saved,15.699369430541992,PASS,2026-09-07T09:00:35
dnn_oof_v1_fixed_5fold_10run_73configs,nuclear_receptor,Nuclear Receptor,11,NNMF__WGANGP__85_15,NNMF (WGAN-GP),NNMF,WGANGP,85_15,85/15,9,5,1404,1314,90,0.9237891737891738,0.37681159420289856,0.28888888888888886,0.3270440251572327,0.7687299171317437,0.24412753230603412,b50b414d86b3f7607cfe2403ddfde53b0eb51d59c73788dd319b162f46798cff,not fixed; not saved,15.923667192459106,PASS,2026-09-07T09:07:52
dnn_oof_v1_fixed_5fold_10run_73configs,nuclear_receptor,Nuclear Receptor,11,NNMF__WGANGP__85_15,NNMF (WGAN-GP),NNMF,WGANGP,85_15,85/15,10,5,1404,1314,90,0.9266381766381766,0.40298507462686567,0.3,0.34394904458598724,0.764294774226281,0.2645073039160428,b50b414d86b3f7607cfe2403ddfde53b0eb51d59c73788dd319b162f46798cff,not fixed; not saved,17.587992429733276,PASS,2026-09-07T09:15:10
dnn_oof_v1_fixed_5fold_10run_73configs,nuclear_receptor,Nuclear Receptor,12,NNMF__WGANGP__90_10,NNMF (WGAN-GP),NNMF,WGANGP,90_10,90/10,1,5,1404,1314,90,0.915954415954416,0.325,0.28888888888888886,0.3058823529411765,0.7747547776086587,0.2541638415722319,b50b414d86b3f7607cfe2403ddfde53b0eb51d59c73788dd319b162f46798cff,not fixed; not saved,15.824629068374634,PASS,2026-09-07T09:22:27
dnn_oof_v1_fixed_5fold_10run_73configs,nuclear_receptor,Nuclear Receptor,12,NNMF__WGANGP__90_10,NNMF (WGAN-GP),NNMF,WGANGP,90_10,90/10,2,5,1404,1314,90,0.9273504273504274,0.4032258064516129,0.2777777777777778,0.32894736842105265,0.7719220361914425,0.2581555402643576,b50b414d86b3f7607cfe2403ddfde53b0eb51d59c73788dd319b162f46798cff,not fixed; not saved,16.439836263656616,PASS,2026-09-07T09:29:47
dnn_oof_v1_fixed_5fold_10run_73configs,nuclear_receptor,Nuclear Receptor,12,NNMF__WGANGP__90_10,NNMF (WGAN-GP),NNMF,WGANGP,90_10,90/10,3,5,1404,1314,90,0.9209401709401709,0.3561643835616438,0.28888888888888886,0.31901840490797545,0.7984610180957212,0.27225490033169525,b50b414d86b3f7607cfe2403ddfde53b0eb51d59c73788dd319b162f46798cff,not fixed; not saved,16.99461817741394,PASS,2026-09-07T09:37:07
dnn_oof_v1_fixed_5fold_10run_73configs,nuclear_receptor,Nuclear Receptor,12,NNMF__WGANGP__90_10,NNMF (WGAN-GP),NNMF,WGANGP,90_10,90/10,4,5,1404,1314,90,0.9266381766381766,0.4084507042253521,0.32222222222222224,0.36024844720496896,0.7882377811601556,0.2658250057083091,b50b414d86b3f7607cfe2403ddfde53b0eb51d59c73788dd319b162f46798cff,not fixed; not saved,16.329024076461792,PASS,2026-09-07T09:44:29
dnn_oof_v1_fixed_5fold_10run_73configs,nuclear_receptor,Nuclear Receptor,12,NNMF__WGANGP__90_10,NNMF (WGAN-GP),NNMF,WGANGP,90_10,90/10,5,5,1404,1314,90,0.9273504273504274,0.40625,0.28888888888888886,0.33766233766233766,0.7789954337899544,0.26651094376108353,b50b414d86b3f7607cfe2403ddfde53b0eb51d59c73788dd319b162f46798cff,not fixed; not saved,16.917590379714966,PASS,2026-09-07T09:51:53
dnn_oof_v1_fixed_5fold_10run_73configs,nuclear_receptor,Nuclear Receptor,12,NNMF__WGANGP__90_10,NNMF (WGAN-GP),NNMF,WGANGP,90_10,90/10,6,5,1404,1314,90,0.9259259259259259,0.390625,0.2777777777777778,0.3246753246753247,0.7830585151361407,0.24832756625336092,b50b414d86b3f7607cfe2403ddfde53b0eb51d59c73788dd319b162f46798cff,not fixed; not saved,17.029536962509155,PASS,2026-09-07T09:59:19
dnn_oof_v1_fixed_5fold_10run_73configs,nuclear_receptor,Nuclear Receptor,12,NNMF__WGANGP__90_10,NNMF (WGAN-GP),NNMF,WGANGP,90_10,90/10,7,5,1404,1314,90,0.9287749287749287,0.4107142857142857,0.25555555555555554,0.3150684931506849,0.7884660916624386,0.28049073937821967,b50b414d86b3f7607cfe2403ddfde53b0eb51d59c73788dd319b162f46798cff,not fixed; not saved,16.549137592315674,PASS,2026-09-07T10:06:45
dnn_oof_v1_fixed_5fold_10run_73configs,nuclear_receptor,Nuclear Receptor,12,NNMF__WGANGP__90_10,NNMF (WGAN-GP),NNMF,WGANGP,90_10,90/10,8,5,1404,1314,90,0.9280626780626781,0.4067796610169492,0.26666666666666666,0.3221476510067114,0.7732073397598511,0.28501629899219705,b50b414d86b3f7607cfe2403ddfde53b0eb51d59c73788dd319b162f46798cff,not fixed; not saved,16.20655369758606,PASS,2026-09-07T10:14:14
dnn_oof_v1_fixed_5fold_10run_73configs,nuclear_receptor,Nuclear Receptor,12,NNMF__WGANGP__90_10,NNMF (WGAN-GP),NNMF,WGANGP,90_10,90/10,9,5,1404,1314,90,0.9237891737891738,0.36923076923076925,0.26666666666666666,0.3096774193548387,0.7835743277524099,0.26714775185724704,b50b414d86b3f7607cfe2403ddfde53b0eb51d59c73788dd319b162f46798cff,not fixed; not saved,17.40011978149414,PASS,2026-09-07T10:21:42
dnn_oof_v1_fixed_5fold_10run_73configs,nuclear_receptor,Nuclear Receptor,12,NNMF__WGANGP__90_10,NNMF (WGAN-GP),NNMF,WGANGP,90_10,90/10,10,5,1404,1314,90,0.9252136752136753,0.391304347826087,0.3,0.33962264150943394,0.7857052257737188,0.2700154813734861,b50b414d86b3f7607cfe2403ddfde53b0eb51d59c73788dd319b162f46798cff,not fixed; not saved,17.034504890441895,PASS,2026-09-07T10:29:08
dnn_oof_v1_fixed_5fold_10run_73configs,nuclear_receptor,Nuclear Receptor,17,NNMF__VAE__50_50,NNMF (VAE),NNMF,VAE,50_50,50/50,1,5,1404,1314,90,0.9145299145299145,0.3026315789473684,0.25555555555555554,0.27710843373493976,0.7664637239979707,0.2111114153107632,b50b414d86b3f7607cfe2403ddfde53b0eb51d59c73788dd319b162f46798cff,not fixed; not saved,19.926271677017212,PASS,2026-09-07T10:36:40
dnn_oof_v1_fixed_5fold_10run_73configs,nuclear_receptor,Nuclear Receptor,17,NNMF__VAE__50_50,NNMF (VAE),NNMF,VAE,50_50,50/50,2,5,1404,1314,90,0.9252136752136753,0.3880597014925373,0.28888888888888886,0.33121019108280253,0.758506680196178,0.2297455494639605,b50b414d86b3f7607cfe2403ddfde53b0eb51d59c73788dd319b162f46798cff,not fixed; not saved,20.62195897102356,PASS,2026-09-07T10:44:11
dnn_oof_v1_fixed_5fold_10run_73configs,nuclear_receptor,Nuclear Receptor,17,NNMF__VAE__50_50,NNMF (VAE),NNMF,VAE,50_50,50/50,3,5,1404,1314,90,0.9259259259259259,0.39705882352941174,0.3,0.34177215189873417,0.7551243023845763,0.22767143266405682,b50b414d86b3f7607cfe2403ddfde53b0eb51d59c73788dd319b162f46798cff,not fixed; not saved,20.396333932876587,PASS,2026-09-07T10:51:42
dnn_oof_v1_fixed_5fold_10run_73configs,nuclear_receptor,Nuclear Receptor,17,NNMF__VAE__50_50,NNMF (VAE),NNMF,VAE,50_50,50/50,4,5,1404,1314,90,0.9237891737891738,0.38028169014084506,0.3,0.33540372670807456,0.7749281244715034,0.24893182138240025,b50b414d86b3f7607cfe2403ddfde53b0eb51d59c73788dd319b162f46798cff,not fixed; not saved,21.266857862472534,PASS,2026-09-07T10:59:17
dnn_oof_v1_fixed_5fold_10run_73configs,nuclear_receptor,Nuclear Receptor,17,NNMF__VAE__50_50,NNMF (VAE),NNMF,VAE,50_50,50/50,5,5,1404,1314,90,0.9252136752136753,0.4025974025974026,0.34444444444444444,0.3712574850299401,0.778327414172163,0.25230274215290216,b50b414d86b3f7607cfe2403ddfde53b0eb51d59c73788dd319b162f46798cff,not fixed; not saved,20.611294984817505,PASS,2026-09-07T11:06:58
dnn_oof_v1_fixed_5fold_10run_73configs,nuclear_receptor,Nuclear Receptor,17,NNMF__VAE__50_50,NNMF (VAE),NNMF,VAE,50_50,50/50,6,5,1404,1314,90,0.9180911680911681,0.33766233766233766,0.28888888888888886,0.31137724550898205,0.7741374936580416,0.2644267200405731,b50b414d86b3f7607cfe2403ddfde53b0eb51d59c73788dd319b162f46798cff,not fixed; not saved,22.3026282787323,PASS,2026-09-07T11:14:40
dnn_oof_v1_fixed_5fold_10run_73configs,nuclear_receptor,Nuclear Receptor,17,NNMF__VAE__50_50,NNMF (VAE),NNMF,VAE,50_50,50/50,7,5,1404,1314,90,0.9138176638176638,0.3176470588235294,0.3,0.30857142857142855,0.7628234398782343,0.22858972626736002,b50b414d86b3f7607cfe2403ddfde53b0eb51d59c73788dd319b162f46798cff,not fixed; not saved,20.916495323181152,PASS,2026-09-07T11:22:13
dnn_oof_v1_fixed_5fold_10run_73configs,nuclear_receptor,Nuclear Receptor,17,NNMF__VAE__50_50,NNMF (VAE),NNMF,VAE,50_50,50/50,8,5,1404,1314,90,0.9188034188034188,0.35714285714285715,0.3333333333333333,0.3448275862068966,0.7748604769152715,0.2479819630508973,b50b414d86b3f7607cfe2403ddfde53b0eb51d59c73788dd319b162f46798cff,not fixed; not saved,21.36195135116577,PASS,2026-09-07T11:29:49
dnn_oof_v1_fixed_5fold_10run_73configs,nuclear_receptor,Nuclear Receptor,17,NNMF__VAE__50_50,NNMF (VAE),NNMF,VAE,50_50,50/50,9,5,1404,1314,90,0.9202279202279202,0.35135135135135137,0.28888888888888886,0.3170731707317073,0.7692203619144258,0.23197415444230565,b50b414d86b3f7607cfe2403ddfde53b0eb51d59c73788dd319b162f46798cff,not fixed; not saved,21.601967096328735,PASS,2026-09-07T11:37:25
dnn_oof_v1_fixed_5fold_10run_73configs,nuclear_receptor,Nuclear Receptor,17,NNMF__VAE__50_50,NNMF (VAE),NNMF,VAE,50_50,50/50,10,5,1404,1314,90,0.9273504273504274,0.4090909090909091,0.3,0.34615384615384615,0.75309910366988,0.2623345102630864,b50b414d86b3f7607cfe2403ddfde53b0eb51d59c73788dd319b162f46798cff,not fixed; not saved,20.16822052001953,PASS,2026-09-07T11:45:02
dnn_oof_v1_fixed_5fold_10run_73configs,nuclear_receptor,Nuclear Receptor,18,NNMF__VAE__80_20,NNMF (VAE),NNMF,VAE,80_20,80/20,1,5,1404,1314,90,0.9252136752136753,0.3770491803278688,0.25555555555555554,0.304635761589404,0.7424572974801286,0.22224866340488184,b50b414d86b3f7607cfe2403ddfde53b0eb51d59c73788dd319b162f46798cff,not fixed; not saved,17.70887327194214,PASS,2026-09-07T11:52:33
dnn_oof_v1_fixed_5fold_10run_73configs,nuclear_receptor,Nuclear Receptor,18,NNMF__VAE__80_20,NNMF (VAE),NNMF,VAE,80_20,80/20,2,5,1404,1314,90,0.9209401709401709,0.352112676056338,0.2777777777777778,0.3105590062111801,0.772598511753763,0.23802991545893554,b50b414d86b3f7607cfe2403ddfde53b0eb51d59c73788dd319b162f46798cff,not fixed; not saved,17.258124589920044,PASS,2026-09-07T12:00:08
dnn_oof_v1_fixed_5fold_10run_73configs,nuclear_receptor,Nuclear Receptor,18,NNMF__VAE__80_20,NNMF (VAE),NNMF,VAE,80_20,80/20,3,5,1404,1314,90,0.9195156695156695,0.3380281690140845,0.26666666666666666,0.2981366459627329,0.7663368848300355,0.22160584407310502,b50b414d86b3f7607cfe2403ddfde53b0eb51d59c73788dd319b162f46798cff,not fixed; not saved,19.12218999862671,PASS,2026-09-07T12:07:39
dnn_oof_v1_fixed_5fold_10run_73configs,nuclear_receptor,Nuclear Receptor,18,NNMF__VAE__80_20,NNMF (VAE),NNMF,VAE,80_20,80/20,4,5,1404,1314,90,0.9237891737891738,0.36923076923076925,0.26666666666666666,0.3096774193548387,0.7770590224928124,0.23475694082687482,b50b414d86b3f7607cfe2403ddfde53b0eb51d59c73788dd319b162f46798cff,not fixed; not saved,17.149130821228027,PASS,2026-09-07T12:15:13
dnn_oof_v1_fixed_5fold_10run_73configs,nuclear_receptor,Nuclear Receptor,18,NNMF__VAE__80_20,NNMF (VAE),NNMF,VAE,80_20,80/20,5,5,1404,1314,90,0.9259259259259259,0.4,0.3111111111111111,0.35,0.7794435988499916,0.2440675777087847,b50b414d86b3f7607cfe2403ddfde53b0eb51d59c73788dd319b162f46798cff,not fixed; not saved,17.782116413116455,PASS,2026-09-07T12:22:45
dnn_oof_v1_fixed_5fold_10run_73configs,nuclear_receptor,Nuclear Receptor,18,NNMF__VAE__80_20,NNMF (VAE),NNMF,VAE,80_20,80/20,6,5,1404,1314,90,0.9223646723646723,0.36619718309859156,0.28888888888888886,0.32298136645962733,0.7725858278369693,0.22760331881644078,b50b414d86b3f7607cfe2403ddfde53b0eb51d59c73788dd319b162f46798cff,not fixed; not saved,18.070064067840576,PASS,2026-09-07T12:30:20
dnn_oof_v1_fixed_5fold_10run_73configs,nuclear_receptor,Nuclear Receptor,18,NNMF__VAE__80_20,NNMF (VAE),NNMF,VAE,80_20,80/20,7,5,1404,1314,90,0.9188034188034188,0.3235294117647059,0.24444444444444444,0.27848101265822783,0.783921021478099,0.21754075119134403,b50b414d86b3f7607cfe2403ddfde53b0eb51d59c73788dd319b162f46798cff,not fixed; not saved,17.260109901428223,PASS,2026-09-07T12:37:57
dnn_oof_v1_fixed_5fold_10run_73configs,nuclear_receptor,Nuclear Receptor,18,NNMF__VAE__80_20,NNMF (VAE),NNMF,VAE,80_20,80/20,8,5,1404,1314,90,0.9237891737891738,0.37681159420289856,0.28888888888888886,0.3270440251572327,0.7678039912058177,0.23521937351409505,b50b414d86b3f7607cfe2403ddfde53b0eb51d59c73788dd319b162f46798cff,not fixed; not saved,18.971253871917725,PASS,2026-09-07T12:45:36
dnn_oof_v1_fixed_5fold_10run_73configs,nuclear_receptor,Nuclear Receptor,18,NNMF__VAE__80_20,NNMF (VAE),NNMF,VAE,80_20,80/20,9,5,1404,1314,90,0.9237891737891738,0.37681159420289856,0.28888888888888886,0.3270440251572327,0.7791983764586504,0.23581153644782957,b50b414d86b3f7607cfe2403ddfde53b0eb51d59c73788dd319b162f46798cff,not fixed; not saved,17.095612287521362,PASS,2026-09-07T12:53:12
dnn_oof_v1_fixed_5fold_10run_73configs,nuclear_receptor,Nuclear Receptor,18,NNMF__VAE__80_20,NNMF (VAE),NNMF,VAE,80_20,80/20,10,5,1404,1314,90,0.9230769230769231,0.37142857142857144,0.28888888888888886,0.325,0.7685269744630476,0.2153871025307278,b50b414d86b3f7607cfe2403ddfde53b0eb51d59c73788dd319b162f46798cff,not fixed; not saved,17.326939821243286,PASS,2026-09-07T13:00:47
dnn_oof_v1_fixed_5fold_10run_73configs,nuclear_receptor,Nuclear Receptor,19,NNMF__VAE__85_15,NNMF (VAE),NNMF,VAE,85_15,85/15,1,5,1404,1314,90,0.9209401709401709,0.36,0.3,0.32727272727272727,0.7830373752748182,0.244639250971477,b50b414d86b3f7607cfe2403ddfde53b0eb51d59c73788dd319b162f46798cff,not fixed; not saved,17.917073726654053,PASS,2026-09-07T13:08:21
dnn_oof_v1_fixed_5fold_10run_73configs,nuclear_receptor,Nuclear Receptor,19,NNMF__VAE__85_15,NNMF (VAE),NNMF,VAE,85_15,85/15,2,5,1404,1314,90,0.9180911680911681,0.3333333333333333,0.2777777777777778,0.30303030303030304,0.7773634364958566,0.24345479671307857,b50b414d86b3f7607cfe2403ddfde53b0eb51d59c73788dd319b162f46798cff,not fixed; not saved,17.20971179008484,PASS,2026-09-07T13:15:59
dnn_oof_v1_fixed_5fold_10run_73configs,nuclear_receptor,Nuclear Receptor,19,NNMF__VAE__85_15,NNMF (VAE),NNMF,VAE,85_15,85/15,3,5,1404,1314,90,0.9230769230769231,0.375,0.3,0.3333333333333333,0.768362083544732,0.25494422508765424,b50b414d86b3f7607cfe2403ddfde53b0eb51d59c73788dd319b162f46798cff,not fixed; not saved,17.47574019432068,PASS,2026-09-07T13:23:35
dnn_oof_v1_fixed_5fold_10run_73configs,nuclear_receptor,Nuclear Receptor,19,NNMF__VAE__85_15,NNMF (VAE),NNMF,VAE,85_15,85/15,4,5,1404,1314,90,0.9195156695156695,0.35064935064935066,0.3,0.32335329341317365,0.7708819550143752,0.22677066467976534,b50b414d86b3f7607cfe2403ddfde53b0eb51d59c73788dd319b162f46798cff,not fixed; not saved,18.5319561958313,PASS,2026-09-07T13:31:14
dnn_oof_v1_fixed_5fold_10run_73configs,nuclear_receptor,Nuclear Receptor,19,NNMF__VAE__85_15,NNMF (VAE),NNMF,VAE,85_15,85/15,5,5,1404,1314,90,0.9216524216524217,0.36486486486486486,0.3,0.32926829268292684,0.7160958904109589,0.22248844682959426,b50b414d86b3f7607cfe2403ddfde53b0eb51d59c73788dd319b162f46798cff,not fixed; not saved,17.653656721115112,PASS,2026-09-07T13:38:50
dnn_oof_v1_fixed_5fold_10run_73configs,nuclear_receptor,Nuclear Receptor,19,NNMF__VAE__85_15,NNMF (VAE),NNMF,VAE,85_15,85/15,6,5,1404,1314,90,0.9209401709401709,0.36363636363636365,0.3111111111111111,0.33532934131736525,0.7585785557246745,0.24402440985849336,b50b414d86b3f7607cfe2403ddfde53b0eb51d59c73788dd319b162f46798cff,not fixed; not saved,16.843857049942017,PASS,2026-09-07T13:46:29
dnn_oof_v1_fixed_5fold_10run_73configs,nuclear_receptor,Nuclear Receptor,19,NNMF__VAE__85_15,NNMF (VAE),NNMF,VAE,85_15,85/15,7,5,1404,1314,90,0.9245014245014245,0.3888888888888889,0.3111111111111111,0.345679012345679,0.760806697108067,0.22746265119852813,b50b414d86b3f7607cfe2403ddfde53b0eb51d59c73788dd319b162f46798cff,not fixed; not saved,17.261448621749878,PASS,2026-09-07T13:54:06
dnn_oof_v1_fixed_5fold_10run_73configs,nuclear_receptor,Nuclear Receptor,19,NNMF__VAE__85_15,NNMF (VAE),NNMF,VAE,85_15,85/15,8,5,1404,1314,90,0.9188034188034188,0.34615384615384615,0.3,0.32142857142857145,0.7710299340436327,0.22140527213563208,b50b414d86b3f7607cfe2403ddfde53b0eb51d59c73788dd319b162f46798cff,not fixed; not saved,18.43941068649292,PASS,2026-09-07T14:01:44
dnn_oof_v1_fixed_5fold_10run_73configs,nuclear_receptor,Nuclear Receptor,19,NNMF__VAE__85_15,NNMF (VAE),NNMF,VAE,85_15,85/15,9,5,1404,1314,90,0.9252136752136753,0.391304347826087,0.3,0.33962264150943394,0.7629671909352276,0.25527372530669984,b50b414d86b3f7607cfe2403ddfde53b0eb51d59c73788dd319b162f46798cff,not fixed; not saved,16.903486967086792,PASS,2026-09-07T14:09:22
dnn_oof_v1_fixed_5fold_10run_73configs,nuclear_receptor,Nuclear Receptor,19,NNMF__VAE__85_15,NNMF (VAE),NNMF,VAE,85_15,85/15,10,5,1404,1314,90,0.9195156695156695,0.3424657534246575,0.2777777777777778,0.3067484662576687,0.7635887028581092,0.23354640913956545,b50b414d86b3f7607cfe2403ddfde53b0eb51d59c73788dd319b162f46798cff,not fixed; not saved,18.132917165756226,PASS,2026-09-07T14:17:00
dnn_oof_v1_fixed_5fold_10run_73configs,nuclear_receptor,Nuclear Receptor,20,NNMF__VAE__90_10,NNMF (VAE),NNMF,VAE,90_10,90/10,1,5,1404,1314,90,0.9259259259259259,0.390625,0.2777777777777778,0.3246753246753247,0.7707593438187045,0.22964911979488203,b50b414d86b3f7607cfe2403ddfde53b0eb51d59c73788dd319b162f46798cff,not fixed; not saved,19.510640859603882,PASS,2026-09-07T14:24:39
dnn_oof_v1_fixed_5fold_10run_73configs,nuclear_receptor,Nuclear Receptor,20,NNMF__VAE__90_10,NNMF (VAE),NNMF,VAE,90_10,90/10,2,5,1404,1314,90,0.9230769230769231,0.36764705882352944,0.2777777777777778,0.31645569620253167,0.7856460341620158,0.2624159929601834,b50b414d86b3f7607cfe2403ddfde53b0eb51d59c73788dd319b162f46798cff,not fixed; not saved,16.72500205039978,PASS,2026-09-07T14:32:19
dnn_oof_v1_fixed_5fold_10run_73configs,nuclear_receptor,Nuclear Receptor,20,NNMF__VAE__90_10,NNMF (VAE),NNMF,VAE,90_10,90/10,3,5,1404,1314,90,0.9237891737891738,0.37681159420289856,0.28888888888888886,0.3270440251572327,0.7592592592592592,0.2336163534574134,b50b414d86b3f7607cfe2403ddfde53b0eb51d59c73788dd319b162f46798cff,not fixed; not saved,17.83106517791748,PASS,2026-09-07T14:40:00
dnn_oof_v1_fixed_5fold_10run_73configs,nuclear_receptor,Nuclear Receptor,20,NNMF__VAE__90_10,NNMF (VAE),NNMF,VAE,90_10,90/10,4,5,1404,1314,90,0.9223646723646723,0.3698630136986301,0.3,0.3312883435582822,0.762836123795028,0.2245093676263813,b50b414d86b3f7607cfe2403ddfde53b0eb51d59c73788dd319b162f46798cff,not fixed; not saved,17.188652276992798,PASS,2026-09-07T14:47:39
dnn_oof_v1_fixed_5fold_10run_73configs,nuclear_receptor,Nuclear Receptor,20,NNMF__VAE__90_10,NNMF (VAE),NNMF,VAE,90_10,90/10,5,5,1404,1314,90,0.9216524216524217,0.35714285714285715,0.2777777777777778,0.3125,0.7800439709115509,0.23754522504435435,b50b414d86b3f7607cfe2403ddfde53b0eb51d59c73788dd319b162f46798cff,not fixed; not saved,18.567010164260864,PASS,2026-09-07T14:55:17
dnn_oof_v1_fixed_5fold_10run_73configs,nuclear_receptor,Nuclear Receptor,20,NNMF__VAE__90_10,NNMF (VAE),NNMF,VAE,90_10,90/10,6,5,1404,1314,90,0.9252136752136753,0.3728813559322034,0.24444444444444444,0.2953020134228188,0.7509639776763065,0.22610157934358607,b50b414d86b3f7607cfe2403ddfde53b0eb51d59c73788dd319b162f46798cff,not fixed; not saved,16.946775913238525,PASS,2026-09-07T15:02:52
dnn_oof_v1_fixed_5fold_10run_73configs,nuclear_receptor,Nuclear Receptor,20,NNMF__VAE__90_10,NNMF (VAE),NNMF,VAE,90_10,90/10,7,5,1404,1314,90,0.9230769230769231,0.3875,0.34444444444444444,0.36470588235294116,0.7852232369355656,0.24414110648347032,b50b414d86b3f7607cfe2403ddfde53b0eb51d59c73788dd319b162f46798cff,not fixed; not saved,17.60870599746704,PASS,2026-09-07T15:10:34
dnn_oof_v1_fixed_5fold_10run_73configs,nuclear_receptor,Nuclear Receptor,20,NNMF__VAE__90_10,NNMF (VAE),NNMF,VAE,90_10,90/10,8,5,1404,1314,90,0.9209401709401709,0.34782608695652173,0.26666666666666666,0.3018867924528302,0.7415102316928802,0.22649283896704817,b50b414d86b3f7607cfe2403ddfde53b0eb51d59c73788dd319b162f46798cff,not fixed; not saved,18.02951216697693,PASS,2026-09-07T15:18:17
dnn_oof_v1_fixed_5fold_10run_73configs,nuclear_receptor,Nuclear Receptor,20,NNMF__VAE__90_10,NNMF (VAE),NNMF,VAE,90_10,90/10,9,5,1404,1314,90,0.9237891737891738,0.3835616438356164,0.3111111111111111,0.34355828220858897,0.77164721799425,0.2444262983600591,b50b414d86b3f7607cfe2403ddfde53b0eb51d59c73788dd319b162f46798cff,not fixed; not saved,18.10202383995056,PASS,2026-09-07T15:25:58
dnn_oof_v1_fixed_5fold_10run_73configs,nuclear_receptor,Nuclear Receptor,20,NNMF__VAE__90_10,NNMF (VAE),NNMF,VAE,90_10,90/10,10,5,1404,1314,90,0.9209401709401709,0.352112676056338,0.2777777777777778,0.3105590062111801,0.753344326061221,0.22344727811701143,b50b414d86b3f7607cfe2403ddfde53b0eb51d59c73788dd319b162f46798cff,not fixed; not saved,16.722986936569214,PASS,2026-09-07T15:33:42
dnn_oof_v1_fixed_5fold_10run_73configs,nuclear_receptor,Nuclear Receptor,13,LMF__WGANGP__50_50,LMF (WGAN-GP),LMF,WGANGP,50_50,50/50,1,5,1404,1314,90,0.9216524216524217,0.3,0.16666666666666666,0.21428571428571427,0.6905631659056315,0.16745479139127908,b50b414d86b3f7607cfe2403ddfde53b0eb51d59c73788dd319b162f46798cff,not fixed; not saved,21.700621366500854,PASS,2026-09-07T15:44:55
dnn_oof_v1_fixed_5fold_10run_73configs,nuclear_receptor,Nuclear Receptor,13,LMF__WGANGP__50_50,LMF (WGAN-GP),LMF,WGANGP,50_50,50/50,2,5,1404,1314,90,0.9394586894586895,0.5925925925925926,0.17777777777777778,0.27350427350427353,0.6990952139353965,0.25883691493854727,b50b414d86b3f7607cfe2403ddfde53b0eb51d59c73788dd319b162f46798cff,not fixed; not saved,20.866509199142456,PASS,2026-09-07T15:52:44
dnn_oof_v1_fixed_5fold_10run_73configs,nuclear_receptor,Nuclear Receptor,13,LMF__WGANGP__50_50,LMF (WGAN-GP),LMF,WGANGP,50_50,50/50,3,5,1404,1314,90,0.9309116809116809,0.4186046511627907,0.2,0.2706766917293233,0.6814561136478945,0.2684594251162904,b50b414d86b3f7607cfe2403ddfde53b0eb51d59c73788dd319b162f46798cff,not fixed; not saved,21.226140022277832,PASS,2026-09-07T16:00:28
dnn_oof_v1_fixed_5fold_10run_73configs,nuclear_receptor,Nuclear Receptor,13,LMF__WGANGP__50_50,LMF (WGAN-GP),LMF,WGANGP,50_50,50/50,4,5,1404,1314,90,0.9287749287749287,0.38636363636363635,0.18888888888888888,0.2537313432835821,0.6713089802130897,0.19810826341494436,b50b414d86b3f7607cfe2403ddfde53b0eb51d59c73788dd319b162f46798cff,not fixed; not saved,22.39256525039673,PASS,2026-09-07T16:08:11
dnn_oof_v1_fixed_5fold_10run_73configs,nuclear_receptor,Nuclear Receptor,13,LMF__WGANGP__50_50,LMF (WGAN-GP),LMF,WGANGP,50_50,50/50,5,5,1404,1314,90,0.9280626780626781,0.36585365853658536,0.16666666666666666,0.22900763358778625,0.6828936242178252,0.2385514408540237,b50b414d86b3f7607cfe2403ddfde53b0eb51d59c73788dd319b162f46798cff,not fixed; not saved,20.026060581207275,PASS,2026-09-07T16:15:58
dnn_oof_v1_fixed_5fold_10run_73configs,nuclear_receptor,Nuclear Receptor,13,LMF__WGANGP__50_50,LMF (WGAN-GP),LMF,WGANGP,50_50,50/50,6,5,1404,1314,90,0.9387464387464387,0.5833333333333334,0.15555555555555556,0.24561403508771928,0.6823186199898528,0.2599571845086592,b50b414d86b3f7607cfe2403ddfde53b0eb51d59c73788dd319b162f46798cff,not fixed; not saved,21.14337706565857,PASS,2026-09-07T16:23:43
dnn_oof_v1_fixed_5fold_10run_73configs,nuclear_receptor,Nuclear Receptor,13,LMF__WGANGP__50_50,LMF (WGAN-GP),LMF,WGANGP,50_50,50/50,7,5,1404,1314,90,0.9351851851851852,0.4827586206896552,0.15555555555555556,0.23529411764705882,0.6930449856248941,0.24441475998544798,b50b414d86b3f7607cfe2403ddfde53b0eb51d59c73788dd319b162f46798cff,not fixed; not saved,20.93969964981079,PASS,2026-09-07T16:31:31
dnn_oof_v1_fixed_5fold_10run_73configs,nuclear_receptor,Nuclear Receptor,13,LMF__WGANGP__50_50,LMF (WGAN-GP),LMF,WGANGP,50_50,50/50,8,5,1404,1314,90,0.9180911680911681,0.3188405797101449,0.24444444444444444,0.27672955974842767,0.6763106714019956,0.2508237199213012,b50b414d86b3f7607cfe2403ddfde53b0eb51d59c73788dd319b162f46798cff,not fixed; not saved,20.991852045059204,PASS,2026-09-07T16:39:18
dnn_oof_v1_fixed_5fold_10run_73configs,nuclear_receptor,Nuclear Receptor,13,LMF__WGANGP__50_50,LMF (WGAN-GP),LMF,WGANGP,50_50,50/50,9,5,1404,1314,90,0.9280626780626781,0.3103448275862069,0.1,0.15126050420168066,0.6817858954845256,0.18002775859707143,b50b414d86b3f7607cfe2403ddfde53b0eb51d59c73788dd319b162f46798cff,not fixed; not saved,20.589004039764404,PASS,2026-09-07T16:47:06
dnn_oof_v1_fixed_5fold_10run_73configs,nuclear_receptor,Nuclear Receptor,13,LMF__WGANGP__50_50,LMF (WGAN-GP),LMF,WGANGP,50_50,50/50,10,5,1404,1314,90,0.9173789173789174,0.30303030303030304,0.2222222222222222,0.2564102564102564,0.6703534584813124,0.16233064016633236,b50b414d86b3f7607cfe2403ddfde53b0eb51d59c73788dd319b162f46798cff,not fixed; not saved,21.713764429092407,PASS,2026-09-07T16:54:50
dnn_oof_v1_fixed_5fold_10run_73configs,nuclear_receptor,Nuclear Receptor,14,LMF__WGANGP__80_20,LMF (WGAN-GP),LMF,WGANGP,80_20,80/20,1,5,1404,1314,90,0.9109686609686609,0.2727272727272727,0.23333333333333334,0.25149700598802394,0.6881785895484526,0.20346566056162987,b50b414d86b3f7607cfe2403ddfde53b0eb51d59c73788dd319b162f46798cff,not fixed; not saved,18.070631980895996,PASS,2026-09-07T17:02:42
dnn_oof_v1_fixed_5fold_10run_73configs,nuclear_receptor,Nuclear Receptor,14,LMF__WGANGP__80_20,LMF (WGAN-GP),LMF,WGANGP,80_20,80/20,2,5,1404,1314,90,0.9180911680911681,0.23404255319148937,0.12222222222222222,0.16058394160583941,0.6740148824623712,0.14830270941981352,b50b414d86b3f7607cfe2403ddfde53b0eb51d59c73788dd319b162f46798cff,not fixed; not saved,17.735371828079224,PASS,2026-09-07T17:10:27
dnn_oof_v1_fixed_5fold_10run_73configs,nuclear_receptor,Nuclear Receptor,14,LMF__WGANGP__80_20,LMF (WGAN-GP),LMF,WGANGP,80_20,80/20,3,5,1404,1314,90,0.9209401709401709,0.3157894736842105,0.2,0.24489795918367346,0.6852190089633012,0.1763413349563666,b50b414d86b3f7607cfe2403ddfde53b0eb51d59c73788dd319b162f46798cff,not fixed; not saved,17.83822536468506,PASS,2026-09-07T17:18:19
dnn_oof_v1_fixed_5fold_10run_73configs,nuclear_receptor,Nuclear Receptor,14,LMF__WGANGP__80_20,LMF (WGAN-GP),LMF,WGANGP,80_20,80/20,4,5,1404,1314,90,0.9344729344729344,0.4782608695652174,0.24444444444444444,0.3235294117647059,0.6780737358362928,0.26901287736190255,b50b414d86b3f7607cfe2403ddfde53b0eb51d59c73788dd319b162f46798cff,not fixed; not saved,19.304161310195923,PASS,2026-09-07T17:26:06
dnn_oof_v1_fixed_5fold_10run_73configs,nuclear_receptor,Nuclear Receptor,14,LMF__WGANGP__80_20,LMF (WGAN-GP),LMF,WGANGP,80_20,80/20,5,5,1404,1314,90,0.9316239316239316,0.42105263157894735,0.17777777777777778,0.25,0.682623033992897,0.2292003792018141,b50b414d86b3f7607cfe2403ddfde53b0eb51d59c73788dd319b162f46798cff,not fixed; not saved,17.595422506332397,PASS,2026-09-07T17:33:56
dnn_oof_v1_fixed_5fold_10run_73configs,nuclear_receptor,Nuclear Receptor,14,LMF__WGANGP__80_20,LMF (WGAN-GP),LMF,WGANGP,80_20,80/20,6,5,1404,1314,90,0.9366096866096866,0.5128205128205128,0.2222222222222222,0.31007751937984496,0.6512303399289701,0.25251298456498383,b50b414d86b3f7607cfe2403ddfde53b0eb51d59c73788dd319b162f46798cff,not fixed; not saved,17.58500862121582,PASS,2026-09-07T17:41:44
dnn_oof_v1_fixed_5fold_10run_73configs,nuclear_receptor,Nuclear Receptor,14,LMF__WGANGP__80_20,LMF (WGAN-GP),LMF,WGANGP,80_20,80/20,7,5,1404,1314,90,0.9252136752136753,0.36363636363636365,0.2222222222222222,0.27586206896551724,0.6706494165398275,0.2117665834067916,b50b414d86b3f7607cfe2403ddfde53b0eb51d59c73788dd319b162f46798cff,not fixed; not saved,17.994572639465332,PASS,2026-09-07T17:49:33
dnn_oof_v1_fixed_5fold_10run_73configs,nuclear_receptor,Nuclear Receptor,14,LMF__WGANGP__80_20,LMF (WGAN-GP),LMF,WGANGP,80_20,80/20,8,5,1404,1314,90,0.9330484330484331,0.45652173913043476,0.23333333333333334,0.3088235294117647,0.6868425503128699,0.26395671576671415,b50b414d86b3f7607cfe2403ddfde53b0eb51d59c73788dd319b162f46798cff,not fixed; not saved,17.442545175552368,PASS,2026-09-07T17:57:23
dnn_oof_v1_fixed_5fold_10run_73configs,nuclear_receptor,Nuclear Receptor,14,LMF__WGANGP__80_20,LMF (WGAN-GP),LMF,WGANGP,80_20,80/20,9,5,1404,1314,90,0.9216524216524217,0.3484848484848485,0.25555555555555554,0.2948717948717949,0.7000718755284965,0.26044290277923926,b50b414d86b3f7607cfe2403ddfde53b0eb51d59c73788dd319b162f46798cff,not fixed; not saved,18.938667058944702,PASS,2026-09-07T18:05:10
dnn_oof_v1_fixed_5fold_10run_73configs,nuclear_receptor,Nuclear Receptor,14,LMF__WGANGP__80_20,LMF (WGAN-GP),LMF,WGANGP,80_20,80/20,10,5,1404,1314,90,0.9301994301994302,0.42592592592592593,0.25555555555555554,0.3194444444444444,0.6883477084390326,0.23625885173500294,b50b414d86b3f7607cfe2403ddfde53b0eb51d59c73788dd319b162f46798cff,not fixed; not saved,18.576619148254395,PASS,2026-09-07T18:13:03
dnn_oof_v1_fixed_5fold_10run_73configs,nuclear_receptor,Nuclear Receptor,15,LMF__WGANGP__85_15,LMF (WGAN-GP),LMF,WGANGP,85_15,85/15,1,5,1404,1314,90,0.9287749287749287,0.391304347826087,0.2,0.2647058823529412,0.682403179435143,0.2237171401895795,b50b414d86b3f7607cfe2403ddfde53b0eb51d59c73788dd319b162f46798cff,not fixed; not saved,18.06220817565918,PASS,2026-09-07T18:20:52
dnn_oof_v1_fixed_5fold_10run_73configs,nuclear_receptor,Nuclear Receptor,15,LMF__WGANGP__85_15,LMF (WGAN-GP),LMF,WGANGP,85_15,85/15,2,5,1404,1314,90,0.9252136752136753,0.3770491803278688,0.25555555555555554,0.304635761589404,0.6918146456959242,0.25750774506095636,b50b414d86b3f7607cfe2403ddfde53b0eb51d59c73788dd319b162f46798cff,not fixed; not saved,19.893627882003784,PASS,2026-09-07T18:28:42
dnn_oof_v1_fixed_5fold_10run_73configs,nuclear_receptor,Nuclear Receptor,15,LMF__WGANGP__85_15,LMF (WGAN-GP),LMF,WGANGP,85_15,85/15,3,5,1404,1314,90,0.9195156695156695,0.3114754098360656,0.2111111111111111,0.25165562913907286,0.6879418231016404,0.22770306557405218,b50b414d86b3f7607cfe2403ddfde53b0eb51d59c73788dd319b162f46798cff,not fixed; not saved,17.76735544204712,PASS,2026-09-07T18:36:31
dnn_oof_v1_fixed_5fold_10run_73configs,nuclear_receptor,Nuclear Receptor,15,LMF__WGANGP__85_15,LMF (WGAN-GP),LMF,WGANGP,85_15,85/15,4,5,1404,1314,90,0.9273504273504274,0.3235294117647059,0.12222222222222222,0.1774193548387097,0.6570818535430409,0.18574060564286896,b50b414d86b3f7607cfe2403ddfde53b0eb51d59c73788dd319b162f46798cff,not fixed; not saved,16.910417556762695,PASS,2026-09-07T18:44:22
dnn_oof_v1_fixed_5fold_10run_73configs,nuclear_receptor,Nuclear Receptor,15,LMF__WGANGP__85_15,LMF (WGAN-GP),LMF,WGANGP,85_15,85/15,5,5,1404,1314,90,0.9273504273504274,0.375,0.2,0.2608695652173913,0.6781075596144089,0.23321995344682703,b50b414d86b3f7607cfe2403ddfde53b0eb51d59c73788dd319b162f46798cff,not fixed; not saved,17.847469329833984,PASS,2026-09-07T18:52:14
dnn_oof_v1_fixed_5fold_10run_73configs,nuclear_receptor,Nuclear Receptor,15,LMF__WGANGP__85_15,LMF (WGAN-GP),LMF,WGANGP,85_15,85/15,6,5,1404,1314,90,0.9301994301994302,0.4230769230769231,0.24444444444444444,0.30985915492957744,0.6807077625570775,0.2856473240444513,b50b414d86b3f7607cfe2403ddfde53b0eb51d59c73788dd319b162f46798cff,not fixed; not saved,18.033831119537354,PASS,2026-09-07T19:00:10
dnn_oof_v1_fixed_5fold_10run_73configs,nuclear_receptor,Nuclear Receptor,15,LMF__WGANGP__85_15,LMF (WGAN-GP),LMF,WGANGP,85_15,85/15,7,5,1404,1314,90,0.9323361823361823,0.42857142857142855,0.16666666666666666,0.24,0.6896499238964993,0.24087413871963026,b50b414d86b3f7607cfe2403ddfde53b0eb51d59c73788dd319b162f46798cff,not fixed; not saved,17.406932830810547,PASS,2026-09-07T19:08:02
dnn_oof_v1_fixed_5fold_10run_73configs,nuclear_receptor,Nuclear Receptor,15,LMF__WGANGP__85_15,LMF (WGAN-GP),LMF,WGANGP,85_15,85/15,8,5,1404,1314,90,0.9245014245014245,0.32608695652173914,0.16666666666666666,0.22058823529411764,0.6770082868256384,0.19942584232247318,b50b414d86b3f7607cfe2403ddfde53b0eb51d59c73788dd319b162f46798cff,not fixed; not saved,17.527390480041504,PASS,2026-09-07T19:15:55
dnn_oof_v1_fixed_5fold_10run_73configs,nuclear_receptor,Nuclear Receptor,15,LMF__WGANGP__85_15,LMF (WGAN-GP),LMF,WGANGP,85_15,85/15,9,5,1404,1314,90,0.9323361823361823,0.42857142857142855,0.16666666666666666,0.24,0.6806485709453745,0.19861853981262897,b50b414d86b3f7607cfe2403ddfde53b0eb51d59c73788dd319b162f46798cff,not fixed; not saved,17.39706325531006,PASS,2026-09-07T19:23:49
dnn_oof_v1_fixed_5fold_10run_73configs,nuclear_receptor,Nuclear Receptor,15,LMF__WGANGP__85_15,LMF (WGAN-GP),LMF,WGANGP,85_15,85/15,10,5,1404,1314,90,0.9252136752136753,0.3584905660377358,0.2111111111111111,0.26573426573426573,0.6786656519533231,0.25162907957469344,b50b414d86b3f7607cfe2403ddfde53b0eb51d59c73788dd319b162f46798cff,not fixed; not saved,17.366923093795776,PASS,2026-09-07T19:31:44
dnn_oof_v1_fixed_5fold_10run_73configs,nuclear_receptor,Nuclear Receptor,16,LMF__WGANGP__90_10,LMF (WGAN-GP),LMF,WGANGP,90_10,90/10,1,5,1404,1314,90,0.9294871794871795,0.36363636363636365,0.13333333333333333,0.1951219512195122,0.6942034500253678,0.18920645709050554,b50b414d86b3f7607cfe2403ddfde53b0eb51d59c73788dd319b162f46798cff,not fixed; not saved,18.1460063457489,PASS,2026-09-07T19:39:39
dnn_oof_v1_fixed_5fold_10run_73configs,nuclear_receptor,Nuclear Receptor,16,LMF__WGANGP__90_10,LMF (WGAN-GP),LMF,WGANGP,90_10,90/10,2,5,1404,1314,90,0.9287749287749287,0.3958333333333333,0.2111111111111111,0.2753623188405797,0.6790038897344833,0.24552017502886223,b50b414d86b3f7607cfe2403ddfde53b0eb51d59c73788dd319b162f46798cff,not fixed; not saved,18.346060514450073,PASS,2026-09-07T19:47:32
dnn_oof_v1_fixed_5fold_10run_73configs,nuclear_receptor,Nuclear Receptor,16,LMF__WGANGP__90_10,LMF (WGAN-GP),LMF,WGANGP,90_10,90/10,3,5,1404,1314,90,0.9280626780626781,0.4067796610169492,0.26666666666666666,0.3221476510067114,0.6777185861660746,0.20763089542893343,b50b414d86b3f7607cfe2403ddfde53b0eb51d59c73788dd319b162f46798cff,not fixed; not saved,19.453102350234985,PASS,2026-09-07T19:55:25
dnn_oof_v1_fixed_5fold_10run_73configs,nuclear_receptor,Nuclear Receptor,16,LMF__WGANGP__90_10,LMF (WGAN-GP),LMF,WGANGP,90_10,90/10,4,5,1404,1314,90,0.9344729344729344,0.46875,0.16666666666666666,0.2459016393442623,0.6937468290208016,0.2424980574624024,b50b414d86b3f7607cfe2403ddfde53b0eb51d59c73788dd319b162f46798cff,not fixed; not saved,18.80606961250305,PASS,2026-09-07T20:03:18
dnn_oof_v1_fixed_5fold_10run_73configs,nuclear_receptor,Nuclear Receptor,16,LMF__WGANGP__90_10,LMF (WGAN-GP),LMF,WGANGP,90_10,90/10,5,5,1404,1314,90,0.9266381766381766,0.34146341463414637,0.15555555555555556,0.21374045801526717,0.6729874852020971,0.20369464399640633,b50b414d86b3f7607cfe2403ddfde53b0eb51d59c73788dd319b162f46798cff,not fixed; not saved,19.134259462356567,PASS,2026-09-07T20:11:13
dnn_oof_v1_fixed_5fold_10run_73configs,nuclear_receptor,Nuclear Receptor,16,LMF__WGANGP__90_10,LMF (WGAN-GP),LMF,WGANGP,90_10,90/10,6,5,1404,1314,90,0.9294871794871795,0.36363636363636365,0.13333333333333333,0.1951219512195122,0.6877727042110604,0.22031551908245992,b50b414d86b3f7607cfe2403ddfde53b0eb51d59c73788dd319b162f46798cff,not fixed; not saved,20.153839349746704,PASS,2026-09-07T20:19:08
dnn_oof_v1_fixed_5fold_10run_73configs,nuclear_receptor,Nuclear Receptor,16,LMF__WGANGP__90_10,LMF (WGAN-GP),LMF,WGANGP,90_10,90/10,7,5,1404,1314,90,0.9351851851851852,0.4857142857142857,0.18888888888888888,0.272,0.6826610857432777,0.2529908290752785,b50b414d86b3f7607cfe2403ddfde53b0eb51d59c73788dd319b162f46798cff,not fixed; not saved,19.9255690574646,PASS,2026-09-07T20:27:05
dnn_oof_v1_fixed_5fold_10run_73configs,nuclear_receptor,Nuclear Receptor,16,LMF__WGANGP__90_10,LMF (WGAN-GP),LMF,WGANGP,90_10,90/10,8,5,1404,1314,90,0.9245014245014245,0.375,0.26666666666666666,0.3116883116883117,0.6888254693049213,0.25700291493809047,b50b414d86b3f7607cfe2403ddfde53b0eb51d59c73788dd319b162f46798cff,not fixed; not saved,19.593620777130127,PASS,2026-09-07T20:35:00
dnn_oof_v1_fixed_5fold_10run_73configs,nuclear_receptor,Nuclear Receptor,16,LMF__WGANGP__90_10,LMF (WGAN-GP),LMF,WGANGP,90_10,90/10,9,5,1404,1314,90,0.9330484330484331,0.4230769230769231,0.12222222222222222,0.1896551724137931,0.6677913072890242,0.18451194041984606,b50b414d86b3f7607cfe2403ddfde53b0eb51d59c73788dd319b162f46798cff,not fixed; not saved,20.421156406402588,PASS,2026-09-07T20:42:57
dnn_oof_v1_fixed_5fold_10run_73configs,nuclear_receptor,Nuclear Receptor,16,LMF__WGANGP__90_10,LMF (WGAN-GP),LMF,WGANGP,90_10,90/10,10,5,1404,1314,90,0.9358974358974359,0.5,0.2222222222222222,0.3076923076923077,0.6830669710806697,0.27250416580908293,b50b414d86b3f7607cfe2403ddfde53b0eb51d59c73788dd319b162f46798cff,not fixed; not saved,19.44133758544922,PASS,2026-09-07T20:50:52
dnn_oof_v1_fixed_5fold_10run_73configs,nuclear_receptor,Nuclear Receptor,21,LMF__VAE__50_50,LMF (VAE),LMF,VAE,50_50,50/50,1,5,1404,1314,90,0.9316239316239316,0.42857142857142855,0.2,0.2727272727272727,0.6884999154405549,0.1849587655409187,b50b414d86b3f7607cfe2403ddfde53b0eb51d59c73788dd319b162f46798cff,not fixed; not saved,23.431674480438232,PASS,2026-09-07T20:58:54
dnn_oof_v1_fixed_5fold_10run_73configs,nuclear_receptor,Nuclear Receptor,21,LMF__VAE__50_50,LMF (VAE),LMF,VAE,50_50,50/50,2,5,1404,1314,90,0.9045584045584045,0.2441860465116279,0.23333333333333334,0.23863636363636365,0.6896499238964993,0.18085539827051206,b50b414d86b3f7607cfe2403ddfde53b0eb51d59c73788dd319b162f46798cff,not fixed; not saved,23.294913053512573,PASS,2026-09-07T21:06:52
dnn_oof_v1_fixed_5fold_10run_73configs,nuclear_receptor,Nuclear Receptor,21,LMF__VAE__50_50,LMF (VAE),LMF,VAE,50_50,50/50,3,5,1404,1314,90,0.9145299145299145,0.25,0.16666666666666666,0.2,0.6861449348892271,0.15283515018053165,b50b414d86b3f7607cfe2403ddfde53b0eb51d59c73788dd319b162f46798cff,not fixed; not saved,23.67944645881653,PASS,2026-09-07T21:14:51
dnn_oof_v1_fixed_5fold_10run_73configs,nuclear_receptor,Nuclear Receptor,21,LMF__VAE__50_50,LMF (VAE),LMF,VAE,50_50,50/50,4,5,1404,1314,90,0.9109686609686609,0.2463768115942029,0.18888888888888888,0.2138364779874214,0.6805851513614071,0.14458729063704204,b50b414d86b3f7607cfe2403ddfde53b0eb51d59c73788dd319b162f46798cff,not fixed; not saved,24.466198682785034,PASS,2026-09-07T21:22:52
dnn_oof_v1_fixed_5fold_10run_73configs,nuclear_receptor,Nuclear Receptor,21,LMF__VAE__50_50,LMF (VAE),LMF,VAE,50_50,50/50,5,5,1404,1314,90,0.9216524216524217,0.3275862068965517,0.2111111111111111,0.25675675675675674,0.6756130559783528,0.16170548855242467,b50b414d86b3f7607cfe2403ddfde53b0eb51d59c73788dd319b162f46798cff,not fixed; not saved,23.880338668823242,PASS,2026-09-07T21:30:50
dnn_oof_v1_fixed_5fold_10run_73configs,nuclear_receptor,Nuclear Receptor,21,LMF__VAE__50_50,LMF (VAE),LMF,VAE,50_50,50/50,6,5,1404,1314,90,0.9173789173789174,0.2903225806451613,0.2,0.23684210526315788,0.6891594791138171,0.16297734544626274,b50b414d86b3f7607cfe2403ddfde53b0eb51d59c73788dd319b162f46798cff,not fixed; not saved,24.448861837387085,PASS,2026-09-07T21:38:50
dnn_oof_v1_fixed_5fold_10run_73configs,nuclear_receptor,Nuclear Receptor,21,LMF__VAE__50_50,LMF (VAE),LMF,VAE,50_50,50/50,7,5,1404,1314,90,0.9259259259259259,0.3333333333333333,0.15555555555555556,0.21212121212121213,0.6794351429054626,0.15491975111759207,b50b414d86b3f7607cfe2403ddfde53b0eb51d59c73788dd319b162f46798cff,not fixed; not saved,24.523737907409668,PASS,2026-09-07T21:46:51
dnn_oof_v1_fixed_5fold_10run_73configs,nuclear_receptor,Nuclear Receptor,21,LMF__VAE__50_50,LMF (VAE),LMF,VAE,50_50,50/50,8,5,1404,1314,90,0.9188034188034188,0.3235294117647059,0.24444444444444444,0.27848101265822783,0.6803399289700659,0.17847401482160483,b50b414d86b3f7607cfe2403ddfde53b0eb51d59c73788dd319b162f46798cff,not fixed; not saved,23.782910346984863,PASS,2026-09-07T21:54:53
dnn_oof_v1_fixed_5fold_10run_73configs,nuclear_receptor,Nuclear Receptor,21,LMF__VAE__50_50,LMF (VAE),LMF,VAE,50_50,50/50,9,5,1404,1314,90,0.9116809116809117,0.2875,0.25555555555555554,0.27058823529411763,0.7040419414848639,0.17583977616659835,b50b414d86b3f7607cfe2403ddfde53b0eb51d59c73788dd319b162f46798cff,not fixed; not saved,23.58228635787964,PASS,2026-09-07T22:02:53
dnn_oof_v1_fixed_5fold_10run_73configs,nuclear_receptor,Nuclear Receptor,21,LMF__VAE__50_50,LMF (VAE),LMF,VAE,50_50,50/50,10,5,1404,1314,90,0.9237891737891738,0.2702702702702703,0.1111111111111111,0.15748031496062992,0.6811643835616439,0.13565416142333941,b50b414d86b3f7607cfe2403ddfde53b0eb51d59c73788dd319b162f46798cff,not fixed; not saved,24.250568866729736,PASS,2026-09-07T22:10:55
dnn_oof_v1_fixed_5fold_10run_73configs,nuclear_receptor,Nuclear Receptor,22,LMF__VAE__80_20,LMF (VAE),LMF,VAE,80_20,80/20,1,5,1404,1314,90,0.9188034188034188,0.26,0.14444444444444443,0.18571428571428572,0.68488922712667,0.15103058765734523,b50b414d86b3f7607cfe2403ddfde53b0eb51d59c73788dd319b162f46798cff,not fixed; not saved,20.130095720291138,PASS,2026-09-07T22:18:57
dnn_oof_v1_fixed_5fold_10run_73configs,nuclear_receptor,Nuclear Receptor,22,LMF__VAE__80_20,LMF (VAE),LMF,VAE,80_20,80/20,2,5,1404,1314,90,0.9166666666666666,0.2786885245901639,0.18888888888888888,0.2251655629139073,0.6865888719769998,0.17058572003773112,b50b414d86b3f7607cfe2403ddfde53b0eb51d59c73788dd319b162f46798cff,not fixed; not saved,18.895832061767578,PASS,2026-09-07T22:27:01
dnn_oof_v1_fixed_5fold_10run_73configs,nuclear_receptor,Nuclear Receptor,22,LMF__VAE__80_20,LMF (VAE),LMF,VAE,80_20,80/20,3,5,1404,1314,90,0.9287749287749287,0.4,0.2222222222222222,0.2857142857142857,0.7108912565533569,0.20101988180909294,b50b414d86b3f7607cfe2403ddfde53b0eb51d59c73788dd319b162f46798cff,not fixed; not saved,17.783671379089355,PASS,2026-09-07T22:35:05
dnn_oof_v1_fixed_5fold_10run_73configs,nuclear_receptor,Nuclear Receptor,22,LMF__VAE__80_20,LMF (VAE),LMF,VAE,80_20,80/20,4,5,1404,1314,90,0.9223646723646723,0.30612244897959184,0.16666666666666666,0.2158273381294964,0.6825976661593101,0.1875148311567913,b50b414d86b3f7607cfe2403ddfde53b0eb51d59c73788dd319b162f46798cff,not fixed; not saved,20.176658630371094,PASS,2026-09-07T22:43:06
dnn_oof_v1_fixed_5fold_10run_73configs,nuclear_receptor,Nuclear Receptor,22,LMF__VAE__80_20,LMF (VAE),LMF,VAE,80_20,80/20,5,5,1404,1314,90,0.9223646723646723,0.32075471698113206,0.18888888888888888,0.23776223776223776,0.6774564518856757,0.18666103117196498,b50b414d86b3f7607cfe2403ddfde53b0eb51d59c73788dd319b162f46798cff,not fixed; not saved,18.85192108154297,PASS,2026-09-07T22:51:12
dnn_oof_v1_fixed_5fold_10run_73configs,nuclear_receptor,Nuclear Receptor,22,LMF__VAE__80_20,LMF (VAE),LMF,VAE,80_20,80/20,6,5,1404,1314,90,0.9202279202279202,0.28,0.15555555555555556,0.2,0.6937764248266531,0.1896470082807671,b50b414d86b3f7607cfe2403ddfde53b0eb51d59c73788dd319b162f46798cff,not fixed; not saved,18.55018663406372,PASS,2026-09-07T22:59:13
dnn_oof_v1_fixed_5fold_10run_73configs,nuclear_receptor,Nuclear Receptor,22,LMF__VAE__80_20,LMF (VAE),LMF,VAE,80_20,80/20,7,5,1404,1314,90,0.9173789173789174,0.32894736842105265,0.2777777777777778,0.30120481927710846,0.6992770167427702,0.2059501453007815,b50b414d86b3f7607cfe2403ddfde53b0eb51d59c73788dd319b162f46798cff,not fixed; not saved,18.109774112701416,PASS,2026-09-07T23:07:18
dnn_oof_v1_fixed_5fold_10run_73configs,nuclear_receptor,Nuclear Receptor,22,LMF__VAE__80_20,LMF (VAE),LMF,VAE,80_20,80/20,8,5,1404,1314,90,0.9138176638176638,0.26153846153846155,0.18888888888888888,0.21935483870967742,0.6969051243023846,0.15488096430409964,b50b414d86b3f7607cfe2403ddfde53b0eb51d59c73788dd319b162f46798cff,not fixed; not saved,18.047078132629395,PASS,2026-09-07T23:15:21
dnn_oof_v1_fixed_5fold_10run_73configs,nuclear_receptor,Nuclear Receptor,22,LMF__VAE__80_20,LMF (VAE),LMF,VAE,80_20,80/20,9,5,1404,1314,90,0.9209401709401709,0.29411764705882354,0.16666666666666666,0.2127659574468085,0.6837772704211061,0.1964897058537773,b50b414d86b3f7607cfe2403ddfde53b0eb51d59c73788dd319b162f46798cff,not fixed; not saved,18.68336844444275,PASS,2026-09-07T23:23:30
dnn_oof_v1_fixed_5fold_10run_73configs,nuclear_receptor,Nuclear Receptor,22,LMF__VAE__80_20,LMF (VAE),LMF,VAE,80_20,80/20,10,5,1404,1314,90,0.9230769230769231,0.3269230769230769,0.18888888888888888,0.23943661971830985,0.6898274987316082,0.17843191427301702,b50b414d86b3f7607cfe2403ddfde53b0eb51d59c73788dd319b162f46798cff,not fixed; not saved,21.726341724395752,PASS,2026-09-07T23:31:33
dnn_oof_v1_fixed_5fold_10run_73configs,nuclear_receptor,Nuclear Receptor,23,LMF__VAE__85_15,LMF (VAE),LMF,VAE,85_15,85/15,1,5,1404,1314,90,0.9287749287749287,0.375,0.16666666666666666,0.23076923076923078,0.6858362929139183,0.18882291404679785,b50b414d86b3f7607cfe2403ddfde53b0eb51d59c73788dd319b162f46798cff,not fixed; not saved,18.129924774169922,PASS,2026-09-07T23:39:39
dnn_oof_v1_fixed_5fold_10run_73configs,nuclear_receptor,Nuclear Receptor,23,LMF__VAE__85_15,LMF (VAE),LMF,VAE,85_15,85/15,2,5,1404,1314,90,0.9237891737891738,0.34545454545454546,0.2111111111111111,0.2620689655172414,0.6911466260781329,0.1751110815253354,b50b414d86b3f7607cfe2403ddfde53b0eb51d59c73788dd319b162f46798cff,not fixed; not saved,17.939343690872192,PASS,2026-09-07T23:47:38
dnn_oof_v1_fixed_5fold_10run_73configs,nuclear_receptor,Nuclear Receptor,23,LMF__VAE__85_15,LMF (VAE),LMF,VAE,85_15,85/15,3,5,1404,1314,90,0.9145299145299145,0.32142857142857145,0.3,0.3103448275862069,0.7005665482834431,0.2048904723426862,b50b414d86b3f7607cfe2403ddfde53b0eb51d59c73788dd319b162f46798cff,not fixed; not saved,21.10951018333435,PASS,2026-09-07T23:55:39
dnn_oof_v1_fixed_5fold_10run_73configs,nuclear_receptor,Nuclear Receptor,23,LMF__VAE__85_15,LMF (VAE),LMF,VAE,85_15,85/15,4,5,1404,1314,90,0.9109686609686609,0.2839506172839506,0.25555555555555554,0.26900584795321636,0.6885168273296126,0.19015650901969738,b50b414d86b3f7607cfe2403ddfde53b0eb51d59c73788dd319b162f46798cff,not fixed; not saved,19.618252754211426,PASS,2026-09-08T00:03:45
dnn_oof_v1_fixed_5fold_10run_73configs,nuclear_receptor,Nuclear Receptor,23,LMF__VAE__85_15,LMF (VAE),LMF,VAE,85_15,85/15,5,5,1404,1314,90,0.9259259259259259,0.4,0.3111111111111111,0.35,0.7018645357686454,0.20118718247997044,b50b414d86b3f7607cfe2403ddfde53b0eb51d59c73788dd319b162f46798cff,not fixed; not saved,19.924020290374756,PASS,2026-09-08T00:11:50
dnn_oof_v1_fixed_5fold_10run_73configs,nuclear_receptor,Nuclear Receptor,23,LMF__VAE__85_15,LMF (VAE),LMF,VAE,85_15,85/15,6,5,1404,1314,90,0.9017094017094017,0.25510204081632654,0.2777777777777778,0.26595744680851063,0.6850245222391341,0.18178270978825337,b50b414d86b3f7607cfe2403ddfde53b0eb51d59c73788dd319b162f46798cff,not fixed; not saved,18.351725578308105,PASS,2026-09-08T00:19:56
dnn_oof_v1_fixed_5fold_10run_73configs,nuclear_receptor,Nuclear Receptor,23,LMF__VAE__85_15,LMF (VAE),LMF,VAE,85_15,85/15,7,5,1404,1314,90,0.9209401709401709,0.3333333333333333,0.23333333333333334,0.27450980392156865,0.6939244038559106,0.19622734949010778,b50b414d86b3f7607cfe2403ddfde53b0eb51d59c73788dd319b162f46798cff,not fixed; not saved,31.349388122558594,PASS,2026-09-08T00:28:10
dnn_oof_v1_fixed_5fold_10run_73configs,nuclear_receptor,Nuclear Receptor,23,LMF__VAE__85_15,LMF (VAE),LMF,VAE,85_15,85/15,8,5,1404,1314,90,0.9245014245014245,0.3333333333333333,0.17777777777777778,0.2318840579710145,0.6943641129714189,0.18334160760218782,b50b414d86b3f7607cfe2403ddfde53b0eb51d59c73788dd319b162f46798cff,not fixed; not saved,19.746168851852417,PASS,2026-09-08T00:36:13
dnn_oof_v1_fixed_5fold_10run_73configs,nuclear_receptor,Nuclear Receptor,23,LMF__VAE__85_15,LMF (VAE),LMF,VAE,85_15,85/15,9,5,1404,1314,90,0.9223646723646723,0.3333333333333333,0.2111111111111111,0.2585034013605442,0.6981735159817352,0.17558250584150042,b50b414d86b3f7607cfe2403ddfde53b0eb51d59c73788dd319b162f46798cff,not fixed; not saved,19.214343070983887,PASS,2026-09-08T00:44:19
dnn_oof_v1_fixed_5fold_10run_73configs,nuclear_receptor,Nuclear Receptor,23,LMF__VAE__85_15,LMF (VAE),LMF,VAE,85_15,85/15,10,5,1404,1314,90,0.915954415954416,0.29411764705882354,0.2222222222222222,0.25316455696202533,0.6762641637070861,0.1572281854663091,b50b414d86b3f7607cfe2403ddfde53b0eb51d59c73788dd319b162f46798cff,not fixed; not saved,19.021194219589233,PASS,2026-09-08T00:52:25
dnn_oof_v1_fixed_5fold_10run_73configs,nuclear_receptor,Nuclear Receptor,24,LMF__VAE__90_10,LMF (VAE),LMF,VAE,90_10,90/10,1,5,1404,1314,90,0.9287749287749287,0.3684210526315789,0.15555555555555556,0.21875,0.6867241670894639,0.18942613751022228,b50b414d86b3f7607cfe2403ddfde53b0eb51d59c73788dd319b162f46798cff,not fixed; not saved,18.624626874923706,PASS,2026-09-08T01:00:32
dnn_oof_v1_fixed_5fold_10run_73configs,nuclear_receptor,Nuclear Receptor,24,LMF__VAE__90_10,LMF (VAE),LMF,VAE,90_10,90/10,2,5,1404,1314,90,0.9131054131054132,0.2714285714285714,0.2111111111111111,0.2375,0.6659309994926434,0.18037935736988644,b50b414d86b3f7607cfe2403ddfde53b0eb51d59c73788dd319b162f46798cff,not fixed; not saved,19.23376226425171,PASS,2026-09-08T01:08:39
dnn_oof_v1_fixed_5fold_10run_73configs,nuclear_receptor,Nuclear Receptor,24,LMF__VAE__90_10,LMF (VAE),LMF,VAE,90_10,90/10,3,5,1404,1314,90,0.9252136752136753,0.2972972972972973,0.12222222222222222,0.1732283464566929,0.6763910028750212,0.1823068664404647,b50b414d86b3f7607cfe2403ddfde53b0eb51d59c73788dd319b162f46798cff,not fixed; not saved,19.106115341186523,PASS,2026-09-08T01:16:45
dnn_oof_v1_fixed_5fold_10run_73configs,nuclear_receptor,Nuclear Receptor,24,LMF__VAE__90_10,LMF (VAE),LMF,VAE,90_10,90/10,4,5,1404,1314,90,0.9131054131054132,0.28378378378378377,0.23333333333333334,0.25609756097560976,0.6911635379671909,0.17758612201989593,b50b414d86b3f7607cfe2403ddfde53b0eb51d59c73788dd319b162f46798cff,not fixed; not saved,20.194733142852783,PASS,2026-09-08T01:24:52
dnn_oof_v1_fixed_5fold_10run_73configs,nuclear_receptor,Nuclear Receptor,24,LMF__VAE__90_10,LMF (VAE),LMF,VAE,90_10,90/10,5,5,1404,1314,90,0.9166666666666666,0.2786885245901639,0.18888888888888888,0.2251655629139073,0.6809149331980382,0.1491537797000861,b50b414d86b3f7607cfe2403ddfde53b0eb51d59c73788dd319b162f46798cff,not fixed; not saved,20.362279891967773,PASS,2026-09-08T01:32:58
dnn_oof_v1_fixed_5fold_10run_73configs,nuclear_receptor,Nuclear Receptor,24,LMF__VAE__90_10,LMF (VAE),LMF,VAE,90_10,90/10,6,5,1404,1314,90,0.9230769230769231,0.3125,0.16666666666666666,0.21739130434782608,0.6799763233553188,0.1608716739406424,b50b414d86b3f7607cfe2403ddfde53b0eb51d59c73788dd319b162f46798cff,not fixed; not saved,19.698014974594116,PASS,2026-09-08T01:41:05
dnn_oof_v1_fixed_5fold_10run_73configs,nuclear_receptor,Nuclear Receptor,24,LMF__VAE__90_10,LMF (VAE),LMF,VAE,90_10,90/10,7,5,1404,1314,90,0.915954415954416,0.27419354838709675,0.18888888888888888,0.2236842105263158,0.6831134787755792,0.17992558920074989,b50b414d86b3f7607cfe2403ddfde53b0eb51d59c73788dd319b162f46798cff,not fixed; not saved,26.89980387687683,PASS,2026-09-08T01:49:20
dnn_oof_v1_fixed_5fold_10run_73configs,nuclear_receptor,Nuclear Receptor,24,LMF__VAE__90_10,LMF (VAE),LMF,VAE,90_10,90/10,8,5,1404,1314,90,0.9259259259259259,0.375,0.23333333333333334,0.2876712328767123,0.6824243192964654,0.24170335192559356,b50b414d86b3f7607cfe2403ddfde53b0eb51d59c73788dd319b162f46798cff,not fixed; not saved,21.092847108840942,PASS,2026-09-08T01:57:28
dnn_oof_v1_fixed_5fold_10run_73configs,nuclear_receptor,Nuclear Receptor,24,LMF__VAE__90_10,LMF (VAE),LMF,VAE,90_10,90/10,9,5,1404,1314,90,0.9123931623931624,0.2676056338028169,0.2111111111111111,0.2360248447204969,0.6723490613901573,0.15777269682036896,b50b414d86b3f7607cfe2403ddfde53b0eb51d59c73788dd319b162f46798cff,not fixed; not saved,19.308385610580444,PASS,2026-09-08T02:05:36
dnn_oof_v1_fixed_5fold_10run_73configs,nuclear_receptor,Nuclear Receptor,24,LMF__VAE__90_10,LMF (VAE),LMF,VAE,90_10,90/10,10,5,1404,1314,90,0.9081196581196581,0.2,0.14444444444444443,0.16774193548387098,0.6839252494503635,0.14407057000708096,b50b414d86b3f7607cfe2403ddfde53b0eb51d59c73788dd319b162f46798cff,not fixed; not saved,20.217540740966797,PASS,2026-09-08T02:13:43
